as_of,data_quality,dealer_consecutive_buy_days,dealer_consecutive_sell_days,dealer_flow_acceleration,dealer_net_10d,dealer_net_1d,dealer_net_20d,dealer_net_5d,foreign_buy_rank_10d,foreign_buy_rank_1d,foreign_buy_rank_20d,foreign_buy_rank_5d,foreign_consecutive_buy_days,foreign_consecutive_sell_days,foreign_flow_acceleration,foreign_net_10d,foreign_net_1d,foreign_net_20d,foreign_net_3d,foreign_net_5d,foreign_net_pct_volume,foreign_sell_rank_10d,foreign_sell_rank_1d,foreign_sell_rank_20d,foreign_sell_rank_5d,institutional_age_days,institutional_buy_rank_10d,institutional_buy_rank_1d,institutional_buy_rank_20d,institutional_buy_rank_5d,institutional_consecutive_buy_days,institutional_consecutive_sell_days,institutional_flow_acceleration,institutional_flow_grade,institutional_generated_at,institutional_net_10d,institutional_net_1d,institutional_net_20d,institutional_net_3d,institutional_net_5d,institutional_net_pct_volume,institutional_sell_rank_10d,institutional_sell_rank_1d,institutional_sell_rank_20d,institutional_sell_rank_5d,institutional_stale,market,name,price_response_to_flow,security_type,source,symbol,trust_buy_rank_10d,trust_buy_rank_1d,trust_buy_rank_20d,trust_buy_rank_5d,trust_consecutive_buy_days,trust_consecutive_sell_days,trust_flow_acceleration,trust_net_10d,trust_net_1d,trust_net_20d,trust_net_3d,trust_net_5d,trust_net_pct_volume,trust_sell_rank_10d,trust_sell_rank_1d,trust_sell_rank_20d,trust_sell_rank_5d
2026-08-28,GOOD,3,0,-99433,-17405,64542,397653,-58419,,,,,0,2,991,-18935,-6000,4098,-5997,-8972,,,,,,0,,,,,3,0,-38442,UNKNOWN,2026-08-28T08:30:26.820315+00:00,23660,58542,434751,94335,-7391,,,,,,False,OTC,元大富櫃50,UNKNOWN,warrant,TWSE_T86+TPEX_DAILY_TRADE_HIS,006201,,,,,0,0,60000,60000,0,33000,0,60000,,,,,
2026-08-28,GOOD,0,3,-2189120,-1958582,-3861917,28092040,-2073851,,,,,0,1,9464416,-12790856,-1223870,-44614804,-2090620,-1663220,,,,,,0,,,,,0,3,7475296,UNKNOWN,2026-08-28T08:30:26.820315+00:00,-14549438,-5085787,-16322764,-10404892,-3537071,,,,,,False,OTC,元大美債20年,UNKNOWN,ETF,TWSE_T86+TPEX_DAILY_TRADE_HIS,00679B,,,,,0,0,200000,200000,0,200000,200000,200000,,,,,
2026-08-28,GOOD,0,2,-24648770,40504092,-769859,92570837,7927661,,,,,0,1,7594468,-2595784,-885680,-35800623,2159342,2499342,,,,,,0,,,,,0,1,-17054302,UNKNOWN,2026-08-28T08:30:26.820315+00:00,37908308,-1655539,56770214,5160713,10427003,,,,,,False,OTC,國泰20年美債,UNKNOWN,ETF,TWSE_T86+TPEX_DAILY_TRADE_HIS,00687B,,,,,0,0,0,0,0,0,0,0,,,,,
2026-08-28,GOOD,0,0,0,0,0,0,0,,,,,0,0,0,0,0,0,0,0,,,,,,0,,,,,0,0,0,UNKNOWN,2026-08-28T08:30:26.820315+00:00,0,0,0,0,0,,,,,,False,OTC,國泰20年美債+櫃U,UNKNOWN,ETF,TWSE_T86+TPEX_DAILY_TRADE_HIS,00687C,,,,,0,0,0,0,0,0,0,0,,,,,
2026-08-28,GOOD,0,3,-93096,-16156,-29349,202402,-54626,,,,,0,0,41000,-73000,0,-239000,1000,-16000,,,,,,0,,,,,0,3,-52096,UNKNOWN,2026-08-28T08:30:26.820315+00:00,-89156,-29349,-36598,-72982,-70626,,,,,,False,OTC,富邦美債1-3,UNKNOWN,ETF,TWSE_T86+TPEX_DAILY_TRADE_HIS,00694B,,,,,0,0,0,0,0,0,0,0,,,,,
2026-08-28,GOOD,1,0,1216794,-669038,12070,-1117721,273878,,,,,0,1,68000,-76000,-2000,-423000,3000,-4000,,,,,,0,,,,,1,0,284794,UNKNOWN,2026-08-28T08:30:26.820315+00:00,254962,10070,209279,28787,269878,,,,,,False,OTC,富邦美債7-10,UNKNOWN,ETF,TWSE_T86+TPEX_DAILY_TRADE_HIS,00695B,,,,,0,0,-1000000,1000000,0,1750000,0,0,,,,,
2026-08-28,GOOD,0,2,-2413215,285529,-283985,-2166248,-1063843,,,,,3,0,2387000,1061000,226000,2816000,1752000,1724000,,,,,,0,,,,,0,1,-26215,UNKNOWN,2026-08-28T08:30:26.820315+00:00,1346529,-57985,649752,297677,660157,,,,,,False,OTC,富邦美債20年,UNKNOWN,ETF,TWSE_T86+TPEX_DAILY_TRADE_HIS,00696B,,,,,0,0,0,0,0,0,0,0,,,,,
2026-08-28,GOOD,0,5,74636,-1258692,-285914,-2083891,-592028,,,,,0,0,-1000,3000,0,26,0,1000,,,,,,0,,,,,0,5,73636,UNKNOWN,2026-08-28T08:30:26.820315+00:00,-1255692,-285914,-2083865,-414302,-591028,,,,,,False,OTC,元大美債7-10,UNKNOWN,ETF,TWSE_T86+TPEX_DAILY_TRADE_HIS,00697B,,,,,0,0,0,0,0,0,0,0,,,,,
2026-08-28,GOOD,0,3,-1801517,-8661653,-1583363,-2896953,-5231585,,,,,0,5,-154100,-827700,-70900,-3182544,-277900,-490900,,,,,,0,,,,,0,16,-1955617,UNKNOWN,2026-08-28T08:30:26.820315+00:00,-9489353,-1654263,-6079497,-4127426,-5722485,,,,,,False,OTC,元大美債1-3,UNKNOWN,ETF,TWSE_T86+TPEX_DAILY_TRADE_HIS,00719B,,,,,0,0,0,0,0,0,0,0,,,,,
2026-08-28,GOOD,1,0,30759,6426681,480026,20568305,3228720,,,,,0,1,4352200,5187800,-583000,300031,3720000,4770000,,,,,,0,,,,,0,1,4382959,UNKNOWN,2026-08-28T08:30:26.820315+00:00,11614481,-102974,20868336,3274559,7998720,,,,,,False,OTC,元大投資級公司債,UNKNOWN,ETF,TWSE_T86+TPEX_DAILY_TRADE_HIS,00720B,,,,,0,0,0,0,0,0,0,0,,,,,
2026-08-28,GOOD,0,3,-2015171,-3719045,-1097876,-4156817,-2867108,,,,,0,2,247000,-371000,-360000,-1495000,-411000,-62000,,,,,,0,,,,,0,3,-1768171,UNKNOWN,2026-08-28T08:30:26.820315+00:00,-4090045,-1457876,-5651817,-3079953,-2929108,,,,,,False,OTC,群益投資級電信債,UNKNOWN,ETF,TWSE_T86+TPEX_DAILY_TRADE_HIS,00722B,,,,,0,0,0,0,0,0,0,0,,,,,
2026-08-28,GOOD,0,3,197233,-548627,-9000,-637627,-175697,,,,,0,0,0,0,0,-6000,0,0,,,,,,0,,,,,0,3,197233,UNKNOWN,2026-08-28T08:30:26.820315+00:00,-548627,-9000,-643627,-178400,-175697,,,,,,False,OTC,群益投資級科技債,UNKNOWN,ETF,TWSE_T86+TPEX_DAILY_TRADE_HIS,00723B,,,,,0,0,0,0,0,0,0,0,,,,,
2026-08-28,GOOD,0,1,-74543,-402127,-165535,-986337,-238335,,,,,0,2,-29000,205000,-16000,-131000,12000,88000,,,,,,0,,,,,0,1,-103543,UNKNOWN,2026-08-28T08:30:26.820315+00:00,-197127,-181535,-1117337,-217885,-150335,,,,,,False,OTC,群益投資級金融債,UNKNOWN,ETF,TWSE_T86+TPEX_DAILY_TRADE_HIS,00724B,,,,,0,0,0,0,0,0,0,0,,,,,
2026-08-28,GOOD,0,3,-74855,-2854189,-179306,-4272741,-1464522,,,,,0,1,5804600,6126600,-423000,4659600,4056000,5965600,,,,,,0,,,,,0,1,5729745,UNKNOWN,2026-08-28T08:30:26.820315+00:00,3272411,-602306,386859,2058086,4501078,,,,,,False,OTC,國泰投資級公司債,UNKNOWN,ETF,TWSE_T86+TPEX_DAILY_TRADE_HIS,00725B,,,,,0,0,0,0,0,0,0,0,,,,,
2026-08-28,GOOD,0,1,423,74859,-1645,1418663,37641,,,,,0,0,140000,-128000,0,54000,6000,6000,,,,,,0,,,,,0,1,140423,UNKNOWN,2026-08-28T08:30:26.820315+00:00,-53141,-1645,1472663,6698,43641,,,,,,False,OTC,國泰新興投等債,UNKNOWN,ETF,TWSE_T86+TPEX_DAILY_TRADE_HIS,00726B,,,,,0,0,0,0,0,0,0,0,,,,,
2026-08-28,GOOD,1,0,517839,-346651,17000,-425971,85594,,,,,0,1,35000,-303000,-37000,-306000,-37000,-134000,,,,,,0,,,,,0,9,552839,UNKNOWN,2026-08-28T08:30:26.820315+00:00,-649651,-20000,-731971,-29436,-48406,,,,,,False,OTC,國泰優選非投等債,UNKNOWN,ETF,TWSE_T86+TPEX_DAILY_TRADE_HIS,00727B,,,,,0,0,0,0,0,0,0,0,,,,,
2026-08-28,GOOD,0,0,-24338,79000,0,,27331,,,,,0,0,36000,-64000,0,,0,-14000,,,,,,0,,,,,0,0,11662,UNKNOWN,2026-08-28T08:30:26.820315+00:00,15000,0,,11331,13331,,,,,,False,OTC,台新JPM新興債,UNKNOWN,ETF,TWSE_T86+TPEX_DAILY_TRADE_HIS,00734B,,,,,0,0,0,0,0,,0,0,,,,,
2026-08-28,GOOD,0,8,955645,-2935319,-45145,-4749781,-989837,,,,,0,1,445000,1269000,-23000,1098000,568000,857000,,,,,,0,,,,,0,1,632645,UNKNOWN,2026-08-28T08:30:26.820315+00:00,-34319,-68145,-1519781,279352,299163,,,,,,False,OTC,富邦全球投等債,UNKNOWN,ETF,TWSE_T86+TPEX_DAILY_TRADE_HIS,00740B,,,,,0,0,-768000,1632000,0,2132000,432000,432000,,,,,
2026-08-28,GOOD,0,5,5347,-47603,-9752,-37511,-21128,,,,,0,1,-37000,-5000,-9000,6000,-5000,-21000,,,,,,0,,,,,0,2,-31653,UNKNOWN,2026-08-28T08:30:26.820315+00:00,-52603,-18752,-31511,-18088,-42128,,,,,,False,OTC,富邦全球非投等債,UNKNOWN,ETF,TWSE_T86+TPEX_DAILY_TRADE_HIS,00741B,,,,,0,0,0,0,0,0,0,0,,,,,
2026-08-28,GOOD,0,1,-452632,204324,-4941,640731,-124154,,,,,0,0,67000,175000,0,-253000,46000,121000,,,,,,0,,,,,0,1,-385632,UNKNOWN,2026-08-28T08:30:26.820315+00:00,379324,-4941,387731,-6014,-3154,,,,,,False,OTC,富邦A級公司債,UNKNOWN,ETF,TWSE_T86+TPEX_DAILY_TRADE_HIS,00746B,,,,,0,0,0,0,0,0,0,0,,,,,
2026-08-28,GOOD,0,0,-72000,356000,0,342000,142000,,,,,0,0,102000,-346000,0,-335000,0,-122000,,,,,,0,,,,,0,0,30000,UNKNOWN,2026-08-28T08:30:26.820315+00:00,10000,0,7000,5000,20000,,,,,,False,OTC,凱基新興債10+,UNKNOWN,ETF,TWSE_T86+TPEX_DAILY_TRADE_HIS,00749B,,,,,0,0,0,0,0,0,0,0,,,,,
2026-08-28,GOOD,0,0,-61000,71000,0,234000,5000,,,,,0,0,62000,-72000,0,-235000,3000,-5000,,,,,,0,,,,,0,0,1000,UNKNOWN,2026-08-28T08:30:26.820315+00:00,-1000,0,-1000,0,0,,,,,,False,OTC,凱基科技債10+,UNKNOWN,ETF,TWSE_T86+TPEX_DAILY_TRADE_HIS,00750B,,,,,0,0,0,0,0,0,0,0,,,,,
2026-08-28,GOOD,0,3,-965236,-14177130,-1654475,-15419399,-7571183,,,,,0,1,2279881,3289719,-907950,-757505,2952050,2784800,,,,,,0,,,,,0,2,1314645,UNKNOWN,2026-08-28T08:30:26.820315+00:00,-10887411,-2562425,-16176904,-1898244,-4786383,,,,,,False,OTC,元大AAA至A公司債,UNKNOWN,ETF,TWSE_T86+TPEX_DAILY_TRADE_HIS,00751B,,,,,0,0,0,0,0,0,0,0,,,,,
2026-08-28,GOOD,3,0,54568,61460,993,-33258,58014,,,,,0,2,-27000,-29000,-3000,-32000,-28000,-28000,,,,,,0,,,,,0,2,27568,UNKNOWN,2026-08-28T08:30:26.820315+00:00,32460,-2007,-65258,5693,30014,,,,,,False,OTC,群益AAA-AA公司債,UNKNOWN,ETF,TWSE_T86+TPEX_DAILY_TRADE_HIS,00754B,,,,,0,0,0,0,0,0,0,0,,,,,
2026-08-28,GOOD,1,0,89004,-8740,15122,-114023,40132,,,,,0,0,-23000,-21000,0,2000,-22000,-22000,,,,,,0,,,,,1,0,66004,UNKNOWN,2026-08-28T08:30:26.820315+00:00,-29740,15122,-112023,13131,18132,,,,,,False,OTC,群益投資級公用債,UNKNOWN,ETF,TWSE_T86+TPEX_DAILY_TRADE_HIS,00755B,,,,,0,0,0,0,0,0,0,0,,,,,
2026-08-28,GOOD,1,0,464460,-393530,19500,-504334,35465,,,,,0,1,-46000,30000,-33000,-185000,-16000,-8000,,,,,,0,,,,,0,2,418460,UNKNOWN,2026-08-28T08:30:26.820315+00:00,-363530,-13500,-689334,-6280,27465,,,,,,False,OTC,群益投等新興公債,UNKNOWN,ETF,TWSE_T86+TPEX_DAILY_TRADE_HIS,00756B,,,,,0,0,0,0,0,0,0,0,,,,,
2026-08-28,GOOD,0,0,1397,-1395,0,-4872,1,,,,,0,0,0,0,0,0,0,0,,,,,,0,,,,,0,0,1397,UNKNOWN,2026-08-28T08:30:26.820315+00:00,-1395,0,-4872,1,1,,,,,,False,OTC,復華能源債,UNKNOWN,ETF,TWSE_T86+TPEX_DAILY_TRADE_HIS,00758B,,,,,0,0,0,0,0,0,0,0,,,,,
2026-08-28,GOOD,0,2,-732,-2200,-600,-2361,-1466,,,,,0,0,0,0,0,-1000,0,0,,,,,,0,,,,,0,2,-732,UNKNOWN,2026-08-28T08:30:26.820315+00:00,-2200,-600,-3361,534,-1466,,,,,,False,OTC,復華製藥債,UNKNOWN,ETF,TWSE_T86+TPEX_DAILY_TRADE_HIS,00759B,,,,,0,0,0,0,0,0,0,0,,,,,
2026-08-28,GOOD,1,0,14255,-29909,1642,-24190,-7827,,,,,0,0,0,-2000,0,-48000,-1000,-1000,,,,,,0,,,,,1,0,14255,UNKNOWN,2026-08-28T08:30:26.820315+00:00,-31909,1642,-72190,-4863,-8827,,,,,,False,OTC,復華新興企業債,UNKNOWN,ETF,TWSE_T86+TPEX_DAILY_TRADE_HIS,00760B,,,,,0,0,0,0,0,0,0,0,,,,,
2026-08-28,GOOD,0,6,77899,-404413,-107387,-877692,-163257,,,,,1,0,176970,203030,79000,128030,161000,190000,,,,,,0,,,,,0,2,254869,UNKNOWN,2026-08-28T08:30:26.820315+00:00,-201383,-28387,-749662,2099,26743,,,,,,False,OTC,國泰A級公司債,UNKNOWN,ETF,TWSE_T86+TPEX_DAILY_TRADE_HIS,00761B,,,,,0,0,0,0,0,0,0,0,,,,,
2026-08-28,GOOD,2,0,242252,573624,91229,366163,407938,,,,,1,0,523195,-330805,19195,439195,98195,96195,,,,,,0,,,,,5,0,765447,UNKNOWN,2026-08-28T08:30:26.820315+00:00,242819,110424,805358,210156,504133,,,,,,False,OTC,群益25年美債,UNKNOWN,ETF,TWSE_T86+TPEX_DAILY_TRADE_HIS,00764B,,,,,0,0,0,0,0,0,0,0,,,,,
2026-08-28,GOOD,0,2,675533,-816039,-74801,-1031389,-70253,,,,,0,1,-46000,64000,-11000,-61000,20000,9000,,,,,,0,,,,,0,2,629533,UNKNOWN,2026-08-28T08:30:26.820315+00:00,-752039,-85801,-1092389,-94763,-61253,,,,,,False,OTC,復華20年美債,UNKNOWN,ETF,TWSE_T86+TPEX_DAILY_TRADE_HIS,00768B,,,,,0,0,0,0,0,0,0,0,,,,,
2026-08-28,GOOD,0,1,860120,-1226532,-329217,-429529,-183206,,,,,0,1,437860,1735860,-267000,-417140,618860,1086860,,,,,,0,,,,,0,1,1297980,UNKNOWN,2026-08-28T08:30:26.820315+00:00,509328,-596217,-846669,-119816,903654,,,,,,False,OTC,中信高評級公司債,UNKNOWN,ETF,TWSE_T86+TPEX_DAILY_TRADE_HIS,00772B,,,,,0,0,0,0,0,0,0,0,,,,,
2026-08-28,GOOD,0,1,-701907,760819,-92296,114991,29456,,,,,0,1,-130000,466000,-6000,284000,40000,168000,,,,,,0,,,,,0,1,-831907,UNKNOWN,2026-08-28T08:30:26.820315+00:00,1226819,-98296,398991,-69227,197456,,,,,,False,OTC,中信優先金融債,UNKNOWN,ETF,TWSE_T86+TPEX_DAILY_TRADE_HIS,00773B,,,,,0,0,0,0,0,0,0,0,,,,,
2026-08-28,GOOD,0,0,-60000,74000,0,184000,7000,,,,,0,0,60000,-78000,0,-222000,-1000,-9000,,,,,,0,,,,,0,0,0,UNKNOWN,2026-08-28T08:30:26.820315+00:00,-4000,0,-38000,0,-2000,,,,,,False,OTC,凱基AAA至A公司債,UNKNOWN,ETF,TWSE_T86+TPEX_DAILY_TRADE_HIS,00777B,,,,,0,0,0,0,0,0,0,0,,,,,
2026-08-28,GOOD,0,0,-6000,2000,0,-64000,-2000,,,,,0,0,-1000,5000,0,72000,0,2000,,,,,,0,,,,,0,0,-7000,UNKNOWN,2026-08-28T08:30:26.820315+00:00,7000,0,8000,0,0,,,,,,False,OTC,凱基金融債20+,UNKNOWN,ETF,TWSE_T86+TPEX_DAILY_TRADE_HIS,00778B,,,,,0,0,0,0,0,0,0,0,,,,,
2026-08-28,GOOD,1,0,52000,160000,15000,140000,106000,,,,,0,1,-42000,-66000,-4000,33000,-53000,-54000,,,,,,0,,,,,1,0,10000,UNKNOWN,2026-08-28T08:30:26.820315+00:00,94000,11000,173000,39000,52000,,,,,,False,OTC,凱基美債25+,UNKNOWN,ETF,TWSE_T86+TPEX_DAILY_TRADE_HIS,00779B,,,,,0,0,0,0,0,0,0,0,,,,,
2026-08-28,GOOD,2,0,47556,-38244,5000,12809,4656,,,,,0,1,-2000,-2000,-1000,-56000,-1000,-2000,,,,,,0,,,,,2,0,45556,UNKNOWN,2026-08-28T08:30:26.820315+00:00,-40244,4000,-43191,5955,2656,,,,,,False,OTC,國泰A級金融債,UNKNOWN,ETF,TWSE_T86+TPEX_DAILY_TRADE_HIS,00780B,,,,,0,0,0,0,0,0,0,0,,,,,
2026-08-28,GOOD,0,2,141026,-81450,-10416,-2466,29788,,,,,0,0,0,0,0,0,0,0,,,,,,0,,,,,0,2,141026,UNKNOWN,2026-08-28T08:30:26.820315+00:00,-81450,-10416,-2466,9721,29788,,,,,,False,OTC,國泰A級科技債,UNKNOWN,ETF,TWSE_T86+TPEX_DAILY_TRADE_HIS,00781B,,,,,0,0,0,0,0,0,0,0,,,,,
2026-08-28,GOOD,0,3,-106643,-151685,-56060,-451208,-129164,,,,,0,0,-13000,13000,0,23000,0,0,,,,,,0,,,,,0,3,-119643,UNKNOWN,2026-08-28T08:30:26.820315+00:00,-138685,-56060,-428208,-116164,-129164,,,,,,False,OTC,國泰A級公用債,UNKNOWN,ETF,TWSE_T86+TPEX_DAILY_TRADE_HIS,00782B,,,,,0,0,0,0,0,0,0,0,,,,,
2026-08-28,GOOD,0,1,-166760,128570,-19927,26549,-19095,,,,,1,0,174000,-124000,20000,-22000,20000,25000,,,,,,0,,,,,2,0,7240,UNKNOWN,2026-08-28T08:30:26.820315+00:00,4570,73,4549,1044,5905,,,,,,False,OTC,富邦金融投等債,UNKNOWN,ETF,TWSE_T86+TPEX_DAILY_TRADE_HIS,00785B,,,,,0,0,0,0,0,0,0,0,,,,,
2026-08-28,GOOD,5,0,68961,101555,8782,460600,85258,,,,,0,1,0,-12000,-7000,-84000,-7000,-6000,,,,,,0,,,,,5,0,68961,UNKNOWN,2026-08-28T08:30:26.820315+00:00,89555,1782,376600,11791,79258,,,,,,False,OTC,元大10年IG銀行債,UNKNOWN,ETF,TWSE_T86+TPEX_DAILY_TRADE_HIS,00786B,,,,,0,0,0,0,0,0,0,0,,,,,
2026-08-28,GOOD,1,0,21652,11758,9300,98187,16705,,,,,0,0,10000,-10000,0,-14000,0,0,,,,,,0,,,,,1,0,31652,UNKNOWN,2026-08-28T08:30:26.820315+00:00,1758,9300,84187,12705,16705,,,,,,False,OTC,元大10年IG醫療債,UNKNOWN,ETF,TWSE_T86+TPEX_DAILY_TRADE_HIS,00787B,,,,,0,0,0,0,0,0,0,0,,,,,
2026-08-28,GOOD,9,0,52300,200866,62971,353966,126583,,,,,0,1,22000,-22000,-1000,-30000,-1000,0,,,,,,0,,,,,5,0,74300,UNKNOWN,2026-08-28T08:30:26.820315+00:00,178866,61971,323966,67471,126583,,,,,,False,OTC,元大10年IG電能債,UNKNOWN,ETF,TWSE_T86+TPEX_DAILY_TRADE_HIS,00788B,,,,,0,0,0,0,0,0,0,0,,,,,
2026-08-28,GOOD,0,0,-159061,178983,0,221692,9961,,,,,0,0,177000,-185000,0,-220000,0,-4000,,,,,,0,,,,,0,0,17939,UNKNOWN,2026-08-28T08:30:26.820315+00:00,-6017,0,1692,-4039,5961,,,,,,False,OTC,復華公司債A3,UNKNOWN,ETF,TWSE_T86+TPEX_DAILY_TRADE_HIS,00789B,,,,,0,0,0,0,0,0,0,0,,,,,
2026-08-28,GOOD,0,1,6699,-8697,-1000,100278,-999,,,,,0,0,5000,-5000,0,-142000,0,0,,,,,,0,,,,,0,1,11699,UNKNOWN,2026-08-28T08:30:26.820315+00:00,-13697,-1000,-41722,-999,-999,,,,,,False,OTC,復華信用債1-5,UNKNOWN,ETF,TWSE_T86+TPEX_DAILY_TRADE_HIS,00791B,,,,,0,0,0,0,0,0,0,0,,,,,
2026-08-28,GOOD,0,2,2772,-14060,-2000,-52105,-5644,,,,,0,4,-14000,-16000,-2000,26000,-14000,-15000,,,,,,0,,,,,0,3,-11228,UNKNOWN,2026-08-28T08:30:26.820315+00:00,-30060,-4000,-26105,-31464,-20644,,,,,,False,OTC,群益A級公司債,UNKNOWN,ETF,TWSE_T86+TPEX_DAILY_TRADE_HIS,00792B,,,,,0,0,0,0,0,0,0,0,,,,,
2026-08-28,GOOD,9,0,150200,253234,93293,,201717,,,,,0,0,-15000,-25000,0,,0,-20000,,,,,,0,,,,,8,0,135200,UNKNOWN,2026-08-28T08:30:26.820315+00:00,228234,93293,,177314,181717,,,,,,False,OTC,群益AAA-A醫療債,UNKNOWN,ETF,TWSE_T86+TPEX_DAILY_TRADE_HIS,00793B,,,,,0,0,0,0,0,,0,0,,,,,
2026-08-28,GOOD,0,1,2674077,1235583,-744012,-3189798,1954830,,,,,0,1,1464000,-664000,-80000,-2665926,186000,400000,,,,,,0,,,,,0,1,4138077,UNKNOWN,2026-08-28T08:30:26.820315+00:00,571583,-824012,-5855724,925980,2354830,,,,,,False,OTC,中信美國公債20年,UNKNOWN,ETF,TWSE_T86+TPEX_DAILY_TRADE_HIS,00795B,,,,,0,0,0,0,0,0,0,0,,,,,
2026-08-28,GOOD,8,0,200834,484456,55992,173660,342645,,,,,0,7,-35000,-311000,-46000,-300000,-82000,-173000,,,,,,0,,,,,5,0,165834,UNKNOWN,2026-08-28T08:30:26.820315+00:00,173456,9992,-126340,53400,169645,,,,,,False,OTC,國泰A級醫療債,UNKNOWN,ETF,TWSE_T86+TPEX_DAILY_TRADE_HIS,00799B,,,,,0,0,0,0,0,0,0,0,,,,,
2026-08-28,GOOD,1,0,14000,52000,33000,190000,33000,,,,,0,1,-14000,-52000,-33000,-195000,-33000,-33000,,,,,,0,,,,,0,0,0,UNKNOWN,2026-08-28T08:30:26.820315+00:00,0,0,-5000,0,0,,,,,,False,OTC,第一金金融債10+,UNKNOWN,ETF,TWSE_T86+TPEX_DAILY_TRADE_HIS,00834B,,,,,0,0,0,0,0,0,0,0,,,,,
2026-08-28,GOOD,0,0,-193337,381725,0,,94194,,,,,0,1,221000,-421000,-6000,,6000,-100000,,,,,,0,,,,,0,2,27663,UNKNOWN,2026-08-28T08:30:26.820315+00:00,-39275,-6000,,5500,-5806,,,,,,False,OTC,永豐10年A公司債,UNKNOWN,ETF,TWSE_T86+TPEX_DAILY_TRADE_HIS,00836B,,,,,0,0,0,0,0,,0,0,,,,,
2026-08-28,GOOD,0,0,-2000,-4000,0,-7000,-3000,,,,,0,0,0,0,0,0,0,0,,,,,,0,,,,,0,0,-2000,UNKNOWN,2026-08-28T08:30:26.820315+00:00,-4000,0,-7000,0,-3000,,,,,,False,OTC,凱基IG精選15+,UNKNOWN,ETF,TWSE_T86+TPEX_DAILY_TRADE_HIS,00840B,,,,,0,0,0,0,0,0,0,0,,,,,
2026-08-28,GOOD,0,0,4000,2000,0,8000,3000,,,,,0,0,-1000,-1000,0,9000,0,-1000,,,,,,0,,,,,0,0,3000,UNKNOWN,2026-08-28T08:30:26.820315+00:00,1000,0,17000,0,2000,,,,,,False,OTC,凱基AAA-AA公司債,UNKNOWN,ETF,TWSE_T86+TPEX_DAILY_TRADE_HIS,00841B,,,,,0,0,0,0,0,0,0,0,,,,,
2026-08-28,GOOD,0,4,500059,-831289,-97672,-2601054,-165615,,,,,0,2,-43000,67000,-16000,56000,-13000,12000,,,,,,0,,,,,0,4,457059,UNKNOWN,2026-08-28T08:30:26.820315+00:00,-764289,-113672,-2545054,-171421,-153615,,,,,,False,OTC,台新美元銀行債,UNKNOWN,ETF,TWSE_T86+TPEX_DAILY_TRADE_HIS,00842B,,,,,0,0,0,0,0,0,0,0,,,,,
2026-08-28,GOOD,0,0,-151648,203648,0,,26000,,,,,0,0,161000,-207000,0,,0,-23000,,,,,,0,,,,,0,0,9352,UNKNOWN,2026-08-28T08:30:26.820315+00:00,-3352,0,,3000,3000,,,,,,False,OTC,台新15年IG金融債,UNKNOWN,ETF,TWSE_T86+TPEX_DAILY_TRADE_HIS,00844B,,,,,0,0,0,0,0,,0,0,,,,,
2026-08-28,GOOD,0,2,-129680,177526,-1000,239329,23923,,,,,1,0,101000,-151000,1000,-215000,1000,-25000,,,,,,0,,,,,0,0,-28680,UNKNOWN,2026-08-28T08:30:26.820315+00:00,26526,0,24329,-77,-1077,,,,,,False,OTC,富邦新興投等債,UNKNOWN,ETF,TWSE_T86+TPEX_DAILY_TRADE_HIS,00845B,,,,,0,0,0,0,0,0,0,0,,,,,
2026-08-28,GOOD,0,2,-15609,6903,-1088,-1327,-4353,,,,,0,0,5000,1000,0,-2000,3000,3000,,,,,,0,,,,,0,2,-10609,UNKNOWN,2026-08-28T08:30:26.820315+00:00,7903,-1088,-3327,-1165,-1353,,,,,,False,OTC,富邦歐洲銀行債,UNKNOWN,ETF,TWSE_T86+TPEX_DAILY_TRADE_HIS,00846B,,,,,0,0,0,0,0,0,0,0,,,,,
2026-08-28,GOOD,1,0,-8707,37887,1690,177066,14590,,,,,0,0,10000,-34000,0,-148000,0,-12000,,,,,,0,,,,,1,0,1293,UNKNOWN,2026-08-28T08:30:26.820315+00:00,3887,1690,29066,1690,2590,,,,,,False,OTC,中信美國市政債,UNKNOWN,ETF,TWSE_T86+TPEX_DAILY_TRADE_HIS,00847B,,,,,0,0,0,0,0,0,0,0,,,,,
2026-08-28,GOOD,0,1,-85940,49934,-9001,-42163,-18003,,,,,1,0,75000,-49000,9000,42000,20000,13000,,,,,,0,,,,,0,1,-10940,UNKNOWN,2026-08-28T08:30:26.820315+00:00,934,-1,-163,-5001,-5003,,,,,,False,OTC,中信新興亞洲債,UNKNOWN,ETF,TWSE_T86+TPEX_DAILY_TRADE_HIS,00848B,,,,,0,0,0,0,0,0,0,0,,,,,
2026-08-28,GOOD,0,3,109532,-29530,-11013,181454,40001,,,,,1,0,24000,-54000,13000,-310000,14000,-15000,,,,,,0,,,,,1,0,133532,UNKNOWN,2026-08-28T08:30:26.820315+00:00,-83530,1987,-128546,-1485,25001,,,,,,False,OTC,中信EM主權債0-5,UNKNOWN,ETF,TWSE_T86+TPEX_DAILY_TRADE_HIS,00849B,,,,,0,0,0,0,0,0,0,0,,,,,
2026-08-28,GOOD,2,0,-50441,72051,7024,198909,10805,,,,,0,1,73000,-71000,-11000,-183000,7000,1000,,,,,,0,,,,,0,1,22559,UNKNOWN,2026-08-28T08:30:26.820315+00:00,1051,-3976,15909,12314,11805,,,,,,False,OTC,統一美債10年Aa-A,UNKNOWN,ETF,TWSE_T86+TPEX_DAILY_TRADE_HIS,00853B,,,,,0,0,0,0,0,0,0,0,,,,,
2026-08-28,GOOD,1,0,84576,-1510,73613,,41533,,,,,0,1,-213000,-137000,-196000,,-196000,-175000,,,,,,0,,,,,0,4,-128424,UNKNOWN,2026-08-28T08:30:26.820315+00:00,-138510,-122387,,-127387,-133467,,,,,,False,OTC,永豐1-3年美公債,UNKNOWN,ETF,TWSE_T86+TPEX_DAILY_TRADE_HIS,00856B,,,,,0,0,0,0,0,,0,0,,,,,
2026-08-28,GOOD,0,1,-646403,1376429,-465686,6298610,365013,,,,,1,0,667000,71000,148000,263000,189000,369000,,,,,,0,,,,,0,1,20597,UNKNOWN,2026-08-28T08:30:26.820315+00:00,1447429,-317686,6561610,129929,734013,,,,,,False,OTC,永豐20年美公債,UNKNOWN,ETF,TWSE_T86+TPEX_DAILY_TRADE_HIS,00857B,,,,,0,0,0,0,0,0,0,0,,,,,
2026-08-28,GOOD,0,4,20545,-1183257,-302924,-126863,-581356,,,,,0,1,53255,-245055,-4000,8920,-64000,-95900,,,,,,0,,,,,0,9,73800,UNKNOWN,2026-08-28T08:30:26.820315+00:00,-1428312,-306924,-117943,-573944,-677256,,,,,,False,OTC,永豐美國500大,UNKNOWN,ETF,TWSE_T86+TPEX_DAILY_TRADE_HIS,00858,,,,,0,0,0,0,0,0,0,0,,,,,
2026-08-28,GOOD,0,15,-88186,-2226700,-324001,-4400568,-1157443,,,,,0,3,-384000,-32000,-8000,-100000,-130000,-208000,,,,,,0,,,,,0,19,-472186,UNKNOWN,2026-08-28T08:30:26.820315+00:00,-2258700,-332001,-4500568,-1069092,-1365443,,,,,,False,OTC,群益0-1年美債,UNKNOWN,ETF,TWSE_T86+TPEX_DAILY_TRADE_HIS,00859B,,,,,0,0,0,0,0,0,0,0,,,,,
2026-08-28,GOOD,0,3,17053,-149225,-31201,-149457,-66086,,,,,0,0,0,0,0,0,0,0,,,,,,0,,,,,0,3,17053,UNKNOWN,2026-08-28T08:30:26.820315+00:00,-149225,-31201,-149457,-59705,-66086,,,,,,False,OTC,群益1-5Y投資級債,UNKNOWN,ETF,TWSE_T86+TPEX_DAILY_TRADE_HIS,00860B,,,,,0,0,0,0,0,0,0,0,,,,,
2026-08-28,GOOD,0,1,785,-48461,-24000,191693,-23838,,,,,1,0,29000,3000,2000,-158000,26000,16000,,,,,,0,,,,,0,1,29785,UNKNOWN,2026-08-28T08:30:26.820315+00:00,-45461,-22000,33693,-1917,-7838,,,,,,False,OTC,中信投資級公司債,UNKNOWN,ETF,TWSE_T86+TPEX_DAILY_TRADE_HIS,00862B,,,,,0,0,0,0,0,0,0,0,,,,,
2026-08-28,GOOD,4,0,269915,53851,61883,354011,161883,,,,,0,4,-238000,-106000,-59000,-468000,-170000,-172000,,,,,,0,,,,,1,0,31915,UNKNOWN,2026-08-28T08:30:26.820315+00:00,-52149,2883,-113989,-11117,-10117,,,,,,False,OTC,中信全球電信債,UNKNOWN,ETF,TWSE_T86+TPEX_DAILY_TRADE_HIS,00863B,,,,,0,0,0,0,0,0,0,0,,,,,
2026-08-28,GOOD,0,3,-754633,-3690747,-415000,-7171504,-2222690,,,,,1,0,-96000,-58000,91000,15500,-103000,-77000,,,,,,0,,,,,0,3,-850633,UNKNOWN,2026-08-28T08:30:26.820315+00:00,-3748747,-324000,-7156004,-2387248,-2299690,,,,,,False,OTC,中信美國公債0-1,UNKNOWN,ETF,TWSE_T86+TPEX_DAILY_TRADE_HIS,00864B,,,,,0,0,0,0,0,0,0,0,,,,,
2026-08-28,GOOD,0,2,-76318,59370,-24000,,-8474,,,,,1,0,79000,-71000,24000,,4000,4000,,,,,,0,,,,,0,0,2682,UNKNOWN,2026-08-28T08:30:26.820315+00:00,-11630,0,,-5030,-4474,,,,,,False,OTC,台新A-BBB電信債,UNKNOWN,ETF,TWSE_T86+TPEX_DAILY_TRADE_HIS,00867B,,,,,0,0,0,0,0,,0,0,,,,,
2026-08-28,GOOD,0,0,-38397,-3069,0,-80497,-20733,,,,,0,0,71000,9000,0,109000,80000,40000,,,,,,0,,,,,0,0,32603,UNKNOWN,2026-08-28T08:30:26.820315+00:00,5931,0,28503,0,19267,,,,,,False,OTC,元大15年EM主權債,UNKNOWN,ETF,TWSE_T86+TPEX_DAILY_TRADE_HIS,00870B,,,,,0,0,0,0,0,0,0,0,,,,,
2026-08-28,GOOD,2,0,910508,-3424438,215220,-9101375,-1256965,,,,,0,1,68907,-49607,-135300,892743,-207350,9650,,,,,,0,,,,,2,0,979415,UNKNOWN,2026-08-28T08:30:26.820315+00:00,-3474045,79920,-8208632,1221635,-1247315,,,,,,False,OTC,復華中國5G,UNKNOWN,ETF,TWSE_T86+TPEX_DAILY_TRADE_HIS,00877,,,,,0,0,0,0,0,0,0,0,,,,,
2026-08-28,GOOD,1,0,15269,5917,635,-1052,10593,,,,,0,0,0,0,0,0,0,0,,,,,,0,,,,,1,0,15269,UNKNOWN,2026-08-28T08:30:26.820315+00:00,5917,635,-1052,-983,10593,,,,,,False,OTC,中信低碳新興債,UNKNOWN,ETF,TWSE_T86+TPEX_DAILY_TRADE_HIS,00884B,,,,,0,0,0,0,0,0,0,0,,,,,
2026-08-28,GOOD,2,0,-2410,10482,3758,31651,4036,,,,,0,0,0,0,0,0,0,0,,,,,,0,,,,,2,0,-2410,UNKNOWN,2026-08-28T08:30:26.820315+00:00,10482,3758,31651,4621,4036,,,,,,False,OTC,永豐美國科技,UNKNOWN,ETF,TWSE_T86+TPEX_DAILY_TRADE_HIS,00886,,,,,0,0,0,0,0,0,0,0,,,,,
2026-08-28,GOOD,2,0,-5069585,-6349527,50242,-12355023,-5709556,,,,,0,1,1998900,-2248900,-456000,-7734795,-347000,-125000,,,,,,0,,,,,0,1,-3070685,UNKNOWN,2026-08-28T08:30:26.820315+00:00,-8598427,-405758,-20089818,-83991,-5834556,,,,,,False,OTC,永豐中國科技50大,UNKNOWN,ETF,TWSE_T86+TPEX_DAILY_TRADE_HIS,00887,,,,,0,0,0,0,0,0,0,0,,,,,
2026-08-28,GOOD,3,0,4009512,8167762,3199278,23019034,6088637,,,,,3,0,2742695,2609965,3029401,11652067,3144087,2676330,,,,,,0,,,,,3,0,6752207,UNKNOWN,2026-08-28T08:30:26.820315+00:00,10777727,6228679,34671101,8052866,8764967,,,,,,False,OTC,永豐台灣ESG,UNKNOWN,ETF,TWSE_T86+TPEX_DAILY_TRADE_HIS,00888,,,,,0,0,0,0,0,0,0,0,,,,,
2026-08-28,GOOD,1,0,-14000,62000,2000,134000,24000,,,,,0,0,19000,-25000,0,-79000,-2000,-3000,,,,,,0,,,,,1,0,5000,UNKNOWN,2026-08-28T08:30:26.820315+00:00,37000,2000,55000,7000,21000,,,,,,False,OTC,凱基ESG BBB債15+,UNKNOWN,ETF,TWSE_T86+TPEX_DAILY_TRADE_HIS,00890B,,,,,0,0,0,0,0,0,0,0,,,,,
2026-08-28,GOOD,4,0,92618,765248,242039,1399172,428933,,,,,0,2,37648,-93552,-17900,-33736,-29900,-27952,,,,,,0,,,,,4,0,130266,UNKNOWN,2026-08-28T08:30:26.820315+00:00,671696,224139,1365436,412135,400981,,,,,,False,OTC,中信上櫃ESG 30,UNKNOWN,ETF,TWSE_T86+TPEX_DAILY_TRADE_HIS,00928,,,,,0,0,0,0,0,0,0,0,,,,,
2026-08-28,GOOD,5,0,1313880,3333020,637057,4798407,2323450,,,,,0,1,-179000,191000,-170000,374000,188000,6000,,,,,,0,,,,,8,0,1134880,UNKNOWN,2026-08-28T08:30:26.820315+00:00,3524020,467057,5172407,1647924,2329450,,,,,,False,OTC,統一美債20年,UNKNOWN,ETF,TWSE_T86+TPEX_DAILY_TRADE_HIS,00931B,,,,,0,0,0,0,0,0,0,0,,,,,
2026-08-28,GOOD,0,2,26976414,-26779674,-2897597,-55835076,98370,,,,,0,1,933550,1067550,-444950,-2799128,387050,1000550,,,,,,0,,,,,0,2,27909964,UNKNOWN,2026-08-28T08:30:26.820315+00:00,-25712124,-3342547,-58634204,-2335693,1098920,,,,,,False,OTC,國泰10Y+金融債,UNKNOWN,ETF,TWSE_T86+TPEX_DAILY_TRADE_HIS,00933B,,,,,0,0,0,0,0,0,0,0,,,,,
2026-08-28,GOOD,0,1,100096292,-73813696,-3995445,-172754807,13141298,,,,,0,1,69876205,17970787,-2261644,-36302141,23270996,43923496,,,,,,0,,,,,0,1,169972497,UNKNOWN,2026-08-28T08:30:26.820315+00:00,-55842909,-6257089,-209056948,24225405,57064794,,,,,,False,OTC,群益ESG投等債20+,UNKNOWN,ETF,TWSE_T86+TPEX_DAILY_TRADE_HIS,00937B,,,,,0,0,0,0,0,0,0,0,,,,,
2026-08-28,GOOD,4,0,286187,357799,161302,2098516,321993,,,,,0,1,252000,304000,-204000,-499000,-66000,278000,,,,,,0,,,,,0,1,538187,UNKNOWN,2026-08-28T08:30:26.820315+00:00,661799,-42698,1599516,376566,599993,,,,,,False,OTC,台新美A公司債20+,UNKNOWN,ETF,TWSE_T86+TPEX_DAILY_TRADE_HIS,00942B,,,,,0,0,0,0,0,0,0,0,,,,,
2026-08-28,GOOD,3,0,7335862,-3882668,214855,-18120909,1726597,,,,,0,0,3245000,5657000,0,5639000,1916000,4451000,,,,,,0,,,,,5,0,10580862,UNKNOWN,2026-08-28T08:30:26.820315+00:00,1774332,214855,-12481909,4112520,6177597,,,,,,False,OTC,中信優息投資級債,UNKNOWN,ETF,TWSE_T86+TPEX_DAILY_TRADE_HIS,00948B,,,,,0,0,0,0,0,0,0,0,,,,,
2026-08-28,GOOD,0,3,-1693900,-3418980,-2068229,-25582539,-2556440,,,,,0,1,1068000,1300000,-726000,1574000,740000,1184000,,,,,,0,,,,,0,1,-625900,UNKNOWN,2026-08-28T08:30:26.820315+00:00,-2118980,-2794229,-24008539,-2864015,-1372440,,,,,,False,OTC,凱基A級公司債,UNKNOWN,ETF,TWSE_T86+TPEX_DAILY_TRADE_HIS,00950B,,,,,0,0,0,0,0,0,0,0,,,,,
2026-08-28,GOOD,0,2,-3869847,11865301,-85417,34849918,3997727,,,,,11,0,1477121,3630919,442000,6805903,1959020,2554020,,,,,,0,,,,,18,0,-2392726,UNKNOWN,2026-08-28T08:30:26.820315+00:00,15496220,356583,41655821,2282899,6551747,,,,,,False,OTC,中信日本商社,UNKNOWN,ETF,TWSE_T86+TPEX_DAILY_TRADE_HIS,00955,,,,,0,0,0,0,0,0,0,0,,,,,
2026-08-28,GOOD,0,1,161073,370119,-10451,911803,265596,,,,,1,0,33000,-27000,1000,-194000,2000,3000,,,,,,0,,,,,0,1,194073,UNKNOWN,2026-08-28T08:30:26.820315+00:00,343119,-9451,717803,153690,268596,,,,,,False,OTC,兆豐US優選投等債,UNKNOWN,ETF,TWSE_T86+TPEX_DAILY_TRADE_HIS,00957B,,,,,0,0,0,0,0,0,0,0,,,,,
2026-08-28,GOOD,1,0,-99591,2595109,285626,3932643,1247759,,,,,0,1,1406000,-3032000,-517000,-4370000,-517000,-813000,,,,,,0,,,,,0,2,1306409,UNKNOWN,2026-08-28T08:30:26.820315+00:00,-436891,-231374,-437357,-116165,434759,,,,,,False,OTC,永豐ESG銀行債15+,UNKNOWN,ETF,TWSE_T86+TPEX_DAILY_TRADE_HIS,00958B,,,,,0,0,0,0,0,0,0,0,,,,,
2026-08-28,GOOD,0,1,4604230,-2337332,-378468,-2146910,1133449,,,,,1,0,402800,407200,15000,-550,314000,405000,,,,,,0,,,,,0,1,5007030,UNKNOWN,2026-08-28T08:30:26.820315+00:00,-1930132,-363468,-2147460,-146659,1538449,,,,,,False,OTC,大華投等美債15Y+,UNKNOWN,ETF,TWSE_T86+TPEX_DAILY_TRADE_HIS,00959B,,,,,0,0,0,0,0,0,0,0,,,,,
2026-08-28,GOOD,0,1,334660,-135928,-13729,1612938,99366,,,,,0,1,429000,225000,-9000,491000,323000,327000,,,,,,0,,,,,0,1,763660,UNKNOWN,2026-08-28T08:30:26.820315+00:00,89072,-22729,2103938,263627,426366,,,,,,False,OTC,統一ESG投等債15+,UNKNOWN,ETF,TWSE_T86+TPEX_DAILY_TRADE_HIS,00966B,,,,,0,0,0,0,0,0,0,0,,,,,
2026-08-28,GOOD,0,2,628516,-2904828,-816900,-2484234,-1138156,,,,,16,0,-14000,54000,7000,-58000,13000,20000,,,,,,0,,,,,0,2,614516,UNKNOWN,2026-08-28T08:30:26.820315+00:00,-2850828,-809900,-2542234,-974009,-1118156,,,,,,False,OTC,元大優息美債,UNKNOWN,ETF,TWSE_T86+TPEX_DAILY_TRADE_HIS,00967B,,,,,0,0,0,0,0,0,0,0,,,,,
2026-08-28,GOOD,0,1,2795066,-1920296,-381550,-6334583,437385,,,,,0,1,2592000,-2496000,-14000,-14803000,30000,48000,,,,,,0,,,,,0,1,5387066,UNKNOWN,2026-08-28T08:30:26.820315+00:00,-4416296,-395550,-21137583,438831,485385,,,,,,False,OTC,元大優息投等債,UNKNOWN,ETF,TWSE_T86+TPEX_DAILY_TRADE_HIS,00968B,,,,,0,0,0,0,0,0,0,0,,,,,
2026-08-28,GOOD,5,0,2360772,892308,39860,1229717,1626540,,,,,0,0,-105000,-305000,0,-984000,16000,-205000,,,,,,0,,,,,5,0,2255772,UNKNOWN,2026-08-28T08:30:26.820315+00:00,587308,39860,245717,951770,1421540,,,,,,False,OTC,元大零息超長美債,UNKNOWN,ETF,TWSE_T86+TPEX_DAILY_TRADE_HIS,00969B,,,,,0,0,0,0,0,0,0,0,,,,,
2026-08-28,GOOD,3,0,2208071,-557103,2939379,-4214681,825484,,,,,1,0,428000,472000,539000,809000,450000,450000,,,,,,0,,,,,3,0,2636071,UNKNOWN,2026-08-28T08:30:26.820315+00:00,-85103,3478379,-3405681,3704738,1275484,,,,,,False,OTC,台新BBB投等債20+,UNKNOWN,ETF,TWSE_T86+TPEX_DAILY_TRADE_HIS,00970B,,,,,0,0,0,0,0,0,0,0,,,,,
2026-08-28,GOOD,0,2,40557,-16481,-5466,-18386,12038,,,,,0,0,0,0,0,0,0,0,,,,,,0,,,,,0,2,40557,UNKNOWN,2026-08-28T08:30:26.820315+00:00,-16481,-5466,-18386,-4233,12038,,,,,,False,OTC,台新標普500,UNKNOWN,warrant,TWSE_T86+TPEX_DAILY_TRADE_HIS,009806,,,,,0,0,0,0,0,0,0,0,,,,,
2026-08-28,GOOD,4,0,-52298,97810,707,130708,22756,,,,,0,0,0,0,0,0,0,0,,,,,,0,,,,,4,0,-52298,UNKNOWN,2026-08-28T08:30:26.820315+00:00,97810,707,130708,11288,22756,,,,,,False,OTC,台新標普科技精選,UNKNOWN,warrant,TWSE_T86+TPEX_DAILY_TRADE_HIS,009807,,,,,0,0,0,0,0,0,0,0,,,,,
2026-08-28,GOOD,7,0,1948786,996190,1209941,1355730,1472488,,,,,0,0,0,0,0,0,0,0,,,,,,0,,,,,7,0,1948786,UNKNOWN,2026-08-28T08:30:26.820315+00:00,996190,1209941,1355730,1360708,1472488,,,,,,False,OTC,台新特選IG債10+,UNKNOWN,ETF,TWSE_T86+TPEX_DAILY_TRADE_HIS,00980B,,,,,0,0,0,0,0,0,0,0,,,,,
2026-08-28,GOOD,0,1,2454057,-743191,-162870,-2588135,855433,,,,,0,1,206000,-58000,-2000,-192000,87000,74000,,,,,,0,,,,,0,1,2660057,UNKNOWN,2026-08-28T08:30:26.820315+00:00,-801191,-164870,-2716135,320937,929433,,,,,,False,OTC,主動聯博投等入息,UNKNOWN,ETF,TWSE_T86+TPEX_DAILY_TRADE_HIS,00980D,,,,,0,0,0,0,0,64000,0,0,,,,,
2026-08-28,GOOD,3,0,648265,549547,304266,-11222446,598906,,,,,0,2,-1000,-11000,-3000,-79000,-5000,-6000,,,,,,0,,,,,3,0,647265,UNKNOWN,2026-08-28T08:30:26.820315+00:00,538547,301266,-11301446,584184,592906,,,,,,False,OTC,平衡凱基美國TOP,UNKNOWN,ETF,TWSE_T86+TPEX_DAILY_TRADE_HIS,00980T,,,,,0,0,0,0,0,0,0,0,,,,,
2026-08-28,GOOD,0,6,-2135131,-5700005,-298290,-7142996,-3917568,,,,,0,6,160671,-961621,-35975,-1310687,-240975,-400475,,,,,,0,,,,,0,6,-1844460,UNKNOWN,2026-08-28T08:30:26.820315+00:00,-3331626,-334265,-2566683,-1431145,-2588043,,,,,,False,OTC,富邦標普500,UNKNOWN,warrant,TWSE_T86+TPEX_DAILY_TRADE_HIS,009814,,,,,0,0,130000,3330000,0,5887000,1730000,1730000,,,,,
2026-08-28,GOOD,1,0,-554452,2813896,1113526,14265652,1129722,,,,,0,2,-157936,110436,-17000,486150,-9900,-23750,,,,,,0,,,,,1,0,-712388,UNKNOWN,2026-08-28T08:30:26.820315+00:00,2924332,1096526,14751802,750487,1105972,,,,,,False,OTC,大華美國MAG7+,UNKNOWN,warrant,TWSE_T86+TPEX_DAILY_TRADE_HIS,009815,,,,,0,0,0,0,0,0,0,0,,,,,
2026-08-28,GOOD,0,14,32019947,-104695151,-10243759,-134865394,-36337602,,,,,0,1,6900200,1391800,-2025000,-3724923,-499000,4146000,,,,,,0,,,,,0,14,38920147,UNKNOWN,2026-08-28T08:30:26.820315+00:00,-103303351,-12268759,-138590317,-21508986,-32191602,,,,,,False,OTC,第一金優選非投債,UNKNOWN,ETF,TWSE_T86+TPEX_DAILY_TRADE_HIS,00981B,,,,,0,0,0,0,0,0,0,0,,,,,
2026-08-28,GOOD,0,3,4921312,-10586454,-1992720,-16342852,-2832571,,,,,0,1,509000,-1977000,-661000,3854000,-259000,-734000,,,,,,0,,,,,0,2,5430312,UNKNOWN,2026-08-28T08:30:26.820315+00:00,-12563454,-2653720,-12488852,-3393782,-3566571,,,,,,False,OTC,主動中信非投等債,UNKNOWN,ETF,TWSE_T86+TPEX_DAILY_TRADE_HIS,00981D,,,,,0,0,0,0,0,0,0,0,,,,,
2026-08-28,GOOD,7,0,8853435,11245107,410000,13225027,10049271,,,,,0,1,42000,-14000,-4000,14000,-63000,14000,,,,,,0,,,,,7,0,8895435,UNKNOWN,2026-08-28T08:30:26.820315+00:00,11231107,406000,13239027,9232257,10063271,,,,,,False,OTC,華南永昌未來金融,UNKNOWN,warrant,TWSE_T86+TPEX_DAILY_TRADE_HIS,009822,,,,,0,0,0,0,0,0,0,0,,,,,
2026-08-28,GOOD,0,3,3094830,-2019732,-98767,2911379,537549,,,,,0,1,-412350,386550,-5000,523594,-14000,-12900,,,,,,0,,,,,0,3,2682480,UNKNOWN,2026-08-28T08:30:26.820315+00:00,-1633182,-103767,3434973,-492827,524649,,,,,,False,OTC,群益S&P500,UNKNOWN,warrant,TWSE_T86+TPEX_DAILY_TRADE_HIS,009823,,,,,0,0,0,0,0,0,0,0,,,,,
2026-08-28,GOOD,7,0,3560162,12402016,273100,58609641,7981089,,,,,2,0,3000,3000,1000,-96000,2000,3000,,,,,,0,,,,,7,0,3563162,UNKNOWN,2026-08-28T08:30:26.820315+00:00,12405016,274100,58513641,4507235,7984089,,,,,,False,OTC,聯邦美國金融創新,UNKNOWN,warrant,TWSE_T86+TPEX_DAILY_TRADE_HIS,009825,,,,,0,0,0,0,0,0,0,0,,,,,
2026-08-28,GOOD,1,0,161255,108991,2000,-365759,135123,,,,,0,0,293000,-579000,0,-1015000,0,-143000,,,,,,0,,,,,1,0,454255,UNKNOWN,2026-08-28T08:30:26.820315+00:00,-470009,2000,-1380759,888,-7877,,,,,,False,OTC,FT投資級債20+,UNKNOWN,ETF,TWSE_T86+TPEX_DAILY_TRADE_HIS,00982B,,,,,0,0,0,0,0,0,0,0,,,,,
2026-08-28,GOOD,1,0,264542,298262,109696,461504,281402,,,,,0,0,-54000,-54000,0,-267011,-54000,-54000,,,,,,0,,,,,1,0,210542,UNKNOWN,2026-08-28T08:30:26.820315+00:00,244262,109696,194493,111560,227402,,,,,,False,OTC,大華優利美公債20,UNKNOWN,ETF,TWSE_T86+TPEX_DAILY_TRADE_HIS,00983B,,,,,0,0,0,0,0,0,0,0,,,,,
2026-08-28,GOOD,0,1,-1369945,3181341,-105653,3024444,905698,,,,,0,1,22000,130000,-51000,-363500,19000,76000,,,,,,0,,,,,0,1,-1347945,UNKNOWN,2026-08-28T08:30:26.820315+00:00,3311341,-156653,2660944,68113,981698,,,,,,False,OTC,大華優利美A債15,UNKNOWN,ETF,TWSE_T86+TPEX_DAILY_TRADE_HIS,00984B,,,,,0,0,0,0,0,0,0,0,,,,,
2026-08-28,GOOD,0,2,4932113,-5856069,-343509,-16331138,-461978,,,,,0,1,464000,-312000,-16000,-1149999,-51000,76000,,,,,,0,,,,,0,2,5396113,UNKNOWN,2026-08-28T08:30:26.820315+00:00,-6168069,-359509,-17481137,-380509,-385978,,,,,,False,OTC,主動貝萊德優投等,UNKNOWN,ETF,TWSE_T86+TPEX_DAILY_TRADE_HIS,00985D,,,,,0,0,0,0,0,0,0,0,,,,,
2026-08-28,GOOD,0,2,1714,-11408,-5634,-1725641,-4847,,,,,0,1,-43000,-21000,-32000,-1934000,-32000,-32000,,,,,,0,,,,,0,2,-41286,UNKNOWN,2026-08-28T08:30:26.820315+00:00,-32408,-37634,-3659641,-35765,-36847,,,,,,False,OTC,FT金融債10+,UNKNOWN,ETF,TWSE_T86+TPEX_DAILY_TRADE_HIS,00986B,,,,,0,0,0,0,0,0,0,0,,,,,
2026-08-28,GOOD,2,0,47645,332925,250000,3527473,190285,,,,,4,0,116000,-84000,2000,-186000,14000,16000,,,,,,0,,,,,4,0,163645,UNKNOWN,2026-08-28T08:30:26.820315+00:00,248925,252000,3341473,279999,206285,,,,,,False,OTC,主動復華金融債息,UNKNOWN,ETF,TWSE_T86+TPEX_DAILY_TRADE_HIS,00986D,,,,,0,0,0,0,0,0,0,0,,,,,
2026-08-28,GOOD,0,4,-440441,-602869,-259090,-2204303,-521655,,,,,0,6,44000,-70000,-2000,-197000,-9000,-13000,,,,,,0,,,,,0,4,-396441,UNKNOWN,2026-08-28T08:30:26.820315+00:00,-672869,-261090,-2401303,-610113,-534655,,,,,,False,OTC,野村10+澳洲公債,UNKNOWN,ETF,TWSE_T86+TPEX_DAILY_TRADE_HIS,00987B,,,,,0,0,0,0,0,0,0,0,,,,,
2026-08-28,GOOD,0,18,7058163,-19329261,-1641504,-38212686,-6135549,,,,,0,2,632000,330000,-24000,-1254970,225000,481000,,,,,,0,,,,,0,18,7690163,UNKNOWN,2026-08-28T08:30:26.820315+00:00,-18999261,-1665504,-39467656,-4648314,-5654549,,,,,,False,OTC,玉山嚴選非投債,UNKNOWN,ETF,TWSE_T86+TPEX_DAILY_TRADE_HIS,00988B,,,,,0,0,0,0,0,0,0,0,,,,,
2026-08-28,GOOD,0,3,4491904,-7687554,-834003,-36727424,-1597825,,,,,0,0,339000,-599000,0,-748000,0,-130000,,,,,,0,,,,,0,3,4830904,UNKNOWN,2026-08-28T08:30:26.820315+00:00,-8286554,-834003,-37475424,-3250651,-1727825,,,,,,False,OTC,台新美國非投等債,UNKNOWN,ETF,TWSE_T86+TPEX_DAILY_TRADE_HIS,00989B,,,,,0,0,0,0,0,0,0,0,,,,,
2026-08-28,GOOD,0,2,1891934,-300492,-526989,1389917,795721,,,,,0,0,0,0,0,-1000,0,0,,,,,,0,,,,,0,2,1891934,UNKNOWN,2026-08-28T08:30:26.820315+00:00,-300492,-526989,1388917,510217,795721,,,,,,False,OTC,國泰收益非投等債,UNKNOWN,ETF,TWSE_T86+TPEX_DAILY_TRADE_HIS,00990B,,,,,0,0,0,0,0,0,0,0,,,,,
2026-08-28,GOOD,0,1,-2459819,-12429613,-4005596,-18365385,-7444716,,,,,0,1,2650500,-1866500,-401000,-1320354,383000,392000,,,,,,0,,,,,0,1,190681,UNKNOWN,2026-08-28T08:30:26.820315+00:00,-14296113,-4406596,-19685739,-4778117,-7052716,,,,,,False,OTC,主動復華金融股息,UNKNOWN,ETF,TWSE_T86+TPEX_DAILY_TRADE_HIS,00998A,,,,,0,0,0,0,0,0,0,0,,,,,
2026-08-28,GOOD,6,0,50000,526000,47000,,288000,,,,,0,0,0,0,0,,0,0,,,,,,0,,,,,6,0,50000,UNKNOWN,2026-08-28T08:30:26.820315+00:00,526000,47000,,221000,288000,,,,,,False,OTC,統一亞洲半導體N,UNKNOWN,ETN,TWSE_T86+TPEX_DAILY_TRADE_HIS,020025,,,,,0,0,0,0,0,,0,0,,,,,
2026-08-28,GOOD,0,3,6000,2000,-30000,,4000,,,,,0,0,0,0,0,,0,0,,,,,,0,,,,,0,3,6000,UNKNOWN,2026-08-28T08:30:26.820315+00:00,2000,-30000,,-68000,4000,,,,,,False,OTC,統一恒生科期N,UNKNOWN,ETN,TWSE_T86+TPEX_DAILY_TRADE_HIS,020033,,,,,0,0,0,0,0,,0,0,,,,,
2026-08-28,GOOD,3,0,136000,-62000,54000,-262000,37000,,,,,0,0,0,0,0,0,0,0,,,,,,0,,,,,3,0,136000,UNKNOWN,2026-08-28T08:30:26.820315+00:00,-62000,54000,-262000,101000,37000,,,,,,False,OTC,兆豐半導體氣候N,UNKNOWN,ETN,TWSE_T86+TPEX_DAILY_TRADE_HIS,020041,,,,,0,0,0,0,0,0,0,0,,,,,
2026-08-28,GOOD,0,0,0,0,0,,0,1063,667,,1174,2,0,-6000,-2000,1000,,0,-4000,,816,1229,,751,0,1071,667,,1153,2,0,-6000,UNKNOWN,2026-08-28T08:30:26.820315+00:00,-2000,1000,,0,-4000,,817,1244,,782,False,OTC,茂生農經,UNKNOWN,ordinary_stock,TWSE_T86+TPEX_DAILY_TRADE_HIS,1240,210,96,,190,0,0,0,0,0,,0,0,,280,134,,228
2026-08-28,GOOD,0,0,0,0,0,,0,1012,626,,960,3,0,8000,2000,2000,,9000,5000,,870,1302,,966,0,1023,622,,946,3,0,8000,UNKNOWN,2026-08-28T08:30:26.820315+00:00,2000,2000,,10000,5000,,865,1314,,977,False,OTC,安心,UNKNOWN,ordinary_stock,TWSE_T86+TPEX_DAILY_TRADE_HIS,1259,211,97,,191,0,0,0,0,0,,0,0,,281,135,,229
2026-08-28,GOOD,0,3,10285,-34433,-586,-103729,-12074,1310,1067,1045,1394,0,8,-33045,-58905,-5000,-69096,-18975,-45975,,581,874,616,544,0,1364,1079,1134,1413,0,20,-22760,UNKNOWN,2026-08-28T08:30:26.820315+00:00,-93338,-5586,-172825,-30925,-58049,,527,883,527,525,False,OTC,德麥,UNKNOWN,ordinary_stock,TWSE_T86+TPEX_DAILY_TRADE_HIS,1264,212,98,238,192,0,0,0,0,0,0,0,0,,282,136,329,230
2026-08-28,GOOD,0,0,278,-278,0,0,0,1146,992,869,1237,0,2,-5239,-11415,-3000,14077,-4000,-8327,,745,931,792,701,0,1150,981,851,1214,0,2,-4961,UNKNOWN,2026-08-28T08:30:26.820315+00:00,-11693,-3000,14077,-4000,-8327,,741,949,810,724,False,OTC,漢來美食,UNKNOWN,ordinary_stock,TWSE_T86+TPEX_DAILY_TRADE_HIS,1268,213,99,239,193,0,0,0,0,0,0,0,0,,283,137,330,231
2026-08-28,GOOD,1,0,861,1039,1000,,950,825,579,,779,6,0,14400,25600,4000,,16000,20000,,1066,1367,,1156,0,820,556,,773,8,0,15261,UNKNOWN,2026-08-28T08:30:26.820315+00:00,26639,5000,,16950,20950,,1071,1395,,1165,False,OTC,漢田生技,UNKNOWN,ordinary_stock,TWSE_T86+TPEX_DAILY_TRADE_HIS,1294,214,100,,194,0,0,0,0,0,,0,0,,284,138,,232
2026-08-28,GOOD,0,8,-17500,-36500,-4000,-36500,-27000,783,842,936,722,0,3,25000,35000,-1000,-10933,-16000,30000,,1106,1025,725,1212,0,1067,1058,983,989,0,3,7500,UNKNOWN,2026-08-28T08:30:26.820315+00:00,-1500,-5000,-47433,-34000,3000,,824,888,678,939,False,OTC,生合,UNKNOWN,ordinary_stock,TWSE_T86+TPEX_DAILY_TRADE_HIS,1295,215,101,240,195,0,0,0,0,0,0,0,0,,285,139,331,233
2026-08-28,GOOD,0,0,22562,7438,0,11421,15000,1387,261,532,372,6,0,570373,-116081,84837,294016,182348,227146,,504,1701,1129,1566,0,1383,261,520,365,6,0,592935,UNKNOWN,2026-08-28T08:30:26.820315+00:00,-108643,84837,305437,175348,242146,,508,1701,1141,1573,False,OTC,台翰,UNKNOWN,ordinary_stock,TWSE_T86+TPEX_DAILY_TRADE_HIS,1336,216,102,241,196,0,0,0,0,0,0,0,0,,286,140,332,234
2026-08-28,GOOD,0,1,6636,-11728,-3304,2801,-2546,481,1299,460,502,0,1,13880,211426,-24034,434500,101653,112653,,1410,663,1201,1436,0,492,1307,463,502,0,1,20516,UNKNOWN,2026-08-28T08:30:26.820315+00:00,199698,-27338,437301,99670,110107,,1399,655,1198,1436,False,OTC,精華,UNKNOWN,ordinary_stock,TWSE_T86+TPEX_DAILY_TRADE_HIS,1565,217,103,242,197,0,0,0,0,0,0,0,0,,287,141,333,235
2026-08-28,GOOD,2,0,-239,26003,13846,33666,12882,290,144,336,248,3,0,288364,649636,378000,1004636,444000,469000,,1601,1818,1325,1690,0,289,146,338,256,3,0,288125,UNKNOWN,2026-08-28T08:30:26.820315+00:00,675639,391846,1038302,456797,481882,,1602,1816,1323,1682,False,OTC,濱川,UNKNOWN,ordinary_stock,TWSE_T86+TPEX_DAILY_TRADE_HIS,1569,218,104,243,198,0,0,0,0,0,0,0,0,,288,142,334,236
2026-08-28,GOOD,0,0,-355,-355,0,-137,-355,1175,747,1002,770,0,0,58000,-16000,0,-47001,8000,21000,,708,1132,659,1164,0,1183,758,981,775,0,0,57645,UNKNOWN,2026-08-28T08:30:26.820315+00:00,-16355,0,-47138,8000,20645,,708,1161,680,1163,False,OTC,力肯,UNKNOWN,ordinary_stock,TWSE_T86+TPEX_DAILY_TRADE_HIS,1570,219,105,244,199,0,0,0,0,0,0,0,0,,289,143,335,237
2026-08-28,GOOD,0,1,-1142,-46,-570,-333,-594,1282,668,1103,1312,2,0,4410,-44030,1000,-118479,-3151,-19810,,609,1230,558,626,0,1283,739,1084,1301,2,0,3268,UNKNOWN,2026-08-28T08:30:26.820315+00:00,-44076,430,-118812,-3721,-20404,,608,1223,577,637,False,OTC,新麥,UNKNOWN,ordinary_stock,TWSE_T86+TPEX_DAILY_TRADE_HIS,1580,220,106,245,200,0,0,0,0,0,0,0,0,,290,144,336,238
2026-08-28,GOOD,0,0,1393,-211,0,-91216,591,488,1719,361,553,0,1,-32991,199469,-269065,860130,217239,83239,,1403,243,1300,1385,0,493,1707,387,551,0,1,-31598,UNKNOWN,2026-08-28T08:30:26.820315+00:00,199258,-269065,768914,217879,83830,,1398,255,1274,1387,False,OTC,精剛,UNKNOWN,ordinary_stock,TWSE_T86+TPEX_DAILY_TRADE_HIS,1584,221,107,246,201,0,0,0,0,0,0,0,0,,291,145,337,239
2026-08-28,GOOD,0,1,-380,272,-54,-117,-54,470,1445,468,1210,0,4,-237104,224452,-53272,420564,-139059,-6326,,1421,517,1193,728,0,473,1425,471,1193,0,4,-237484,UNKNOWN,2026-08-28T08:30:26.820315+00:00,224724,-53326,420447,-139113,-6380,,1418,537,1190,745,False,OTC,和勤,UNKNOWN,ordinary_stock,TWSE_T86+TPEX_DAILY_TRADE_HIS,1586,222,108,247,202,0,0,0,0,0,0,0,0,,292,146,338,240
2026-08-28,GOOD,0,0,0,0,0,0,0,1371,297,1245,1512,1,0,-130447,-101001,64000,-384695,16736,-115724,,520,1665,416,426,0,1376,296,1244,1508,1,0,-130447,UNKNOWN,2026-08-28T08:30:26.820315+00:00,-101001,64000,-384695,16736,-115724,,515,1666,417,430,False,OTC,駿吉-KY,UNKNOWN,ordinary_stock,TWSE_T86+TPEX_DAILY_TRADE_HIS,1591,223,109,248,203,0,0,0,0,0,0,0,0,,293,147,339,241
2026-08-28,GOOD,1,0,227,5859,1260,93625,3043,499,468,1307,624,3,0,-76238,188662,12151,-554788,92191,56212,,1392,1494,354,1314,0,496,464,1270,617,3,0,-76011,UNKNOWN,2026-08-28T08:30:26.820315+00:00,194521,13411,-461163,94453,59255,,1395,1498,391,1321,False,OTC,川寶,UNKNOWN,ordinary_stock,TWSE_T86+TPEX_DAILY_TRADE_HIS,1595,224,110,249,204,0,0,0,0,0,0,0,0,,294,148,340,242
2026-08-28,GOOD,0,1,48,-310,-40,396,-131,1099,1093,913,1239,0,1,-13000,-5000,-6000,-2000,-6000,-9000,,786,851,746,692,0,1114,1096,897,1228,0,1,-12952,UNKNOWN,2026-08-28T08:30:26.820315+00:00,-5310,-6040,-1604,-6040,-9131,,777,866,764,710,False,OTC,宏佳騰,UNKNOWN,ordinary_stock,TWSE_T86+TPEX_DAILY_TRADE_HIS,1599,225,111,250,205,0,0,0,0,0,0,0,0,,295,149,341,243
2026-08-27,STALE,0,0,805,-805,0,,0,1000,843,,1098,0,1,-5000,3000,-1000,,-2000,-1000,,882,1026,,809,1,1020,840,,1089,0,1,-4195,UNKNOWN,2026-08-28T08:30:26.820315+00:00,2195,-1000,,-2000,-1000,,871,1046,,835,True,OTC,台蠟,UNKNOWN,ordinary_stock,TWSE_T86+TPEX_DAILY_TRADE_HIS,1742,226,112,,206,0,0,0,0,0,,0,0,,296,150,,244
2026-08-27,STALE,0,2,12,-420,-15,,-204,1078,669,,1037,2,0,5000,-3000,1000,,-3000,1000,,803,1231,,880,1,1090,721,,1055,2,0,5012,UNKNOWN,2026-08-28T08:30:26.820315+00:00,-3420,985,,-3187,796,,801,1241,,883,True,OTC,生泰,UNKNOWN,ordinary_stock,TWSE_T86+TPEX_DAILY_TRADE_HIS,1777,227,113,,207,0,0,0,0,0,,0,0,,297,151,,245
2026-08-28,GOOD,0,0,0,0,0,0,0,1106,415,1105,1368,1,0,-68962,-5038,21000,-121000,4000,-37000,,785,1544,556,570,0,1108,415,1089,1352,1,0,-68962,UNKNOWN,2026-08-28T08:30:26.820315+00:00,-5038,21000,-121000,4000,-37000,,783,1544,572,585,False,OTC,立弘,UNKNOWN,ordinary_stock,TWSE_T86+TPEX_DAILY_TRADE_HIS,1780,228,114,251,208,0,0,0,0,0,0,0,0,,298,152,342,246
2026-08-28,GOOD,0,1,107,-65,-78,,21,1187,1226,,1340,0,7,-38000,-18000,-16000,,-21000,-28000,,700,728,,597,0,1195,1211,,1322,0,9,-37893,UNKNOWN,2026-08-28T08:30:26.820315+00:00,-18065,-16078,,-21078,-27979,,696,751,,616,False,OTC,合世,UNKNOWN,ordinary_stock,TWSE_T86+TPEX_DAILY_TRADE_HIS,1781,229,115,,209,0,0,0,0,0,,0,0,,299,153,,247
2026-08-28,GOOD,0,3,-2874,-3356,-121,-5980,-3115,505,990,516,489,0,1,51228,183224,-2573,317582,72487,117226,,1386,972,1145,1449,0,509,978,519,495,0,1,48354,UNKNOWN,2026-08-28T08:30:26.820315+00:00,179868,-2694,311602,70922,114111,,1382,984,1142,1443,False,OTC,訊聯,UNKNOWN,ordinary_stock,TWSE_T86+TPEX_DAILY_TRADE_HIS,1784,230,116,252,210,0,0,0,0,0,0,0,0,,300,154,343,248
2026-08-28,GOOD,2,0,24293,-38169,147,-99660,-6938,153,188,178,296,1,0,-1757440,2407354,221513,3201345,292633,324957,,1738,1774,1483,1642,0,1775,183,1517,320,1,0,3325333,UNKNOWN,2026-08-28T08:30:26.820315+00:00,-2695295,221660,-2884965,281500,315019,,116,1779,144,1618,False,OTC,光洋科,UNKNOWN,ordinary_stock,TWSE_T86+TPEX_DAILY_TRADE_HIS,1785,1875,117,1644,1751,0,0,5058480,-5064480,0,-5986650,-3000,-3000,,16,155,17,175
2026-08-28,GOOD,0,1,388,-180,-73,,104,1052,837,,1132,0,2,-3726,-136,-125,,444,-1931,,839,1125,,806,0,1056,818,,1113,0,1,-3338,UNKNOWN,2026-08-28T08:30:26.820315+00:00,-316,-198,,1113,-1827,,835,1144,,825,False,OTC,杏昌,UNKNOWN,ordinary_stock,TWSE_T86+TPEX_DAILY_TRADE_HIS,1788,231,118,,211,0,0,0,0,0,,0,0,,301,156,,249
2026-08-28,GOOD,0,0,162,-234,0,,-36,1025,943,,1063,0,1,-1000,1000,-2000,,4000,0,,854,973,,843,0,1044,934,,1077,0,1,-838,UNKNOWN,2026-08-28T08:30:26.820315+00:00,766,-2000,,3997,-36,,847,994,,861,False,OTC,金穎生技,UNKNOWN,ordinary_stock,TWSE_T86+TPEX_DAILY_TRADE_HIS,1796,232,119,,212,0,0,0,0,0,,0,0,,302,157,,250
2026-08-28,GOOD,0,0,-366,-94,0,-38,-230,1297,1357,1254,1310,0,1,13947,-51947,-33000,-406163,3000,-19000,,594,603,407,627,0,1301,1340,1255,1295,0,1,13581,UNKNOWN,2026-08-28T08:30:26.820315+00:00,-52041,-33000,-406201,3009,-19230,,590,621,406,643,False,OTC,易威,UNKNOWN,ordinary_stock,TWSE_T86+TPEX_DAILY_TRADE_HIS,1799,233,120,253,213,0,0,0,0,0,0,0,0,,303,158,344,251
2026-08-28,GOOD,1,0,284,-330,546,,-23,808,748,,741,0,0,25000,29000,0,,9000,27000,,1081,1133,,1193,0,812,735,,744,5,0,25284,UNKNOWN,2026-08-28T08:30:26.820315+00:00,28670,546,,8977,26977,,1079,1227,,1194,False,OTC,寶利徠,UNKNOWN,ordinary_stock,TWSE_T86+TPEX_DAILY_TRADE_HIS,1813,234,121,,214,0,0,0,0,0,,0,0,,304,159,,252
2026-08-28,GOOD,1,0,263998,4404560,1315326,5534310,2334279,5,5,17,4,3,0,829294,90963334,25452551,86137354,50455101,45896314,,1886,1957,1644,1934,0,4,6,14,6,3,0,-485393,UNKNOWN,2026-08-28T08:30:26.820315+00:00,102160579,27956877,114530349,55552185,50837593,,1887,1956,1647,1932,False,OTC,富喬,UNKNOWN,ordinary_stock,TWSE_T86+TPEX_DAILY_TRADE_HIS,1815,19,8,12,15,3,0,-1578685,6792685,1189000,22858685,2607000,2607000,,1872,1954,1649,1923
2026-08-11,STALE,0,0,,,0,,,,993,,,0,3,,,-3000,,-5000,,,,932,,,17,,982,,,0,3,,UNKNOWN,2026-08-28T08:30:26.820315+00:00,,-3000,,-5000,,,,950,,,True,OTC,唐榮,UNKNOWN,ordinary_stock,TWSE_T86+TPEX_DAILY_TRADE_HIS,2035,,122,,,0,0,,,0,,0,,,,160,,
2026-08-28,GOOD,2,0,-70687,81861,198,78397,5587,408,137,1322,315,2,0,292254,309120,426393,-592253,253637,300687,,1483,1825,339,1623,0,375,137,1283,322,2,0,221567,UNKNOWN,2026-08-28T08:30:26.820315+00:00,390981,426591,-513856,243278,306274,,1516,1825,378,1616,False,OTC,風青,UNKNOWN,ordinary_stock,TWSE_T86+TPEX_DAILY_TRADE_HIS,2061,235,123,254,215,0,0,0,0,0,0,0,0,,305,161,345,253
2026-08-28,GOOD,0,1,3422,-3446,-12,,-12,1184,1365,,1371,0,3,-59000,-17000,-35000,,-41000,-38000,,705,596,,566,0,1210,1350,,1356,0,3,-55578,UNKNOWN,2026-08-28T08:30:26.820315+00:00,-20446,-35012,,-41012,-38012,,681,612,,582,False,OTC,晉椿,UNKNOWN,ordinary_stock,TWSE_T86+TPEX_DAILY_TRADE_HIS,2064,236,124,,216,0,0,0,0,0,,0,0,,306,162,,254
2026-08-28,GOOD,0,0,-563,20599,0,,10018,852,1068,,723,0,2,39001,20999,-5000,,16000,30000,,1038,875,,1213,0,768,1059,,685,0,2,38438,UNKNOWN,2026-08-28T08:30:26.820315+00:00,41598,-5000,,21018,40018,,1123,889,,1253,False,OTC,世豐,UNKNOWN,ordinary_stock,TWSE_T86+TPEX_DAILY_TRADE_HIS,2065,237,125,,217,0,0,0,0,0,,0,0,,307,163,,255
2026-08-28,GOOD,0,0,-557,461,0,-9356,-48,817,944,935,1272,0,2,-54023,26023,-2000,-8977,1000,-14000,,1074,974,726,661,0,823,935,935,1271,0,2,-54580,UNKNOWN,2026-08-28T08:30:26.820315+00:00,26484,-2000,-18333,1000,-14048,,1068,995,726,667,False,OTC,世德,UNKNOWN,ordinary_stock,TWSE_T86+TPEX_DAILY_TRADE_HIS,2066,238,126,255,218,0,0,0,0,0,0,0,0,,308,164,346,256
2026-08-25,STALE,0,1,611,185,-500,,398,1107,749,,1200,0,0,-6000,-6000,0,,-6000,-6000,,778,1134,,731,3,1117,828,,1180,0,3,-5389,UNKNOWN,2026-08-28T08:30:26.820315+00:00,-5815,-500,,-6145,-5602,,774,1134,,758,True,OTC,嘉鋼,UNKNOWN,ordinary_stock,TWSE_T86+TPEX_DAILY_TRADE_HIS,2067,239,127,,219,0,0,0,0,0,,0,0,,309,165,,257
2026-08-28,GOOD,0,0,-8996,-7344,0,-10197,-8170,415,341,951,343,4,0,229104,300584,39933,-17366,311354,264844,,1476,1621,710,1595,0,426,338,949,352,4,0,220108,UNKNOWN,2026-08-28T08:30:26.820315+00:00,293240,39933,-27563,311355,256674,,1465,1624,712,1586,False,OTC,精湛,UNKNOWN,ordinary_stock,TWSE_T86+TPEX_DAILY_TRADE_HIS,2070,240,128,256,220,0,0,0,0,0,0,0,0,,310,166,347,258
2026-08-28,GOOD,0,1,2195,-2955,-132,-28638,-380,195,135,263,195,1,0,184188,1388746,432379,1635868,498725,786467,,1696,1827,1398,1743,0,199,135,269,206,1,0,186383,UNKNOWN,2026-08-28T08:30:26.820315+00:00,1385791,432247,1607230,498102,786087,,1692,1827,1392,1732,False,OTC,大甲,UNKNOWN,ordinary_stock,TWSE_T86+TPEX_DAILY_TRADE_HIS,2221,241,129,257,221,0,0,0,0,0,0,0,0,,311,167,348,259
2026-08-28,GOOD,0,3,-887,-3213,-260,1987,-2050,1348,1116,822,1426,0,8,-34341,-85159,-6750,28359,-39750,-59750,,543,846,839,512,0,1355,1108,807,1420,0,8,-35228,UNKNOWN,2026-08-28T08:30:26.820315+00:00,-88372,-7010,30346,-40646,-61800,,536,854,854,518,False,OTC,泰茂,UNKNOWN,ordinary_stock,TWSE_T86+TPEX_DAILY_TRADE_HIS,2230,242,130,258,222,0,0,0,0,0,0,0,0,,312,168,349,260
2026-08-28,GOOD,0,1,1679,-259,-14,-250,710,697,945,652,666,0,1,35000,55000,-2000,138000,1000,45000,,1191,975,1009,1269,0,708,969,646,666,0,1,36679,UNKNOWN,2026-08-28T08:30:26.820315+00:00,54741,-2014,137750,1666,45710,,1183,993,1015,1272,False,OTC,綠意,UNKNOWN,ordinary_stock,TWSE_T86+TPEX_DAILY_TRADE_HIS,2596,243,131,259,223,0,0,0,0,0,0,0,0,,313,169,350,261
2026-08-28,GOOD,0,0,-1189,1583,0,3180,197,866,946,795,913,0,1,-771,18251,-2000,39693,2740,8740,,1025,976,866,1025,0,864,936,783,901,0,1,-1960,UNKNOWN,2026-08-28T08:30:26.820315+00:00,19834,-2000,42873,2937,8937,,1027,996,878,1037,False,OTC,大車隊,UNKNOWN,ordinary_stock,TWSE_T86+TPEX_DAILY_TRADE_HIS,2640,244,132,260,224,0,0,0,0,0,0,0,0,,314,170,351,262
2026-08-28,GOOD,0,3,148812,-230070,-7414,-248030,-40629,1378,1613,392,1865,0,1,-4792646,-106490,-138406,724334,-10640,-2449568,,513,349,1269,73,0,1530,1610,447,1871,0,1,-4643834,UNKNOWN,2026-08-28T08:30:26.820315+00:00,-336560,-145820,476304,-25382,-2490197,,361,352,1214,67,False,OTC,正德,UNKNOWN,ordinary_stock,TWSE_T86+TPEX_DAILY_TRADE_HIS,2641,245,133,261,225,0,0,0,0,0,0,0,0,,315,171,352,263
2026-08-28,GOOD,0,0,1000,-1000,0,,0,952,947,,1201,0,3,-20000,8000,-2000,,-8000,-6000,,934,977,,732,0,976,937,,1185,0,3,-19000,UNKNOWN,2026-08-28T08:30:26.820315+00:00,7000,-2000,,-8000,-6000,,914,997,,748,False,OTC,捷迅,UNKNOWN,ordinary_stock,TWSE_T86+TPEX_DAILY_TRADE_HIS,2643,246,134,,226,0,0,0,0,0,,0,0,,316,172,,264
2026-08-28,GOOD,2,0,11900,8138,4988,,10019,1329,1443,,1550,0,6,-242000,-68000,-53000,,-114000,-155000,,561,518,,388,0,1316,1407,,1538,0,6,-230100,UNKNOWN,2026-08-28T08:30:26.820315+00:00,-59862,-48012,,-104488,-144981,,575,555,,400,False,OTC,全心投控,UNKNOWN,ordinary_stock,TWSE_T86+TPEX_DAILY_TRADE_HIS,2718,247,135,,227,0,0,0,0,0,,0,0,,317,173,,265
2026-08-28,GOOD,0,0,166,-546,0,,-190,1209,948,,1175,0,1,14000,-22000,-2000,,4000,-4000,,679,978,,752,0,1218,938,,1160,0,1,14166,UNKNOWN,2026-08-28T08:30:26.820315+00:00,-22546,-2000,,3870,-4190,,673,998,,778,False,OTC,燦星旅,UNKNOWN,ordinary_stock,TWSE_T86+TPEX_DAILY_TRADE_HIS,2719,248,136,,228,0,0,0,0,0,,0,0,,318,174,,266
2026-08-28,GOOD,1,0,-197,-161,495,,-179,1040,750,,1064,0,0,0,0,0,,0,0,,844,1135,,844,0,1053,736,,1079,1,0,-197,UNKNOWN,2026-08-28T08:30:26.820315+00:00,-161,495,,-154,-179,,838,1226,,859,False,OTC,雅茗-KY,UNKNOWN,ordinary_stock,TWSE_T86+TPEX_DAILY_TRADE_HIS,2726,249,137,,229,0,0,0,0,0,,0,0,,319,175,,267
2026-08-28,GOOD,0,1,-1028,-134,-318,,-581,740,670,,713,1,0,19000,45000,1000,,1000,32000,,1150,1232,,1222,0,749,732,,722,1,0,17972,UNKNOWN,2026-08-28T08:30:26.820315+00:00,44866,682,,1112,31419,,1142,1230,,1216,False,OTC,瓦城,UNKNOWN,ordinary_stock,TWSE_T86+TPEX_DAILY_TRADE_HIS,2729,250,138,,230,0,0,0,0,0,,0,0,,320,176,,268
2026-08-28,GOOD,0,0,4,-844,0,-636,-420,724,844,746,658,0,2,48000,48000,-1000,67000,4000,48000,,1164,1027,915,1279,0,735,841,732,662,0,2,48004,UNKNOWN,2026-08-28T08:30:26.820315+00:00,47156,-1000,66364,3173,47580,,1156,1047,929,1276,False,OTC,易飛網,UNKNOWN,ordinary_stock,TWSE_T86+TPEX_DAILY_TRADE_HIS,2734,251,139,262,231,0,0,0,0,0,0,0,0,,321,177,353,269
2026-08-28,GOOD,1,0,272,506,154,,389,719,671,,706,3,0,17000,49000,1000,,16000,33000,,1169,1233,,1229,0,720,658,,709,3,0,17272,UNKNOWN,2026-08-28T08:30:26.820315+00:00,49506,1154,,16154,33389,,1171,1304,,1229,False,OTC,富野,UNKNOWN,ordinary_stock,TWSE_T86+TPEX_DAILY_TRADE_HIS,2736,252,140,,232,0,0,0,0,0,,0,0,,322,178,,270
2026-08-28,GOOD,0,1,85122,125496,-56,123897,105309,638,373,634,1330,1,0,-132620,84620,31000,152720,19000,-24000,,1253,1589,1027,607,0,481,371,536,559,3,0,-47498,UNKNOWN,2026-08-28T08:30:26.820315+00:00,210116,30944,276617,102654,81309,,1410,1591,1125,1379,False,OTC,山富,UNKNOWN,ordinary_stock,TWSE_T86+TPEX_DAILY_TRADE_HIS,2743,253,141,263,233,0,0,0,0,0,0,0,0,,323,179,354,271
2026-08-28,GOOD,0,2,-629,1253,-64,-212152,312,671,365,839,1018,3,0,-62320,66320,33000,23502,39000,2000,,1220,1597,822,909,0,681,365,1144,1008,3,0,-62949,UNKNOWN,2026-08-28T08:30:26.820315+00:00,67573,32936,-188650,39002,2312,,1210,1597,517,930,False,OTC,五福,UNKNOWN,ordinary_stock,TWSE_T86+TPEX_DAILY_TRADE_HIS,2745,254,142,264,234,0,0,0,0,0,0,0,0,,324,180,355,272
2026-08-17,STALE,0,0,,,0,,0,,845,,1247,0,4,,,-1000,,-9000,-9066,,,1028,,691,11,,842,,1226,0,4,,UNKNOWN,2026-08-28T08:30:26.820315+00:00,,-1000,,-9000,-9066,,,1048,,712,True,OTC,豆府,UNKNOWN,ordinary_stock,TWSE_T86+TPEX_DAILY_TRADE_HIS,2752,,143,,235,0,0,,,0,,0,0,,,181,,273
2026-08-28,GOOD,0,0,821,813,0,-288,817,1230,1040,957,1269,0,13,1119,-27119,-4000,-23109,-8000,-13000,,661,902,704,667,0,1231,1024,941,1254,0,13,1940,UNKNOWN,2026-08-28T08:30:26.820315+00:00,-26306,-4000,-23397,-7062,-12183,,660,919,720,684,False,OTC,亞洲藏壽司,UNKNOWN,ordinary_stock,TWSE_T86+TPEX_DAILY_TRADE_HIS,2754,255,144,265,236,0,0,0,0,0,0,0,0,,325,182,356,274
2026-08-28,GOOD,0,0,-162,-868,0,-6477,-515,1097,846,1032,1208,0,6,-7710,-4792,-1000,-60792,-4422,-6251,,794,1029,629,730,0,1115,843,1025,1194,0,6,-7872,UNKNOWN,2026-08-28T08:30:26.820315+00:00,-5660,-1000,-67269,-4439,-6766,,776,1049,636,744,False,OTC,揚秦,UNKNOWN,ordinary_stock,TWSE_T86+TPEX_DAILY_TRADE_HIS,2755,256,145,266,237,0,0,0,0,0,0,0,0,,326,183,357,275
2026-08-28,GOOD,1,0,73,219,47,196,146,797,672,818,973,2,0,-23000,31000,1000,30000,1000,4000,,1091,1234,842,948,0,803,660,808,971,2,0,-22927,UNKNOWN,2026-08-28T08:30:26.820315+00:00,31219,1047,30196,1047,4146,,1088,1302,853,967,False,OTC,聯發國際,UNKNOWN,ordinary_stock,TWSE_T86+TPEX_DAILY_TRADE_HIS,2756,257,146,267,238,0,0,0,0,0,0,0,0,,327,184,358,276
2026-08-28,GOOD,0,0,0,0,0,,0,1292,994,,1298,0,2,16000,-50000,-3000,,-7000,-17000,,599,933,,635,0,1299,983,,1284,0,2,16000,UNKNOWN,2026-08-28T08:30:26.820315+00:00,-50000,-3000,,-7000,-17000,,592,951,,654,False,OTC,滿心,UNKNOWN,ordinary_stock,TWSE_T86+TPEX_DAILY_TRADE_HIS,2916,258,147,,239,0,0,0,0,0,,0,0,,328,185,,277
2026-08-28,GOOD,2,0,5338,-6668,522,-18974,-665,291,162,989,214,4,0,638635,642561,302081,-39298,721678,640598,,1600,1800,672,1724,0,295,160,1009,219,3,0,643973,UNKNOWN,2026-08-28T08:30:26.820315+00:00,635893,302603,-58272,725160,639933,,1596,1802,652,1719,False,OTC,李洲,UNKNOWN,ordinary_stock,TWSE_T86+TPEX_DAILY_TRADE_HIS,3066,259,148,268,240,0,0,0,0,0,0,0,0,,329,186,359,278
2026-08-28,GOOD,0,1,191,-509,-2,-297,-159,1489,1279,1259,1526,0,2,-12954,-245266,-23000,-422313,-42000,-129110,,402,675,402,412,0,1488,1269,1259,1524,0,2,-12763,UNKNOWN,2026-08-28T08:30:26.820315+00:00,-245775,-23002,-422610,-41418,-129269,,403,693,402,414,False,OTC,協禧,UNKNOWN,ordinary_stock,TWSE_T86+TPEX_DAILY_TRADE_HIS,3071,260,149,269,241,0,0,0,0,0,0,0,0,,330,187,360,279
2026-08-28,GOOD,0,0,61,377,0,-198,219,1272,751,955,1355,0,0,-24000,-40000,0,-22000,-19000,-32000,,617,1136,706,582,0,1276,759,940,1337,0,0,-23939,UNKNOWN,2026-08-28T08:30:26.820315+00:00,-39623,0,-22198,-19000,-31781,,615,1162,721,601,False,OTC,天方能源,UNKNOWN,ordinary_stock,TWSE_T86+TPEX_DAILY_TRADE_HIS,3073,261,150,270,242,0,0,0,0,0,0,0,0,,331,188,361,280
2026-08-28,GOOD,1,0,-43609,394235,113,630386,175313,1540,1768,427,1796,0,5,-1891660,-365280,-407000,569038,-540000,-1128470,,351,194,1234,142,0,795,1761,323,1777,0,5,-1933269,UNKNOWN,2026-08-28T08:30:26.820315+00:00,32955,-403887,1202275,-538082,-950157,,1096,201,1338,161,False,OTC,僑威,UNKNOWN,ordinary_stock,TWSE_T86+TPEX_DAILY_TRADE_HIS,3078,175,80,220,138,1,0,2000,4000,3000,2851,3000,3000,,1711,1879,1441,1798
2026-08-28,GOOD,0,1,329149,155019,-29997,665691,242084,1720,140,1386,1609,2,0,988721,-1448807,421760,-982068,119229,-230043,,171,1822,275,329,0,184,147,167,135,3,0,1898014,UNKNOWN,2026-08-28T08:30:26.820315+00:00,1644996,388763,4043307,1911100,1771505,,1707,1815,1494,1803,False,OTC,聯亞,UNKNOWN,ordinary_stock,TWSE_T86+TPEX_DAILY_TRADE_HIS,3081,41,1861,44,25,0,1,580144,2938784,-3000,4359684,1607452,1759464,,1850,99,1617,1913
2026-08-28,GOOD,0,0,-201,-421,0,-270,-311,948,673,1087,961,1,0,880,9120,1000,-104755,11000,5000,,943,1235,574,967,0,959,668,1074,966,1,0,679,UNKNOWN,2026-08-28T08:30:26.820315+00:00,8699,1000,-105025,10330,4689,,932,1245,587,972,False,OTC,網龍,UNKNOWN,ordinary_stock,TWSE_T86+TPEX_DAILY_TRADE_HIS,3083,262,151,271,243,0,0,0,0,0,0,0,0,,332,189,362,281
2026-08-28,GOOD,1,0,10305,-16311,92,-23973,-3003,474,270,496,456,4,0,62000,218000,78000,355000,122000,140000,,1417,1691,1165,1481,0,490,270,511,463,4,0,72305,UNKNOWN,2026-08-28T08:30:26.820315+00:00,201689,78092,331027,120198,136997,,1401,1692,1150,1475,False,OTC,華義*,UNKNOWN,ordinary_stock,TWSE_T86+TPEX_DAILY_TRADE_HIS,3086,263,152,272,244,0,0,0,0,0,0,0,0,,333,190,363,282
2026-08-28,GOOD,0,7,-30717,-42855,-526,-217020,-36786,1731,1398,1338,1770,0,11,88346,-1687954,-41800,-682844,-494600,-799804,,160,564,323,168,0,1744,1386,1373,1767,0,11,57629,UNKNOWN,2026-08-28T08:30:26.820315+00:00,-1730809,-42326,-899864,-527633,-836590,,147,576,288,171,False,OTC,艾訊,UNKNOWN,ordinary_stock,TWSE_T86+TPEX_DAILY_TRADE_HIS,3088,264,153,273,245,0,0,0,0,0,0,0,0,,334,191,364,283
2026-08-28,GOOD,0,1,1125,-1471,-705,-4955,-173,1384,1522,1166,1582,0,2,-288942,-111706,-79487,-219644,-259424,-200324,,507,440,495,356,0,1389,1506,1168,1576,0,2,-287817,UNKNOWN,2026-08-28T08:30:26.820315+00:00,-113177,-80192,-224599,-254791,-200497,,502,456,493,362,False,OTC,港建*,UNKNOWN,ordinary_stock,TWSE_T86+TPEX_DAILY_TRADE_HIS,3093,265,154,274,246,0,0,0,0,0,0,0,0,,335,192,365,284
2026-08-28,GOOD,1,0,1023,-941,46,,41,1121,674,,1134,1,0,4000,-8000,1000,,-3000,-2000,,767,1236,,787,0,1138,661,,1116,1,0,5023,UNKNOWN,2026-08-28T08:30:26.820315+00:00,-8941,1046,,-2959,-1959,,753,1301,,822,False,OTC,及成,UNKNOWN,ordinary_stock,TWSE_T86+TPEX_DAILY_TRADE_HIS,3095,266,155,,247,0,0,0,0,0,,0,0,,336,193,,285
2026-08-28,GOOD,0,1,1689058,-53484,-53838,-7596,817787,51,65,1368,34,4,0,10028669,9968999,1382612,-862313,8097825,9998834,,1840,1897,293,1904,0,35,42,89,24,4,0,16553305,UNKNOWN,2026-08-28T08:30:26.820315+00:00,16630711,2667774,9421818,14746575,16592008,,1856,1920,1572,1914,False,OTC,穩懋,UNKNOWN,ordinary_stock,TWSE_T86+TPEX_DAILY_TRADE_HIS,3105,20,7,21,7,9,0,4835578,6715196,1339000,10291727,5753387,5775387,,1871,1955,1640,1931
2026-08-28,GOOD,0,2,-582,-366,-90,11619,-474,1414,416,1393,1343,3,0,85610,-143348,21000,-1022437,57000,-28869,,477,1545,268,595,0,1423,419,1389,1332,3,0,85028,UNKNOWN,2026-08-28T08:30:26.820315+00:00,-143714,20910,-1010818,56530,-29343,,468,1543,272,606,False,OTC,好德,UNKNOWN,ordinary_stock,TWSE_T86+TPEX_DAILY_TRADE_HIS,3114,267,156,275,248,0,0,0,0,0,0,0,0,,337,194,366,286
2026-08-27,STALE,0,3,-1162,5980,-5,,2409,1089,752,,1059,0,0,4999,-3001,0,,0,999,,802,1137,,879,1,1017,804,,984,0,3,3837,UNKNOWN,2026-08-28T08:30:26.820315+00:00,2979,-5,,-450,3408,,874,1158,,954,True,OTC,進階,UNKNOWN,ordinary_stock,TWSE_T86+TPEX_DAILY_TRADE_HIS,3118,268,157,,249,0,0,0,0,0,,0,0,,338,195,,287
2026-08-28,GOOD,1,0,-36,4,1,369,-16,1236,534,1000,785,3,0,69092,-29886,6000,-46049,33000,19603,,655,1412,661,1153,0,1243,539,977,784,3,0,69056,UNKNOWN,2026-08-28T08:30:26.820315+00:00,-29882,6001,-45680,32964,19587,,648,1423,684,1154,False,OTC,笙泉,UNKNOWN,ordinary_stock,TWSE_T86+TPEX_DAILY_TRADE_HIS,3122,269,158,276,250,0,0,0,0,0,0,0,0,,339,196,367,288
2026-08-28,GOOD,0,1,1412,272,-15,112,842,1199,1209,676,1559,0,5,-307872,-19874,-13873,120124,-147873,-163873,,692,753,985,379,0,1205,1192,670,1552,0,5,-306460,UNKNOWN,2026-08-28T08:30:26.820315+00:00,-19602,-13888,120236,-147900,-163031,,686,770,991,386,False,OTC,昇銳,UNKNOWN,ordinary_stock,TWSE_T86+TPEX_DAILY_TRADE_HIS,3128,270,159,277,251,0,0,0,0,0,0,0,0,,340,197,368,289
2026-08-28,GOOD,0,2,28109,-9553,-2742,-31004,9278,550,420,858,357,5,0,349187,136255,19980,16983,174508,242721,,1341,1542,803,1581,0,1369,439,1342,446,1,0,400426,UNKNOWN,2026-08-28T08:30:26.820315+00:00,-94554,17238,-699273,110024,152936,,522,1523,319,1492,False,OTC,弘塑,UNKNOWN,ordinary_stock,TWSE_T86+TPEX_DAILY_TRADE_HIS,3131,1794,160,1577,1853,0,0,23130,-221256,0,-685252,-76063,-99063,,97,198,84,85
2026-08-28,GOOD,0,2,19159,-41929,-15094,5061,-11385,441,599,164,252,1,0,647682,270968,3181,3670851,411215,459325,,1450,1363,1497,1686,0,468,1164,180,265,0,2,666841,UNKNOWN,2026-08-28T08:30:26.820315+00:00,229039,-11913,3675912,396083,447940,,1423,798,1481,1673,False,OTC,晶宏,UNKNOWN,ordinary_stock,TWSE_T86+TPEX_DAILY_TRADE_HIS,3141,271,161,278,252,0,0,0,0,0,0,0,0,,341,199,369,290
2026-08-28,GOOD,0,10,11798,-44548,-2380,-155090,-16375,424,219,534,422,1,0,57037,289775,147099,284135,123721,173406,,1467,1743,1127,1516,0,453,222,654,442,1,0,68835,UNKNOWN,2026-08-28T08:30:26.820315+00:00,245227,144719,129045,120581,157031,,1438,1740,1007,1496,False,OTC,大綜,UNKNOWN,ordinary_stock,TWSE_T86+TPEX_DAILY_TRADE_HIS,3147,272,162,279,253,0,0,0,0,0,0,0,0,,342,200,370,291
2026-08-28,GOOD,1,0,-33274,19548,226,10659,-6863,1667,1385,1391,1739,0,7,-297335,-953435,-39754,-1007499,-176295,-625385,,224,577,270,199,0,1677,1369,1384,1738,0,7,-330609,UNKNOWN,2026-08-28T08:30:26.820315+00:00,-933887,-39528,-996840,-181131,-632248,,214,593,277,200,False,OTC,璟德,UNKNOWN,ordinary_stock,TWSE_T86+TPEX_DAILY_TRADE_HIS,3152,273,163,280,254,0,0,0,0,0,0,0,0,,343,201,371,292
2026-08-28,GOOD,0,2,80306,69806,-369,4168,75056,1698,1554,1481,1805,0,3,-1358217,-1170697,-98466,-2093766,-1230957,-1264457,,193,408,180,133,0,1696,1539,1483,1799,0,3,-1277911,UNKNOWN,2026-08-28T08:30:26.820315+00:00,-1100891,-98835,-2089598,-1160325,-1189401,,195,423,178,139,False,OTC,精確,UNKNOWN,ordinary_stock,TWSE_T86+TPEX_DAILY_TRADE_HIS,3162,274,164,281,255,0,0,0,0,0,0,0,0,,344,202,372,293
2026-08-28,GOOD,0,1,-133217,104745,-667,102472,-14236,1730,1771,1529,1846,0,5,-2187153,-1659121,-413274,-3191805,-1014953,-1923137,,161,191,132,92,0,1737,1764,1527,1848,0,5,-2285600,UNKNOWN,2026-08-28T08:30:26.820315+00:00,-1599146,-413941,-3133603,-1004932,-1942373,,154,198,134,90,False,OTC,波若威,UNKNOWN,ordinary_stock,TWSE_T86+TPEX_DAILY_TRADE_HIS,3163,1755,165,1476,1771,0,0,34770,-44770,0,-44270,0,-5000,,136,203,185,165
2026-08-28,GOOD,0,2,-3121,-4895,-921,668,-4008,633,387,562,609,3,0,33183,88089,27278,238390,94378,60636,,1258,1575,1099,1329,0,653,386,565,628,3,0,30062,UNKNOWN,2026-08-28T08:30:26.820315+00:00,83194,26357,239058,91506,56628,,1238,1576,1096,1310,False,OTC,亞信,UNKNOWN,ordinary_stock,TWSE_T86+TPEX_DAILY_TRADE_HIS,3169,275,166,282,256,0,0,0,0,0,0,0,0,,345,204,373,294
2026-08-28,GOOD,0,0,1325,6625,0,,3975,980,753,,1019,0,0,-1000,5000,0,,2000,2000,,906,1138,,910,0,927,760,,941,0,0,325,UNKNOWN,2026-08-28T08:30:26.820315+00:00,11625,0,,2000,5975,,964,1163,,997,False,OTC,炎洲流通,UNKNOWN,ordinary_stock,TWSE_T86+TPEX_DAILY_TRADE_HIS,3171,276,167,,257,0,0,0,0,0,,0,0,,346,205,,295
2026-08-28,GOOD,1,0,-117,-189,751,309,-153,120,148,173,110,7,0,1172390,3219954,352130,3282953,1813790,2196172,,1771,1814,1488,1828,0,127,150,188,111,7,0,1172273,UNKNOWN,2026-08-28T08:30:26.820315+00:00,3219765,352881,3283262,1813817,2196019,,1764,1812,1473,1827,False,OTC,基亞,UNKNOWN,ordinary_stock,TWSE_T86+TPEX_DAILY_TRADE_HIS,3176,277,168,283,258,0,0,0,0,0,0,0,0,,347,206,374,296
2026-08-28,GOOD,0,2,1378,-702,-3,-442,338,801,1185,704,1202,0,1,-42000,30000,-12000,94000,2000,-6000,,1086,767,956,733,0,809,1175,690,1181,0,1,-40622,UNKNOWN,2026-08-28T08:30:26.820315+00:00,29298,-12003,93558,2315,-5662,,1082,787,971,757,False,OTC,公準,UNKNOWN,ordinary_stock,TWSE_T86+TPEX_DAILY_TRADE_HIS,3178,278,169,284,259,0,0,0,0,0,0,0,0,,348,207,375,297
2026-08-28,GOOD,0,0,56,-56,0,-21536,0,335,370,412,405,4,0,-94737,477263,32000,606338,185263,191263,,1556,1591,1249,1533,0,340,368,417,413,4,0,-94681,UNKNOWN,2026-08-28T08:30:26.820315+00:00,477207,32000,584802,185263,191263,,1551,1594,1244,1525,False,OTC,鑫龍騰,UNKNOWN,ordinary_stock,TWSE_T86+TPEX_DAILY_TRADE_HIS,3188,279,170,285,260,0,0,0,0,0,0,0,0,,349,208,376,298
2026-08-28,GOOD,0,0,-1000,-1000,0,,-1000,894,949,,917,0,1,1000,15000,-2000,,9000,8000,,993,979,,1013,0,906,939,,919,0,1,0,UNKNOWN,2026-08-28T08:30:26.820315+00:00,14000,-2000,,9000,7000,,981,999,,1017,False,OTC,雲嘉南,UNKNOWN,ordinary_stock,TWSE_T86+TPEX_DAILY_TRADE_HIS,3191,280,171,,261,0,0,0,0,0,,0,0,,350,209,,299
2026-08-28,GOOD,0,2,-872,-826,-230,-656,-849,725,1173,673,1135,0,2,-52000,48000,-11000,123000,-10000,-2000,,1165,782,988,788,0,734,1161,669,1133,0,2,-52872,UNKNOWN,2026-08-28T08:30:26.820315+00:00,47174,-11230,122344,-10774,-2849,,1157,801,992,805,False,OTC,佰研,UNKNOWN,ordinary_stock,TWSE_T86+TPEX_DAILY_TRADE_HIS,3205,281,172,286,262,0,0,0,0,0,0,0,0,,351,210,377,300
2026-08-28,GOOD,0,0,-934,-1066,0,751,-1000,746,627,590,856,3,0,-20000,44000,2000,200000,17000,12000,,1144,1303,1071,1072,0,758,623,590,871,3,0,-20934,UNKNOWN,2026-08-28T08:30:26.820315+00:00,42934,2000,200751,16000,11000,,1133,1315,1071,1065,False,OTC,志豐,UNKNOWN,ordinary_stock,TWSE_T86+TPEX_DAILY_TRADE_HIS,3206,282,173,287,263,0,0,0,0,0,0,0,0,,352,211,378,301
2026-08-28,GOOD,2,0,1835,-1963,487,-725,-64,674,1041,1060,855,0,2,-39820,64180,-4000,-78243,22180,12180,,1217,903,601,1083,0,692,1019,1042,859,0,2,-37985,UNKNOWN,2026-08-28T08:30:26.820315+00:00,62217,-3513,-78968,23312,12116,,1199,943,619,1079,False,OTC,耀勝,UNKNOWN,ordinary_stock,TWSE_T86+TPEX_DAILY_TRADE_HIS,3207,283,174,288,264,0,0,0,0,0,0,0,0,,353,212,379,302
2026-08-28,GOOD,0,1,518621,-41015,-183486,89582,238803,1751,92,1589,1882,1,0,-4805704,-1986230,796081,-8249162,-3621070,-3395967,,140,1870,72,56,0,1822,108,1325,1853,2,0,766817,UNKNOWN,2026-08-28T08:30:26.820315+00:00,-4903145,612595,-629680,150221,-2068164,,69,1854,336,85,False,OTC,順達,UNKNOWN,ordinary_stock,TWSE_T86+TPEX_DAILY_TRADE_HIS,3211,1861,175,31,37,0,0,5053900,-2875900,0,7529900,3542000,1089000,,30,213,1630,1901
2026-08-28,GOOD,0,2,-7129,-3701,-4095,11070,-5415,1531,1512,355,1618,0,7,-142649,-351083,-75350,886208,-138557,-246866,,360,450,1306,320,0,1539,1504,357,1615,0,7,-149778,UNKNOWN,2026-08-28T08:30:26.820315+00:00,-354784,-79445,894835,-141074,-252281,,352,458,1304,323,False,OTC,茂訊,UNKNOWN,ordinary_stock,TWSE_T86+TPEX_DAILY_TRADE_HIS,3213,284,176,1378,265,0,0,0,0,0,-2443,0,0,,354,214,283,303
2026-08-28,GOOD,0,1,6362,-18268,-2359,-431202,-5953,1718,1412,1520,1694,0,16,504667,-1444015,-45314,-3071511,-233211,-469674,,173,550,141,244,0,1727,1405,1535,1692,0,16,511029,UNKNOWN,2026-08-28T08:30:26.820315+00:00,-1462283,-47673,-3502713,-233688,-475627,,164,557,126,246,False,OTC,優群,UNKNOWN,ordinary_stock,TWSE_T86+TPEX_DAILY_TRADE_HIS,3217,285,177,289,266,0,0,0,0,0,0,0,0,,355,215,380,304
2026-08-28,GOOD,0,1,-5366,-1246,-555,-5419,-3306,433,296,497,447,3,0,17423,276851,64376,353098,228137,147137,,1458,1666,1164,1491,0,441,297,510,456,3,0,14822,UNKNOWN,2026-08-28T08:30:26.820315+00:00,268370,63821,332444,224687,141596,,1450,1665,1151,1482,False,OTC,大學光,UNKNOWN,ordinary_stock,TWSE_T86+TPEX_DAILY_TRADE_HIS,3218,1698,178,1441,1745,0,0,2765,-7235,0,-15235,-2235,-2235,,193,216,220,193
2026-08-28,GOOD,2,0,254438,307566,110340,412790,281002,435,532,526,327,3,0,302589,273291,6550,301475,257640,287940,,1456,1430,1135,1611,0,310,242,396,233,3,0,557027,UNKNOWN,2026-08-28T08:30:26.820315+00:00,580857,116890,714265,448569,568942,,1581,1720,1265,1705,False,OTC,倚強科,UNKNOWN,ordinary_stock,TWSE_T86+TPEX_DAILY_TRADE_HIS,3219,286,179,290,267,0,0,0,0,0,0,0,0,,356,217,381,305
2026-08-28,GOOD,0,1,-113613,54497,-14306,46531,-29558,179,1575,229,194,0,1,-103708,1690914,-111955,2074989,725421,793603,,1712,387,1432,1744,0,177,1583,237,208,0,1,-217321,UNKNOWN,2026-08-28T08:30:26.820315+00:00,1745411,-126261,2121520,735331,764045,,1714,379,1424,1730,False,OTC,台嘉碩,UNKNOWN,ordinary_stock,TWSE_T86+TPEX_DAILY_TRADE_HIS,3221,287,180,291,268,0,0,0,0,0,0,0,0,,357,218,382,306
2026-08-28,GOOD,0,0,-303,-221,0,,-262,1026,1148,,938,0,2,11000,1000,-9000,,4000,6000,,855,806,,980,0,1042,1132,,943,0,2,10697,UNKNOWN,2026-08-28T08:30:26.820315+00:00,779,-9000,,3738,5738,,848,825,,995,False,OTC,三顧,UNKNOWN,ordinary_stock,TWSE_T86+TPEX_DAILY_TRADE_HIS,3224,288,181,,269,0,0,0,0,0,,0,0,,358,219,,307
2026-08-28,GOOD,0,0,1000,-1000,0,,0,961,628,,1154,2,0,-13000,7000,2000,,-1000,-3000,,927,1304,,768,0,985,624,,1136,2,0,-12000,UNKNOWN,2026-08-28T08:30:26.820315+00:00,6000,2000,,-1000,-3000,,904,1316,,799,False,OTC,龍鋒,UNKNOWN,ordinary_stock,TWSE_T86+TPEX_DAILY_TRADE_HIS,3226,289,182,,270,0,0,0,0,0,,0,0,,359,220,,308
2026-08-28,GOOD,1,0,22300,7412,3763,5032,14856,1679,1608,206,698,0,1,1105265,-1034779,-135526,2515937,67083,35243,,212,354,1455,1240,0,1652,1594,292,1617,0,1,274365,UNKNOWN,2026-08-28T08:30:26.820315+00:00,-786167,-133763,1399369,144297,-255901,,239,368,1369,321,False,OTC,原相,UNKNOWN,ordinary_stock,TWSE_T86+TPEX_DAILY_TRADE_HIS,3227,119,1853,1596,1878,0,1,-853200,241200,-2000,-1121600,-6000,-306000,,1772,104,65,59
2026-08-28,GOOD,1,0,142670,129148,123544,129430,135909,1421,385,692,1432,1,0,26067,-150611,28000,104553,-82070,-62272,,470,1577,969,506,0,1124,217,631,578,1,0,153737,UNKNOWN,2026-08-28T08:30:26.820315+00:00,-6463,151544,148983,61745,73637,,767,1745,1030,1360,False,OTC,金麗科,UNKNOWN,ordinary_stock,TWSE_T86+TPEX_DAILY_TRADE_HIS,3228,155,183,1502,271,0,0,-15000,15000,0,-85000,0,0,,1734,221,159,309
2026-08-28,GOOD,2,0,3735,-3711,374,-120,12,1694,1751,1389,1698,0,1,166358,-1146920,-365000,-994694,-132351,-490281,,197,211,272,240,0,1702,1747,1381,1697,0,1,170093,UNKNOWN,2026-08-28T08:30:26.820315+00:00,-1150631,-364626,-994814,-132074,-490269,,189,215,280,241,False,OTC,錦明,UNKNOWN,ordinary_stock,TWSE_T86+TPEX_DAILY_TRADE_HIS,3230,290,184,292,272,0,0,0,0,0,0,0,0,,360,222,383,310
2026-08-28,GOOD,0,0,40,40,0,,40,933,580,,889,4,0,10000,10000,4000,,6000,10000,,946,1368,,1040,0,941,578,,878,4,0,10040,UNKNOWN,2026-08-28T08:30:26.820315+00:00,10040,4000,,6039,10040,,950,1373,,1060,False,OTC,昱捷,UNKNOWN,ordinary_stock,TWSE_T86+TPEX_DAILY_TRADE_HIS,3232,291,185,,273,0,0,0,0,0,,0,0,,361,223,,311
2026-08-28,GOOD,0,3,92644,-17670,-5000,55745,37487,134,138,99,156,2,0,-376314,2906792,425030,8120176,555236,1265239,,1757,1824,1562,1782,0,138,138,104,164,2,0,-283670,UNKNOWN,2026-08-28T08:30:26.820315+00:00,2889122,420030,8175921,530236,1302726,,1753,1824,1557,1774,False,OTC,光環,UNKNOWN,ordinary_stock,TWSE_T86+TPEX_DAILY_TRADE_HIS,3234,292,186,293,274,0,0,0,0,0,0,0,0,,362,224,384,312
2026-08-28,GOOD,3,0,40908,-17154,9773,6157,11877,513,1730,1494,1249,0,1,-194594,175508,-301665,-2358457,-114563,-9543,,1378,232,167,689,0,529,1717,1496,1007,0,1,-153686,UNKNOWN,2026-08-28T08:30:26.820315+00:00,158354,-291892,-2352300,-95619,2334,,1362,245,165,931,False,OTC,千如,UNKNOWN,ordinary_stock,TWSE_T86+TPEX_DAILY_TRADE_HIS,3236,293,187,294,275,0,0,0,0,0,0,0,0,,363,225,385,313
2026-08-28,GOOD,0,0,-20,-20,0,,-20,1013,995,,1212,0,1,-16000,2000,-3000,,4000,-7000,,871,934,,719,0,1027,984,,1201,0,1,-16020,UNKNOWN,2026-08-28T08:30:26.820315+00:00,1980,-3000,,3980,-7020,,864,952,,737,False,OTC,海灣,UNKNOWN,ordinary_stock,TWSE_T86+TPEX_DAILY_TRADE_HIS,3252,294,188,,276,0,0,0,0,0,,0,0,,364,226,,314
2026-08-28,GOOD,0,1,187210,-868098,-138888,-755155,-340444,59,1901,63,1564,0,4,-8504171,8153587,-1624241,14237290,-4315414,-175292,,1832,61,1598,374,0,67,1902,69,644,0,4,-7550596,UNKNOWN,2026-08-28T08:30:26.820315+00:00,7656454,-1772129,13694930,-4497452,52929,,1824,60,1592,1294,False,OTC,威剛,UNKNOWN,ordinary_stock,TWSE_T86+TPEX_DAILY_TRADE_HIS,3260,104,1872,149,48,0,3,766365,370965,-9000,212795,-47335,568665,,1787,89,1512,1890
2026-08-28,GOOD,4,0,1629149,85433,612769,835206,857291,64,28,238,47,6,0,8438744,7611448,3897344,1953433,6364359,8025096,,1827,1934,1423,1891,0,174,29,83,68,2,0,6862064,UNKNOWN,2026-08-28T08:30:26.820315+00:00,1907310,4509113,10327477,4574594,4384687,,1717,1933,1578,1870,False,OTC,欣銓,UNKNOWN,ordinary_stock,TWSE_T86+TPEX_DAILY_TRADE_HIS,3264,1878,1830,30,1929,0,8,-3205829,-5789571,-1000,7538838,-2616700,-4497700,,13,111,1631,9
2026-08-28,GOOD,3,0,214380,309564,153634,346812,261972,1763,79,1217,124,3,0,5995354,-2285664,1117266,-326721,1979325,1854845,,128,1883,444,1814,0,190,71,187,115,3,0,2729734,UNKNOWN,2026-08-28T08:30:26.820315+00:00,1487900,1270900,3386091,2258597,2108817,,1701,1891,1474,1823,False,OTC,台星科,UNKNOWN,ordinary_stock,TWSE_T86+TPEX_DAILY_TRADE_HIS,3265,39,189,60,1784,0,0,-3480000,3464000,0,3366000,-30000,-8000,,1852,227,1601,154
2026-08-28,GOOD,0,0,-521,255,0,286,-133,1218,1119,785,1155,0,1,18000,-24000,-7000,44999,11000,-3000,,670,834,876,769,0,1220,1102,775,1143,0,1,17479,UNKNOWN,2026-08-28T08:30:26.820315+00:00,-23745,-7000,45285,10921,-3133,,671,855,886,795,False,OTC,海德威,UNKNOWN,ordinary_stock,TWSE_T86+TPEX_DAILY_TRADE_HIS,3268,295,190,295,277,0,0,0,0,0,0,0,0,,365,228,386,315
2026-08-28,GOOD,0,0,1030,610,0,658,820,662,557,729,899,1,0,-53000,71000,5000,77000,7000,9000,,1228,1389,931,1028,0,671,557,714,890,1,0,-51970,UNKNOWN,2026-08-28T08:30:26.820315+00:00,71610,5000,77658,6890,9820,,1220,1396,947,1048,False,OTC,東碩,UNKNOWN,ordinary_stock,TWSE_T86+TPEX_DAILY_TRADE_HIS,3272,296,191,296,278,0,0,0,0,0,0,0,0,,366,229,387,316
2026-08-28,GOOD,1,0,5850,-4910,807,-5000,470,1476,1477,1299,1560,0,7,-104001,-226001,-65000,-524930,-83000,-165001,,415,483,362,378,0,1484,1465,1289,1554,0,7,-98151,UNKNOWN,2026-08-28T08:30:26.820315+00:00,-230911,-64193,-529930,-82336,-164531,,407,497,372,384,False,OTC,宇環,UNKNOWN,ordinary_stock,TWSE_T86+TPEX_DAILY_TRADE_HIS,3276,297,192,297,279,0,0,0,0,0,0,0,0,,367,230,388,317
2026-08-28,GOOD,0,1,-282,342,-1008,-228,30,1514,1257,1317,1359,0,4,232338,-299432,-20000,-575009,-28567,-33547,,377,703,344,579,0,1514,1251,1306,1340,0,4,232056,UNKNOWN,2026-08-28T08:30:26.820315+00:00,-299090,-21008,-575237,-28597,-33517,,377,711,355,598,False,OTC,太普高,UNKNOWN,ordinary_stock,TWSE_T86+TPEX_DAILY_TRADE_HIS,3284,298,193,298,280,0,0,0,0,0,0,0,0,,368,231,389,318
2026-08-28,GOOD,0,1,-3323,-3303,-3810,240,-3313,1140,491,1009,714,3,0,75000,-11000,10000,-51000,38000,32000,,746,1465,652,1223,0,1167,533,993,734,3,0,71677,UNKNOWN,2026-08-28T08:30:26.820315+00:00,-14303,6190,-50760,34601,28687,,724,1429,668,1204,False,OTC,微端,UNKNOWN,ordinary_stock,TWSE_T86+TPEX_DAILY_TRADE_HIS,3285,299,194,299,281,0,0,0,0,0,0,0,0,,369,232,390,319
2026-08-28,GOOD,0,4,-19638,-196,-420,-6605,-9917,379,166,667,288,2,0,333708,370552,277400,125552,285094,352130,,1512,1796,994,1650,0,385,168,672,307,2,0,314070,UNKNOWN,2026-08-28T08:30:26.820315+00:00,370356,276980,118947,284395,342213,,1506,1794,989,1631,False,OTC,廣寰科,UNKNOWN,ordinary_stock,TWSE_T86+TPEX_DAILY_TRADE_HIS,3287,300,195,300,282,0,0,0,0,0,0,0,0,,370,233,391,320
2026-08-28,GOOD,0,0,-2993,749,0,-1929,-1122,1064,600,871,1176,2,0,-6000,-2000,3000,14000,7000,-4000,,817,1341,789,753,0,1064,598,860,1175,3,0,-8993,UNKNOWN,2026-08-28T08:30:26.820315+00:00,-1251,3000,12071,7100,-5122,,827,1348,801,763,False,OTC,點晶,UNKNOWN,ordinary_stock,TWSE_T86+TPEX_DAILY_TRADE_HIS,3288,301,196,301,283,0,0,0,0,0,0,0,0,,371,234,392,321
2026-08-28,GOOD,0,2,44944,-34740,-3419,-157605,5102,341,286,609,279,5,0,299464,457954,69350,182400,311438,378709,,1550,1676,1052,1659,0,364,293,818,289,5,0,343708,UNKNOWN,2026-08-28T08:30:26.820315+00:00,422514,65931,26360,320071,383111,,1527,1669,843,1649,False,OTC,宜特,UNKNOWN,ordinary_stock,TWSE_T86+TPEX_DAILY_TRADE_HIS,3289,1619,197,225,1719,0,0,-700,-700,0,1565,-700,-700,,272,235,1436,219
2026-08-28,GOOD,0,11,-125002,-304750,-186418,-386259,-214876,1507,1406,1409,1615,0,6,-185921,-283213,-43047,-1155405,-109047,-234567,,384,556,252,323,0,1610,1686,1445,1689,0,6,-310923,UNKNOWN,2026-08-28T08:30:26.820315+00:00,-587963,-229465,-1541664,-297443,-449443,,281,276,216,249,False,OTC,東浦,UNKNOWN,ordinary_stock,TWSE_T86+TPEX_DAILY_TRADE_HIS,3290,302,198,302,284,0,0,0,0,0,0,0,0,,372,236,393,322
2026-08-28,GOOD,0,1,123463,-126483,-53151,-142216,-1510,183,81,143,217,2,0,-390793,1642627,1064350,4950159,552725,625917,,1708,1881,1518,1721,0,1834,1775,1531,1907,0,6,-3683830,UNKNOWN,2026-08-28T08:30:26.820315+00:00,-6405356,-448801,-3291757,-3185073,-5044593,,57,187,130,31,False,OTC,鈊象,UNKNOWN,ordinary_stock,TWSE_T86+TPEX_DAILY_TRADE_HIS,3293,1881,1953,1648,1931,0,10,-3416500,-7921500,-1460000,-8099700,-3759000,-5669000,,10,9,13,7
2026-08-28,GOOD,0,0,4176,-9958,0,-4790,-2891,432,1134,344,414,0,1,93093,277451,-8000,931097,186340,185272,,1459,818,1317,1524,0,443,1119,353,419,0,1,97269,UNKNOWN,2026-08-28T08:30:26.820315+00:00,267493,-8000,926307,186417,182381,,1448,836,1308,1519,False,OTC,英濟,UNKNOWN,ordinary_stock,TWSE_T86+TPEX_DAILY_TRADE_HIS,3294,303,199,303,285,0,0,0,0,0,0,0,0,,373,237,394,323
2026-08-28,GOOD,0,0,2518,2470,0,2256,2494,949,1236,962,857,0,1,15000,9000,-17000,-25991,8000,12000,,941,721,699,1073,0,929,1218,942,840,0,1,17518,UNKNOWN,2026-08-28T08:30:26.820315+00:00,11470,-17000,-23735,7828,14494,,962,739,719,1098,False,OTC,杭特,UNKNOWN,ordinary_stock,TWSE_T86+TPEX_DAILY_TRADE_HIS,3297,304,200,304,286,0,0,0,0,0,0,0,0,,374,238,395,324
2026-08-28,GOOD,2,0,-6145,-8405,240,-48705,-7275,552,1429,558,1467,0,1,-302579,135863,-51000,246058,-44004,-83358,,1339,529,1103,471,0,581,1415,596,1466,0,1,-308724,UNKNOWN,2026-08-28T08:30:26.820315+00:00,127458,-50760,197353,-44826,-90633,,1310,547,1065,472,False,OTC,岱稜,UNKNOWN,ordinary_stock,TWSE_T86+TPEX_DAILY_TRADE_HIS,3303,305,201,305,287,0,0,0,0,0,0,0,0,,375,239,396,325
2026-08-28,GOOD,0,0,5370,5602,0,6397,5486,568,558,469,884,3,0,-105666,126232,5000,419963,10000,10283,,1323,1390,1192,1054,0,573,558,469,824,10,0,-100296,UNKNOWN,2026-08-28T08:30:26.820315+00:00,131834,5000,426360,10020,15769,,1318,1397,1192,1114,False,OTC,鼎天,UNKNOWN,ordinary_stock,TWSE_T86+TPEX_DAILY_TRADE_HIS,3306,306,202,306,288,0,0,0,0,0,0,0,0,,376,240,397,326
2026-08-28,GOOD,0,0,0,0,0,,0,926,581,,962,2,0,-1000,11000,4000,,7000,5000,,960,1369,,968,0,933,579,,947,2,0,-1000,UNKNOWN,2026-08-28T08:30:26.820315+00:00,11000,4000,,7000,5000,,956,1374,,978,False,OTC,佳穎,UNKNOWN,ordinary_stock,TWSE_T86+TPEX_DAILY_TRADE_HIS,3310,307,203,,289,0,0,0,0,0,,0,0,,377,241,,327
2026-08-28,GOOD,0,1,-114,140,-297,-1821,13,1463,1339,1171,1627,0,5,-338000,-194000,-30000,-225000,-240000,-266000,,428,620,490,311,0,1466,1326,1169,1621,0,5,-338114,UNKNOWN,2026-08-28T08:30:26.820315+00:00,-193860,-30297,-226821,-239267,-265987,,425,636,492,317,False,OTC,斐成,UNKNOWN,ordinary_stock,TWSE_T86+TPEX_DAILY_TRADE_HIS,3313,308,204,307,290,0,0,0,0,0,0,0,0,,378,242,398,328
2026-08-28,GOOD,3,0,-5576,-7444,2575,-14118,-6510,1347,1588,574,513,0,2,295414,-84726,-122950,223979,122577,105344,,544,374,1087,1425,0,1361,1572,582,522,0,2,289838,UNKNOWN,2026-08-28T08:30:26.820315+00:00,-92170,-120375,209861,131571,98834,,530,390,1079,1416,False,OTC,尼克森,UNKNOWN,ordinary_stock,TWSE_T86+TPEX_DAILY_TRADE_HIS,3317,309,205,308,291,0,0,0,0,0,0,0,0,,379,243,399,329
2026-08-28,GOOD,0,1,-489,-459,-320,1158,-474,849,1348,578,1313,0,1,-61998,21998,-32000,212202,56000,-20000,,1042,611,1083,624,0,852,1335,578,1302,0,1,-62487,UNKNOWN,2026-08-28T08:30:26.820315+00:00,21539,-32320,213360,55746,-20474,,1039,627,1083,636,False,OTC,建舜電,UNKNOWN,ordinary_stock,TWSE_T86+TPEX_DAILY_TRADE_HIS,3322,310,206,309,292,0,0,0,0,0,0,0,0,,380,244,400,330
2026-08-28,GOOD,0,2,15480,-31334,-109,-16583,-7927,437,737,350,383,4,0,158929,273157,847,910708,218968,216043,,1454,1225,1311,1555,0,457,729,358,397,4,0,174409,UNKNOWN,2026-08-28T08:30:26.820315+00:00,241823,738,894125,218693,208116,,1434,1233,1303,1541,False,OTC,加百裕,UNKNOWN,ordinary_stock,TWSE_T86+TPEX_DAILY_TRADE_HIS,3323,311,207,310,293,0,0,0,0,0,0,0,0,,381,245,401,331
2026-08-28,GOOD,1,0,506434,305038,116676,770683,405736,117,57,130,80,2,0,3764645,3335025,1596703,5807412,1940260,3549835,,1774,1905,1531,1858,0,95,49,106,64,2,0,5428235,UNKNOWN,2026-08-28T08:30:26.820315+00:00,4794327,2173379,7732753,2566448,5111281,,1796,1913,1555,1874,False,OTC,雙鴻,UNKNOWN,ordinary_stock,TWSE_T86+TPEX_DAILY_TRADE_HIS,3324,68,21,92,35,1,0,1157156,1154264,460000,1154658,555710,1155710,,1823,1941,1569,1903
2026-08-28,GOOD,0,1,1309,91,-22,228,700,618,754,702,560,0,0,64000,96000,0,94997,89000,80000,,1272,1139,959,1377,0,630,806,684,563,0,1,65309,UNKNOWN,2026-08-28T08:30:26.820315+00:00,96091,-22,95225,89321,80700,,1261,1156,977,1375,False,OTC,旭品,UNKNOWN,ordinary_stock,TWSE_T86+TPEX_DAILY_TRADE_HIS,3325,312,208,311,294,0,0,0,0,0,0,0,0,,382,246,402,332
2026-08-28,GOOD,0,2,3737,-5047,-189,33,-655,260,1458,1305,328,0,2,-247583,823129,-56917,-550415,265204,287773,,1631,504,356,1610,0,262,1439,1297,335,0,2,-243846,UNKNOWN,2026-08-28T08:30:26.820315+00:00,818082,-57106,-550382,264549,287118,,1629,523,364,1603,False,OTC,泰谷,UNKNOWN,ordinary_stock,TWSE_T86+TPEX_DAILY_TRADE_HIS,3339,313,209,312,295,0,0,0,0,0,0,0,0,,383,247,403,333
2026-08-28,GOOD,0,1,38,-138,-50,-282,-50,551,1174,669,794,0,1,-100000,136000,-11000,125000,51000,18000,,1340,783,992,1133,0,556,1160,664,804,0,1,-99962,UNKNOWN,2026-08-28T08:30:26.820315+00:00,135862,-11050,124718,50950,17950,,1335,802,997,1134,False,OTC,寶德,UNKNOWN,ordinary_stock,TWSE_T86+TPEX_DAILY_TRADE_HIS,3349,314,210,313,296,0,0,0,0,0,0,0,0,,384,248,404,334
2026-08-28,GOOD,3,0,-1316,-6146,90,-10175,-3731,1579,1706,1230,1710,0,4,-561000,-475000,-249000,-353000,-502000,-518000,,312,255,431,228,0,1575,1693,1238,1704,0,4,-562316,UNKNOWN,2026-08-28T08:30:26.820315+00:00,-481146,-248910,-363175,-501331,-521731,,316,269,423,234,False,OTC,律勝,UNKNOWN,ordinary_stock,TWSE_T86+TPEX_DAILY_TRADE_HIS,3354,315,211,314,297,0,0,0,0,0,0,0,0,,385,249,405,335
2026-08-28,GOOD,2,0,168608,15954,95945,144462,92281,1663,1843,1540,1746,0,3,-405989,-928183,-792550,-3697096,-802300,-667086,,228,119,121,192,0,1685,1824,1542,1745,0,1,-328081,UNKNOWN,2026-08-28T08:30:26.820315+00:00,-1001529,-696605,-3830949,-659551,-664805,,206,138,119,193,False,OTC,臺慶科,UNKNOWN,ordinary_stock,TWSE_T86+TPEX_DAILY_TRADE_HIS,3357,1771,212,1540,1851,0,0,-90700,-89300,0,-278315,0,-90000,,120,250,121,87
2026-08-28,GOOD,0,2,-527,241,-271,-5715,-143,707,171,657,300,4,0,585974,52426,269000,132796,302000,319200,,1184,1791,1004,1638,0,712,171,656,315,4,0,585447,UNKNOWN,2026-08-28T08:30:26.820315+00:00,52667,268729,127081,301728,319057,,1179,1791,1005,1623,False,OTC,尚立,UNKNOWN,ordinary_stock,TWSE_T86+TPEX_DAILY_TRADE_HIS,3360,316,213,315,298,0,0,0,0,0,0,0,0,,386,251,406,336
2026-08-28,GOOD,3,0,148752,184238,85523,181223,166495,1471,160,1423,299,4,0,852405,-209277,317000,-1363982,658144,321564,,420,1802,238,1639,0,1228,143,1413,252,4,0,1001157,UNKNOWN,2026-08-28T08:30:26.820315+00:00,-25039,402523,-1182759,830373,488059,,663,1819,248,1686,False,OTC,先進光,UNKNOWN,ordinary_stock,TWSE_T86+TPEX_DAILY_TRADE_HIS,3362,317,214,316,299,0,0,0,0,0,0,0,0,,387,252,407,337
2026-08-28,GOOD,0,1,14814,4262,-6893,-79168,9538,194,285,1041,134,4,0,1772403,1395403,70051,-65885,1364617,1583903,,1697,1677,620,1804,0,197,298,994,145,4,0,1787217,UNKNOWN,2026-08-28T08:30:26.820315+00:00,1399665,63158,-51053,1351856,1593441,,1694,1664,667,1793,False,OTC,上詮,UNKNOWN,ordinary_stock,TWSE_T86+TPEX_DAILY_TRADE_HIS,3363,318,215,170,300,0,0,0,0,0,94000,0,0,,388,253,1491,338
2026-08-28,GOOD,0,20,-15335,-213957,-20891,-501366,-114646,1566,1483,1290,1621,0,2,-58672,-442346,-66000,-503251,-179368,-250509,,325,478,371,317,0,1625,1520,1386,1662,0,6,-74007,UNKNOWN,2026-08-28T08:30:26.820315+00:00,-656303,-86891,-1004617,-253378,-365155,,266,442,275,276,False,OTC,典範,UNKNOWN,ordinary_stock,TWSE_T86+TPEX_DAILY_TRADE_HIS,3372,319,216,317,301,0,0,0,0,0,0,0,0,,389,254,408,339
2026-08-28,GOOD,0,0,9,9,0,561,9,1257,1186,977,1291,0,2,2000,-34000,-12000,-34000,-9000,-16000,,634,768,684,646,0,1261,1169,957,1280,0,2,2009,UNKNOWN,2026-08-28T08:30:26.820315+00:00,-33991,-12000,-33439,-9000,-15991,,630,788,704,658,False,OTC,熱映,UNKNOWN,ordinary_stock,TWSE_T86+TPEX_DAILY_TRADE_HIS,3373,320,217,318,302,0,0,0,0,0,0,0,0,,390,255,409,340
2026-08-28,GOOD,4,0,3239638,-1030328,60864,-1707542,1104655,147,23,1574,43,5,0,14810981,2577995,4911469,-6191362,8293910,8694488,,1744,1939,87,1895,0,83,17,1546,35,5,0,20855101,UNKNOWN,2026-08-28T08:30:26.820315+00:00,5412785,8308333,-4024148,12778090,13133943,,1808,1945,115,1903,False,OTC,精材,UNKNOWN,ordinary_stock,TWSE_T86+TPEX_DAILY_TRADE_HIS,3374,29,2,53,12,1,0,2804482,3865118,3336000,3874756,3334800,3334800,,1862,1960,1608,1926
2026-08-28,GOOD,0,0,125,-585,0,-378,-230,765,1242,1061,518,0,1,167486,39490,-17953,-79501,29388,103488,,1126,720,600,1420,0,779,1228,1044,513,0,1,167611,UNKNOWN,2026-08-28T08:30:26.820315+00:00,38905,-17953,-79879,29488,103258,,1112,734,617,1425,False,OTC,彬台,UNKNOWN,ordinary_stock,TWSE_T86+TPEX_DAILY_TRADE_HIS,3379,321,218,319,303,0,0,0,0,0,0,0,0,,391,256,410,341
2026-08-28,GOOD,1,0,226392,157486,100945,-7073,191939,1801,265,1517,1637,1,0,3045321,-3626019,80055,-2938644,-1002367,-290349,,90,1697,144,301,0,1796,201,1518,1476,1,0,3271713,UNKNOWN,2026-08-28T08:30:26.820315+00:00,-3468533,181000,-2945717,-803190,-98410,,95,1760,143,462,False,OTC,崇越電,UNKNOWN,ordinary_stock,TWSE_T86+TPEX_DAILY_TRADE_HIS,3388,322,219,320,304,0,0,0,0,0,0,0,0,,392,257,411,342
2026-08-28,GOOD,2,0,200,-192,1,-188,4,1445,755,1228,1433,0,0,45036,-172944,0,-351689,11426,-63954,,446,1140,433,505,0,1447,757,1232,1422,1,0,45236,UNKNOWN,2026-08-28T08:30:26.820315+00:00,-173136,1,-351877,11429,-63950,,444,1205,429,516,False,OTC,旭軟,UNKNOWN,ordinary_stock,TWSE_T86+TPEX_DAILY_TRADE_HIS,3390,323,220,321,305,0,0,0,0,0,0,0,0,,393,258,412,343
2026-08-28,GOOD,0,2,-17361,7729,-2296,14384,-4816,1562,1469,1346,1541,0,9,143068,-430828,-61880,-711887,-104880,-143880,,329,493,315,397,0,1559,1464,1343,1543,0,9,125707,UNKNOWN,2026-08-28T08:30:26.820315+00:00,-423099,-64176,-699847,-105822,-148696,,332,498,318,395,False,OTC,漢科,UNKNOWN,ordinary_stock,TWSE_T86+TPEX_DAILY_TRADE_HIS,3402,324,221,1376,306,0,0,0,0,0,-2344,0,0,,394,259,285,344
2026-08-28,GOOD,1,0,-16552,3498,413,5519,-6527,701,402,1257,411,4,0,317830,54942,23044,-417841,172940,186386,,1190,1560,404,1527,0,698,401,1257,424,4,0,301278,UNKNOWN,2026-08-28T08:30:26.820315+00:00,58440,23457,-412322,172701,179859,,1193,1561,404,1514,False,OTC,奇鈦科,UNKNOWN,ordinary_stock,TWSE_T86+TPEX_DAILY_TRADE_HIS,3430,325,222,322,307,0,0,0,0,0,0,0,0,,395,260,413,345
2026-08-28,GOOD,0,0,29,41,0,223,35,645,501,577,703,2,0,-12000,80000,9000,213062,24000,34000,,1246,1453,1084,1234,0,658,506,579,705,2,0,-11971,UNKNOWN,2026-08-28T08:30:26.820315+00:00,80041,9000,213285,24000,34035,,1233,1451,1082,1233,False,OTC,哲固,UNKNOWN,ordinary_stock,TWSE_T86+TPEX_DAILY_TRADE_HIS,3434,326,223,323,308,0,0,0,0,0,0,0,0,,396,261,414,346
2026-08-28,GOOD,1,0,942,562,283,3961,752,1350,1227,967,1427,0,2,-34091,-85909,-16000,-28730,-73000,-60000,,541,729,694,511,0,1349,1203,944,1416,0,2,-33149,UNKNOWN,2026-08-28T08:30:26.820315+00:00,-85347,-15717,-24769,-73177,-59248,,542,759,717,522,False,OTC,類比科,UNKNOWN,ordinary_stock,TWSE_T86+TPEX_DAILY_TRADE_HIS,3438,327,224,324,309,0,0,0,0,0,0,0,0,,397,262,415,347
2026-08-28,GOOD,0,1,3259,-4139,-56427,-40110,-440,191,87,1486,1799,1,0,-3792006,1431504,916174,-2160768,-71453,-1180251,,1700,1875,175,139,0,194,87,1490,1798,1,0,-3788747,UNKNOWN,2026-08-28T08:30:26.820315+00:00,1427365,859747,-2200878,-71583,-1180691,,1697,1875,171,140,False,OTC,聯一光,UNKNOWN,ordinary_stock,TWSE_T86+TPEX_DAILY_TRADE_HIS,3441,328,225,325,310,0,0,0,0,0,0,0,0,,398,263,416,348
2026-08-28,GOOD,5,0,-5895,48931,4304,50549,21518,1464,290,1320,1603,1,0,-249591,-195663,68000,-590050,-34758,-222627,,427,1672,341,335,0,1426,282,1293,1578,1,0,-255486,UNKNOWN,2026-08-28T08:30:26.820315+00:00,-146732,72304,-539501,-15358,-201109,,465,1680,368,360,False,OTC,利機,UNKNOWN,ordinary_stock,TWSE_T86+TPEX_DAILY_TRADE_HIS,3444,329,226,326,311,0,0,0,0,0,0,0,0,,399,264,417,349
2026-08-28,GOOD,5,0,100695,108747,7810,211715,104721,1536,1721,1256,1766,0,3,-1200938,-356912,-272810,-412603,-1027457,-778925,,355,241,405,172,0,1491,1704,1153,1749,0,3,-1100243,UNKNOWN,2026-08-28T08:30:26.820315+00:00,-248165,-265000,-200888,-926907,-674204,,400,258,508,189,False,OTC,由田,UNKNOWN,ordinary_stock,TWSE_T86+TPEX_DAILY_TRADE_HIS,3455,330,227,327,312,0,0,0,0,0,0,0,0,,400,265,418,350
2026-08-28,GOOD,0,7,-5000,-45000,-2000,-53000,-25000,1188,847,908,1065,0,3,18000,-18000,-1000,0,-10000,0,,701,1030,751,845,0,1324,985,995,1313,0,8,13000,UNKNOWN,2026-08-28T08:30:26.820315+00:00,-63000,-3000,-53000,-17000,-25000,,567,953,665,623,False,OTC,進泰電子,UNKNOWN,ordinary_stock,TWSE_T86+TPEX_DAILY_TRADE_HIS,3465,331,228,328,313,0,0,0,0,0,0,0,0,,401,266,419,351
2026-08-28,GOOD,0,1,545,79,-2,-121,312,497,1094,490,588,0,1,-57099,191099,-6000,372108,45000,67000,,1394,852,1171,1349,0,498,1095,491,598,0,1,-56554,UNKNOWN,2026-08-28T08:30:26.820315+00:00,191178,-6002,371987,45079,67312,,1393,867,1170,1340,False,OTC,德晉,UNKNOWN,ordinary_stock,TWSE_T86+TPEX_DAILY_TRADE_HIS,3466,332,229,329,314,0,0,0,0,0,0,0,0,,402,267,420,352
2026-08-28,GOOD,1,0,2153,1661,2010,1815,1907,1259,1327,1088,1222,0,1,19000,-35000,-28000,-106000,-3000,-8000,,631,633,573,703,0,1258,1294,1072,1192,0,1,21153,UNKNOWN,2026-08-28T08:30:26.820315+00:00,-33339,-25990,-104185,-1088,-6093,,633,668,589,746,False,OTC,台灣精材,UNKNOWN,ordinary_stock,TWSE_T86+TPEX_DAILY_TRADE_HIS,3467,333,230,330,315,0,0,0,0,0,0,0,0,,403,268,421,353
2026-08-28,GOOD,0,2,-7682,-6296,-4475,-35206,-6989,1604,1437,1392,1535,0,2,292543,-571057,-51771,-1015593,-43807,-139257,,287,525,269,403,0,1608,1436,1395,1541,0,2,284861,UNKNOWN,2026-08-28T08:30:26.820315+00:00,-577353,-56246,-1053436,-51982,-146246,,283,526,266,397,False,OTC,安勤,UNKNOWN,ordinary_stock,TWSE_T86+TPEX_DAILY_TRADE_HIS,3479,334,231,1380,316,0,0,0,0,0,-2637,0,0,,404,269,281,354
2026-08-28,GOOD,1,0,20817,-2407,2884,-8074,9205,1456,1435,1211,543,0,1,354225,-181445,-51573,-306417,49737,86390,,435,527,450,1395,0,1460,1408,1217,527,0,1,375042,UNKNOWN,2026-08-28T08:30:26.820315+00:00,-183852,-48689,-317927,49970,95595,,431,554,444,1411,False,OTC,力致,UNKNOWN,ordinary_stock,TWSE_T86+TPEX_DAILY_TRADE_HIS,3483,335,232,1385,317,0,0,0,0,0,-3436,0,0,,405,270,276,355
2026-08-28,GOOD,0,1,-89961,100633,-787,117940,5336,1442,1451,501,1504,0,1,-54702,-170842,-55000,347834,-42760,-112772,,449,509,1160,434,0,1333,1433,451,1496,0,1,-144663,UNKNOWN,2026-08-28T08:30:26.820315+00:00,-70209,-55787,465774,-38834,-107436,,558,529,1210,442,False,OTC,崧騰,UNKNOWN,ordinary_stock,TWSE_T86+TPEX_DAILY_TRADE_HIS,3484,336,233,331,318,0,0,0,0,0,0,0,0,,406,271,422,356
2026-08-28,GOOD,0,5,-32646,7910,-48,8596,-12368,1452,442,1159,1443,1,0,43461,-180265,15180,-205634,-26025,-68402,,439,1520,502,495,0,1444,452,1150,1453,1,0,10815,UNKNOWN,2026-08-28T08:30:26.820315+00:00,-172355,15132,-197038,-32136,-80770,,447,1510,511,485,False,OTC,敘豐,UNKNOWN,ordinary_stock,TWSE_T86+TPEX_DAILY_TRADE_HIS,3485,337,234,332,319,0,0,0,0,0,0,0,0,,407,272,423,357
2026-08-28,GOOD,0,1,-21723,17609,-22984,1439,-2057,101,1896,141,1741,0,1,-5405383,4113749,-1481428,4982182,-1026877,-645817,,1790,66,1520,197,0,106,1891,146,1740,0,1,-5427106,UNKNOWN,2026-08-28T08:30:26.820315+00:00,4131358,-1504412,4983621,-1047934,-647874,,1785,71,1515,198,False,OTC,單井,UNKNOWN,ordinary_stock,TWSE_T86+TPEX_DAILY_TRADE_HIS,3490,338,235,333,320,0,0,0,0,0,0,0,0,,408,273,424,358
2026-08-28,GOOD,2,0,98813,-80387,5762,233709,9213,1673,1746,1462,1775,0,6,-740888,-989340,-336781,-1801647,-451593,-865114,,218,216,199,163,0,1595,1638,1377,1680,0,1,-330234,UNKNOWN,2026-08-28T08:30:26.820315+00:00,-524846,-169019,-941837,-24121,-427540,,296,324,284,258,False,OTC,昇達科,UNKNOWN,ordinary_stock,TWSE_T86+TPEX_DAILY_TRADE_HIS,3491,89,36,109,57,4,0,311841,544881,162000,626101,415361,428361,,1802,1926,1552,1881
2026-08-28,GOOD,0,2,-36535,-77493,-23262,386603,-57014,140,248,139,212,11,0,-1360025,2652023,106999,5061403,204999,645999,,1751,1714,1522,1726,0,150,263,140,229,11,0,-1396560,UNKNOWN,2026-08-28T08:30:26.820315+00:00,2574530,83737,5448006,151941,588985,,1741,1699,1521,1709,False,OTC,陽程,UNKNOWN,ordinary_stock,TWSE_T86+TPEX_DAILY_TRADE_HIS,3498,339,236,334,321,0,0,0,0,0,0,0,0,,409,274,425,359
2026-08-28,GOOD,0,0,731,-489,0,-462,121,1095,848,885,1066,0,1,4001,-4001,-1000,8999,1000,0,,795,1031,776,846,0,1099,844,869,1063,0,1,4732,UNKNOWN,2026-08-28T08:30:26.820315+00:00,-4490,-1000,8537,1395,121,,792,1050,792,875,False,OTC,環天科,UNKNOWN,ordinary_stock,TWSE_T86+TPEX_DAILY_TRADE_HIS,3499,340,237,335,322,0,0,0,0,0,0,0,0,,410,275,426,360
2026-08-28,GOOD,0,0,739,-739,0,-739,0,1466,1293,1018,607,0,1,321591,-199409,-24000,-54411,63009,61091,,425,664,643,1331,0,1469,1274,1001,612,0,1,322330,UNKNOWN,2026-08-28T08:30:26.820315+00:00,-200148,-24000,-55150,63009,61091,,422,687,660,1326,False,OTC,位速,UNKNOWN,ordinary_stock,TWSE_T86+TPEX_DAILY_TRADE_HIS,3508,341,238,336,323,0,0,0,0,0,0,0,0,,411,276,427,361
2026-08-28,GOOD,0,1,657,-111,-5,431,273,677,444,600,1403,3,0,-166000,64000,15000,192698,43000,-51000,,1213,1510,1061,535,0,686,457,601,1391,3,0,-165343,UNKNOWN,2026-08-28T08:30:26.820315+00:00,63889,14995,193129,42995,-50727,,1205,1505,1060,547,False,OTC,矽瑪,UNKNOWN,ordinary_stock,TWSE_T86+TPEX_DAILY_TRADE_HIS,3511,342,239,337,324,0,0,0,0,0,0,0,0,,412,277,428,362
2026-08-28,GOOD,0,0,-7249,-11519,0,-10740,-9384,777,492,772,715,8,0,27000,37000,10000,53000,30000,32000,,1113,1466,888,1224,0,830,498,785,764,3,0,19751,UNKNOWN,2026-08-28T08:30:26.820315+00:00,25481,10000,42260,28145,22616,,1061,1460,876,1174,False,OTC,皇龍,UNKNOWN,ordinary_stock,TWSE_T86+TPEX_DAILY_TRADE_HIS,3512,343,240,338,325,0,0,0,0,0,0,0,0,,413,278,429,363
2026-08-28,GOOD,0,0,-3986,-1986,0,-5086,-2986,720,1237,774,667,0,1,41000,49000,-17000,51000,-9000,45000,,1170,722,887,1270,0,736,1219,774,678,0,2,37014,UNKNOWN,2026-08-28T08:30:26.820315+00:00,47014,-17000,45914,-12000,42014,,1155,740,887,1260,False,OTC,亞帝歐,UNKNOWN,ordinary_stock,TWSE_T86+TPEX_DAILY_TRADE_HIS,3516,344,241,339,326,0,0,0,0,0,0,0,0,,414,279,430,364
2026-08-28,GOOD,0,1,711,707,-23,654,709,1415,1376,451,1568,0,1,-214521,-144403,-38986,460574,52064,-179462,,476,586,1210,370,0,1422,1364,453,1561,0,1,-213810,UNKNOWN,2026-08-28T08:30:26.820315+00:00,-143696,-39009,461228,52773,-178753,,469,598,1208,377,False,OTC,華盈,UNKNOWN,ordinary_stock,TWSE_T86+TPEX_DAILY_TRADE_HIS,3520,345,242,340,327,0,0,0,0,0,0,0,0,,415,280,431,365
2026-08-28,GOOD,0,0,943,-577,0,-460,183,1246,445,980,1017,3,0,36100,-31900,15000,-35900,17100,2100,,645,1511,681,921,0,1252,454,962,1009,3,0,37043,UNKNOWN,2026-08-28T08:30:26.820315+00:00,-32477,15000,-36360,17035,2283,,639,1506,699,929,False,OTC,台鋼建設,UNKNOWN,ordinary_stock,TWSE_T86+TPEX_DAILY_TRADE_HIS,3521,346,243,341,328,0,0,0,0,0,0,0,0,,416,281,432,366
2026-08-28,GOOD,2,0,-175,147,2,359,-14,934,1069,902,616,0,1,106000,10000,-5000,2000,57000,58000,,947,876,756,1320,0,940,1057,887,623,0,1,105825,UNKNOWN,2026-08-28T08:30:26.820315+00:00,10147,-4998,2359,57187,57986,,951,905,774,1315,False,OTC,御嵿,UNKNOWN,ordinary_stock,TWSE_T86+TPEX_DAILY_TRADE_HIS,3522,347,244,342,329,0,0,0,0,0,0,0,0,,417,282,433,367
2026-08-28,GOOD,0,0,3000,-3000,0,,0,1041,675,,1136,1,0,-4000,0,1000,,-1000,-2000,,845,1237,,789,0,1083,669,,1118,1,0,-1000,UNKNOWN,2026-08-28T08:30:26.820315+00:00,-3000,1000,,-1000,-2000,,808,1246,,812,False,OTC,迎輝,UNKNOWN,ordinary_stock,TWSE_T86+TPEX_DAILY_TRADE_HIS,3523,348,245,,330,0,0,0,0,0,,0,0,,418,283,,368
2026-08-28,GOOD,0,1,8511,-19967,-3449,-108089,-5728,1591,335,1458,1647,1,0,-73390,-531466,40756,-1763767,24471,-302428,,300,1627,203,291,0,1602,348,1471,1638,1,0,-71228,UNKNOWN,2026-08-28T08:30:26.820315+00:00,-551782,37307,-1902164,19402,-311505,,289,1614,190,300,False,OTC,凡甲,UNKNOWN,ordinary_stock,TWSE_T86+TPEX_DAILY_TRADE_HIS,3526,1617,246,1468,1764,0,0,-6349,-349,0,-30308,-2349,-3349,,274,284,193,174
2026-08-28,GOOD,0,1,856,-1402,-94,-8671,-273,1330,1310,1015,1413,0,2,-42000,-68000,-26000,-53859,-31000,-55000,,562,646,646,525,0,1332,1300,1016,1400,0,2,-41144,UNKNOWN,2026-08-28T08:30:26.820315+00:00,-69402,-26094,-62530,-31092,-55273,,559,662,645,538,False,OTC,聚積,UNKNOWN,ordinary_stock,TWSE_T86+TPEX_DAILY_TRADE_HIS,3527,349,247,343,331,0,0,0,0,0,0,0,0,,419,285,434,369
2026-08-28,GOOD,3,0,95458,-83438,7981,-58085,6010,1581,1473,1448,1540,0,1,203399,-485949,-63369,-1663298,35470,-141275,,310,489,213,398,0,1689,1403,1457,1539,0,1,743214,UNKNOWN,2026-08-28T08:30:26.820315+00:00,-1034004,-47388,-1709647,67381,-145395,,202,559,204,399,False,OTC,力旺,UNKNOWN,ordinary_stock,TWSE_T86+TPEX_DAILY_TRADE_HIS,3529,1817,67,196,1791,1,0,444357,-464617,8000,11736,870,-10130,,74,1893,1465,147
2026-08-28,GOOD,3,0,8355,2255,3669,-11612,5305,610,1645,1414,1462,0,1,-256533,98615,-168478,-1188513,-48157,-78959,,1281,317,247,476,0,618,1632,1416,1441,0,1,-248178,UNKNOWN,2026-08-28T08:30:26.820315+00:00,100870,-164809,-1200125,-43330,-73654,,1273,330,245,497,False,OTC,堡達,UNKNOWN,ordinary_stock,TWSE_T86+TPEX_DAILY_TRADE_HIS,3537,350,248,344,332,0,0,0,0,0,0,0,0,,420,286,435,370
2026-08-28,GOOD,0,1,936521,-945545,-485,-986604,-4512,1556,228,1255,1771,1,0,-1192221,-408823,130000,-407687,-198927,-800522,,335,1732,406,167,0,1718,233,1430,1766,1,0,-255700,UNKNOWN,2026-08-28T08:30:26.820315+00:00,-1354368,129515,-1394291,-199102,-805034,,173,1729,231,172,False,OTC,曜越,UNKNOWN,ordinary_stock,TWSE_T86+TPEX_DAILY_TRADE_HIS,3540,351,249,345,333,0,0,0,0,0,0,0,0,,421,287,436,371
2026-08-28,GOOD,0,0,-1011,-9,0,-2,-510,1079,849,793,939,0,2,15000,-3000,-1000,41000,4000,6000,,804,1032,868,981,0,1084,845,786,945,0,2,13989,UNKNOWN,2026-08-28T08:30:26.820315+00:00,-3009,-1000,40998,3990,5490,,807,1051,875,993,False,OTC,西柏,UNKNOWN,ordinary_stock,TWSE_T86+TPEX_DAILY_TRADE_HIS,3541,352,250,346,334,0,0,0,0,0,0,0,0,,422,288,437,372
2026-08-28,GOOD,0,9,2170,-4820,-46,6963,-1325,1416,1206,1175,1458,0,2,-4543,-145687,-13210,-226864,-19608,-75115,,475,756,486,480,0,1428,1190,1164,1444,0,2,-2373,UNKNOWN,2026-08-28T08:30:26.820315+00:00,-150507,-13256,-219901,-19895,-76440,,463,772,497,494,False,OTC,宇峻,UNKNOWN,ordinary_stock,TWSE_T86+TPEX_DAILY_TRADE_HIS,3546,353,251,347,335,0,0,0,0,0,0,0,0,,423,289,438,373
2026-08-28,GOOD,2,0,52427,46927,29684,46176,49677,394,1513,410,377,0,1,105162,337274,-75523,620538,149218,221218,,1497,449,1251,1561,0,380,1399,404,347,0,1,157589,UNKNOWN,2026-08-28T08:30:26.820315+00:00,384201,-45839,666714,192016,270895,,1511,563,1257,1591,False,OTC,兆利,UNKNOWN,ordinary_stock,TWSE_T86+TPEX_DAILY_TRADE_HIS,3548,354,252,348,336,0,0,0,0,0,0,0,0,,424,290,439,374
2026-08-28,GOOD,1,0,-5914,-22466,13047,-18131,-14190,576,1517,411,1295,0,1,-153240,120426,-76580,608235,17440,-16407,,1315,445,1250,643,0,1470,1458,614,1479,0,1,-154,UNKNOWN,2026-08-28T08:30:26.820315+00:00,-201040,-63533,173104,-39551,-100597,,421,504,1047,459,False,OTC,世禾,UNKNOWN,ordinary_stock,TWSE_T86+TPEX_DAILY_TRADE_HIS,3551,1806,253,1556,1844,0,0,159000,-299000,0,-417000,-70000,-70000,,85,291,105,93
2026-08-28,GOOD,2,0,2706,-798,623,-2128,954,580,467,539,671,3,0,-29941,118341,12160,276445,55200,44200,,1311,1495,1122,1267,0,593,466,540,668,3,0,-27235,UNKNOWN,2026-08-28T08:30:26.820315+00:00,117543,12783,274317,55987,45154,,1298,1496,1121,1270,False,OTC,同致,UNKNOWN,ordinary_stock,TWSE_T86+TPEX_DAILY_TRADE_HIS,3552,355,254,349,337,0,0,0,0,0,0,0,0,,425,292,440,375
2026-08-28,GOOD,5,0,12563,13385,6583,13794,12974,787,1373,838,769,0,1,7866,34188,-38000,23804,28027,21027,,1104,588,823,1169,0,731,1332,791,706,0,1,20429,UNKNOWN,2026-08-28T08:30:26.820315+00:00,47573,-31417,37598,40920,34001,,1160,630,870,1232,False,OTC,博士旺,UNKNOWN,ordinary_stock,TWSE_T86+TPEX_DAILY_TRADE_HIS,3555,356,255,350,338,0,0,0,0,0,0,0,0,,426,293,441,376
2026-08-28,GOOD,2,0,-140,5360,3000,-4021,2610,1431,269,585,844,3,0,188674,-162370,78048,201569,206048,13152,,460,1693,1076,1094,0,1431,267,594,825,3,0,188534,UNKNOWN,2026-08-28T08:30:26.820315+00:00,-157010,81048,197548,210399,15762,,460,1695,1067,1113,False,OTC,禾瑞亞,UNKNOWN,ordinary_stock,TWSE_T86+TPEX_DAILY_TRADE_HIS,3556,357,256,351,339,0,0,0,0,0,0,0,0,,427,294,442,377
2026-08-28,GOOD,1,0,4747,2879,53,4894,3813,571,939,459,593,0,2,4566,125974,-1668,435912,33886,65270,,1320,1023,1202,1345,0,578,925,461,587,0,2,9313,UNKNOWN,2026-08-28T08:30:26.820315+00:00,128853,-1615,440806,38341,69083,,1313,1037,1200,1351,False,OTC,神準,UNKNOWN,ordinary_stock,TWSE_T86+TPEX_DAILY_TRADE_HIS,3558,358,257,352,340,0,0,0,0,0,0,0,0,,428,295,443,378
2026-08-28,GOOD,0,1,948,298,-198,450,623,843,996,561,858,0,1,1000,23000,-3000,240000,23000,12000,,1046,935,1100,1074,0,846,1018,564,857,0,1,1948,UNKNOWN,2026-08-28T08:30:26.820315+00:00,23298,-3198,240450,23543,12623,,1045,944,1097,1081,False,OTC,其陽,UNKNOWN,ordinary_stock,TWSE_T86+TPEX_DAILY_TRADE_HIS,3564,359,258,353,341,0,0,0,0,0,0,0,0,,429,296,444,379
2026-08-28,GOOD,1,0,50,-48,1,181,1,1200,629,909,1067,1,0,20000,-20000,2000,0,-2000,0,,688,1305,752,847,0,1209,621,893,1066,1,0,20050,UNKNOWN,2026-08-28T08:30:26.820315+00:00,-20048,2001,181,-1999,1,,682,1341,768,872,False,OTC,逸昌,UNKNOWN,ordinary_stock,TWSE_T86+TPEX_DAILY_TRADE_HIS,3567,360,259,354,342,0,0,0,0,0,0,0,0,,430,297,445,380
2026-08-28,GOOD,0,0,0,0,0,110,0,1114,1042,1020,1221,0,1,-8330,-6600,-4000,-55490,-3265,-7465,,777,904,641,717,0,1125,1025,1002,1204,0,1,-8330,UNKNOWN,2026-08-28T08:30:26.820315+00:00,-6600,-4000,-55380,-3265,-7465,,766,920,659,734,False,OTC,大塚,UNKNOWN,ordinary_stock,TWSE_T86+TPEX_DAILY_TRADE_HIS,3570,361,260,355,343,0,0,0,0,0,0,0,0,,431,298,446,381
2026-08-28,GOOD,0,4,-3228,-16328,-1385,-14765,-9778,1528,1383,1278,1611,0,1,-126393,-336781,-39191,-463352,-68570,-231587,,363,579,383,327,0,1537,1376,1274,1612,0,1,-129621,UNKNOWN,2026-08-28T08:30:26.820315+00:00,-353109,-40576,-471117,-72533,-241365,,354,586,387,326,False,OTC,泓格,UNKNOWN,ordinary_stock,TWSE_T86+TPEX_DAILY_TRADE_HIS,3577,362,261,209,344,0,0,0,0,0,7000,0,0,,432,299,1452,382
2026-08-28,GOOD,4,0,1541,2135,451,3093,1838,1419,1032,643,605,0,1,270319,-146257,-3066,145262,143126,62031,,472,930,1018,1333,0,1424,977,632,604,0,1,271860,UNKNOWN,2026-08-28T08:30:26.820315+00:00,-144122,-2615,148355,144237,63869,,467,985,1029,1334,False,OTC,友威科,UNKNOWN,ordinary_stock,TWSE_T86+TPEX_DAILY_TRADE_HIS,3580,363,262,356,345,0,0,0,0,0,0,0,0,,433,300,447,383
2026-08-28,GOOD,0,4,-40427,-27611,-5276,-63991,-34019,512,464,1283,1449,1,0,-322190,176234,12841,-479463,-95637,-72978,,1379,1498,378,489,0,537,520,1294,1494,1,0,-362617,UNKNOWN,2026-08-28T08:30:26.820315+00:00,148623,7565,-543454,-126403,-106997,,1354,1442,367,444,False,OTC,博磊,UNKNOWN,ordinary_stock,TWSE_T86+TPEX_DAILY_TRADE_HIS,3581,364,263,357,346,0,0,0,0,0,0,0,0,,434,301,448,384
2026-08-28,GOOD,0,2,134,-16410,-1584,34947,-8138,831,342,1286,352,3,0,476615,24261,39450,-494370,279833,250438,,1060,1620,375,1586,0,968,346,1269,364,3,0,476749,UNKNOWN,2026-08-28T08:30:26.820315+00:00,7851,37866,-459423,275723,242300,,923,1616,392,1574,False,OTC,閎康,UNKNOWN,ordinary_stock,TWSE_T86+TPEX_DAILY_TRADE_HIS,3587,365,264,358,347,0,0,0,0,0,0,0,0,,435,302,449,385
2026-08-28,GOOD,0,4,-6214,-76034,-7502,-94718,-41124,1647,354,297,1576,1,0,434703,-815013,35555,1388560,-28255,-190155,,244,1608,1364,362,0,1669,380,308,1606,1,0,428489,UNKNOWN,2026-08-28T08:30:26.820315+00:00,-891047,28053,1293842,-51578,-231279,,222,1582,1353,332,False,OTC,磐儀,UNKNOWN,ordinary_stock,TWSE_T86+TPEX_DAILY_TRADE_HIS,3594,366,265,359,348,0,0,0,0,0,0,0,0,,436,303,450,386
2026-08-28,GOOD,0,0,-51,-181,0,-396,-116,1080,850,826,1099,0,2,1000,-3000,-1000,27000,1000,-1000,,805,1033,831,810,0,1087,846,816,1109,0,2,949,UNKNOWN,2026-08-28T08:30:26.820315+00:00,-3181,-1000,26604,910,-1116,,804,1052,845,829,False,OTC,映興,UNKNOWN,ordinary_stock,TWSE_T86+TPEX_DAILY_TRADE_HIS,3597,367,266,360,349,0,0,0,0,0,0,0,0,,437,304,451,387
2026-08-28,GOOD,1,0,981,259,554,-352,620,623,1228,794,468,0,1,162000,94000,-16000,40000,62000,128000,,1265,730,867,1470,0,636,1202,788,474,0,1,162981,UNKNOWN,2026-08-28T08:30:26.820315+00:00,94259,-15446,39648,62309,128620,,1255,760,873,1464,False,OTC,三一東林,UNKNOWN,ordinary_stock,TWSE_T86+TPEX_DAILY_TRADE_HIS,3609,368,267,361,350,0,0,0,0,0,0,0,0,,438,305,452,388
2026-08-28,GOOD,0,0,361,-363,0,-566,-1,743,460,873,783,3,0,-5100,44900,13692,13834,22900,19900,,1148,1502,788,1155,0,751,462,853,782,3,0,-4739,UNKNOWN,2026-08-28T08:30:26.820315+00:00,44537,13692,13268,22899,19899,,1140,1500,808,1156,False,OTC,鼎翰,UNKNOWN,ordinary_stock,TWSE_T86+TPEX_DAILY_TRADE_HIS,3611,369,268,362,351,0,0,0,0,0,0,0,0,,439,306,453,389
2026-08-28,GOOD,2,0,11308,8500,9407,9280,9904,566,283,596,382,3,0,306595,126595,72157,195951,249455,216595,,1325,1679,1065,1556,0,557,265,588,382,3,0,317903,UNKNOWN,2026-08-28T08:30:26.820315+00:00,135095,81564,205231,258807,226499,,1334,1697,1073,1556,False,OTC,安可,UNKNOWN,ordinary_stock,TWSE_T86+TPEX_DAILY_TRADE_HIS,3615,370,269,363,352,0,0,0,0,0,0,0,0,,440,307,454,390
2026-08-28,GOOD,0,1,-809,-413,-755,-702,-611,741,425,766,686,3,0,33000,45000,19000,55000,45000,39000,,1151,1536,894,1250,0,750,432,756,690,3,0,32191,UNKNOWN,2026-08-28T08:30:26.820315+00:00,44587,18245,54298,44247,38389,,1141,1530,905,1248,False,OTC,富晶通,UNKNOWN,ordinary_stock,TWSE_T86+TPEX_DAILY_TRADE_HIS,3623,371,270,364,353,0,0,0,0,0,0,0,0,,441,308,455,391
2026-08-28,GOOD,0,1,55552,198592,-38900,336217,127072,1732,1911,1585,1854,0,2,-2311722,-1694172,-2006058,-7751060,-2291185,-2002947,,159,51,76,84,0,1731,1908,1584,1845,0,2,-2256170,UNKNOWN,2026-08-28T08:30:26.820315+00:00,-1495580,-2044958,-7414843,-2149457,-1875875,,160,54,77,93,False,OTC,光頡,UNKNOWN,ordinary_stock,TWSE_T86+TPEX_DAILY_TRADE_HIS,3624,372,271,365,354,0,0,0,0,0,0,0,0,,442,309,456,392
2026-08-28,GOOD,0,0,81400,-80366,0,,517,477,535,,830,1,0,-181664,213180,6000,,-29000,15758,,1414,1413,,1108,0,568,540,,818,1,0,-100264,UNKNOWN,2026-08-28T08:30:26.820315+00:00,132814,6000,,-29000,16275,,1323,1416,,1120,False,OTC,西勝,UNKNOWN,ordinary_stock,TWSE_T86+TPEX_DAILY_TRADE_HIS,3625,373,272,,355,0,0,0,0,0,,0,0,,443,310,,393
2026-08-28,GOOD,0,1,-595,-799,-257,316,-697,1228,1187,868,1360,0,2,-41288,-26712,-12000,14238,-10000,-34000,,663,769,793,578,0,1234,1177,850,1346,0,2,-41883,UNKNOWN,2026-08-28T08:30:26.820315+00:00,-27511,-12257,14554,-9812,-34697,,657,785,811,592,False,OTC,盈正,UNKNOWN,ordinary_stock,TWSE_T86+TPEX_DAILY_TRADE_HIS,3628,374,273,366,356,0,0,0,0,0,0,0,0,,444,311,457,394
2026-08-28,GOOD,0,1,10800,-1420,-2047,-21106,4690,349,1670,664,329,0,1,146688,427978,-188967,127875,273202,287333,,1542,292,997,1609,0,359,1655,679,333,0,1,157488,UNKNOWN,2026-08-28T08:30:26.820315+00:00,426558,-191014,106769,278517,292023,,1532,307,982,1605,False,OTC,新鉅科,UNKNOWN,ordinary_stock,TWSE_T86+TPEX_DAILY_TRADE_HIS,3630,375,274,367,357,0,0,0,0,0,0,0,0,,445,312,458,395
2026-08-28,GOOD,0,1,-1435,-143,-790,,-789,487,203,,334,2,0,360000,202000,171000,,265000,281000,,1404,1759,,1604,0,489,206,,342,2,0,358565,UNKNOWN,2026-08-28T08:30:26.820315+00:00,201857,170210,,264211,280211,,1402,1756,,1596,False,OTC,晟楠,UNKNOWN,ordinary_stock,TWSE_T86+TPEX_DAILY_TRADE_HIS,3631,376,275,,358,0,0,0,0,0,,0,0,,446,313,,396
2026-08-28,GOOD,0,0,0,0,0,,0,975,851,,1100,0,4,-7999,5999,-1000,,-4000,-1000,,916,1034,,811,0,988,847,,1090,0,4,-7999,UNKNOWN,2026-08-28T08:30:26.820315+00:00,5999,-1000,,-4000,-1000,,903,1053,,836,False,OTC,艾恩特,UNKNOWN,ordinary_stock,TWSE_T86+TPEX_DAILY_TRADE_HIS,3646,377,276,,359,0,0,0,0,0,,0,0,,447,314,,397
2026-08-28,GOOD,0,1,-803,-21535,-856,-20130,-11169,479,439,571,337,4,0,340894,211912,16003,225884,199223,276403,,1412,1523,1090,1601,0,499,451,587,349,4,0,340091,UNKNOWN,2026-08-28T08:30:26.820315+00:00,190377,15147,205754,197756,265234,,1392,1511,1074,1589,False,OTC,鑫科,UNKNOWN,ordinary_stock,TWSE_T86+TPEX_DAILY_TRADE_HIS,3663,378,277,368,360,0,0,0,0,0,0,0,0,,448,315,459,398
2026-08-28,GOOD,0,0,140,-126,0,,7,838,1149,,674,0,1,62001,23999,-9000,,23000,43000,,1053,807,,1263,0,840,1133,,674,0,1,62141,UNKNOWN,2026-08-28T08:30:26.820315+00:00,23873,-9000,,23000,43007,,1051,826,,1264,False,OTC,光耀,UNKNOWN,ordinary_stock,TWSE_T86+TPEX_DAILY_TRADE_HIS,3666,379,278,,361,0,0,0,0,0,,0,0,,449,316,,399
2026-08-28,GOOD,1,0,-2901,1115,124,,-893,1091,950,,1177,0,2,-4000,-4000,-2000,,-3000,-4000,,797,980,,754,0,1081,928,,1164,0,3,-6901,UNKNOWN,2026-08-28T08:30:26.820315+00:00,-2885,-1876,,-3876,-4893,,810,1034,,774,False,OTC,康聯訊,UNKNOWN,ordinary_stock,TWSE_T86+TPEX_DAILY_TRADE_HIS,3672,380,279,,362,0,0,0,0,0,,0,0,,450,317,,400
2026-08-28,GOOD,1,0,8536,94976,20908,82299,51756,1695,1774,1463,1486,0,1,953259,-1149363,-425985,-1807956,-209625,-98052,,196,188,198,452,0,1691,1762,1458,1384,0,2,961795,UNKNOWN,2026-08-28T08:30:26.820315+00:00,-1054387,-405077,-1725657,-156151,-46296,,200,200,203,554,False,OTC,德微,UNKNOWN,ordinary_stock,TWSE_T86+TPEX_DAILY_TRADE_HIS,3675,381,280,369,363,0,0,0,0,0,0,0,0,,451,318,460,401
2026-08-28,GOOD,1,0,199028,43316,72599,74749,121172,293,374,255,233,3,0,416809,616175,30374,1702367,693044,516492,,1598,1588,1406,1705,0,281,221,255,214,3,0,661261,UNKNOWN,2026-08-28T08:30:26.820315+00:00,703719,147973,1821606,882309,682490,,1610,1741,1406,1724,False,OTC,家登,UNKNOWN,ordinary_stock,TWSE_T86+TPEX_DAILY_TRADE_HIS,3680,149,52,181,98,1,0,45424,44228,45000,44490,44826,44826,,1742,1910,1480,1840
2026-08-28,GOOD,0,0,-643,601,0,,-21,1176,630,,926,2,0,30000,-16000,2000,,1000,7000,,709,1306,,1004,0,1173,625,,923,2,0,29357,UNKNOWN,2026-08-28T08:30:26.820315+00:00,-15399,2000,,1201,6979,,718,1317,,1015,False,OTC,榮昌,UNKNOWN,ordinary_stock,TWSE_T86+TPEX_DAILY_TRADE_HIS,3684,382,281,,364,0,0,0,0,0,,0,0,,452,319,,402
2026-08-28,GOOD,1,0,1560,-584,489,-8329,488,553,476,1172,631,1,0,-25751,135349,11000,-225251,-36851,54799,,1338,1475,489,1307,0,561,480,1175,633,1,0,-24191,UNKNOWN,2026-08-28T08:30:26.820315+00:00,134765,11489,-233580,-36363,55287,,1330,1482,486,1305,False,OTC,元創精密,UNKNOWN,ordinary_stock,TWSE_T86+TPEX_DAILY_TRADE_HIS,3685,383,282,370,365,0,0,0,0,0,0,0,0,,453,320,461,403
2026-08-28,GOOD,0,1,1009,-2617,-96,123,-804,922,477,777,819,1,0,20059,11941,11000,49942,13000,16000,,969,1476,884,1112,0,955,491,765,828,1,0,21068,UNKNOWN,2026-08-28T08:30:26.820315+00:00,9324,10904,50065,12698,15196,,936,1471,896,1110,False,OTC,歐買尬,UNKNOWN,ordinary_stock,TWSE_T86+TPEX_DAILY_TRADE_HIS,3687,384,283,371,366,0,0,0,0,0,0,0,0,,454,321,462,404
2026-08-28,GOOD,0,1,101025,48923,-53691,27543,74974,510,1705,1094,388,0,1,245408,177408,-246650,-111760,404408,211408,,1381,257,567,1550,0,470,1720,1048,337,0,1,346433,UNKNOWN,2026-08-28T08:30:26.820315+00:00,226331,-300341,-84217,480724,286382,,1421,242,613,1601,False,OTC,湧德,UNKNOWN,ordinary_stock,TWSE_T86+TPEX_DAILY_TRADE_HIS,3689,385,284,372,367,0,0,0,0,0,0,0,0,,455,322,463,405
2026-08-28,GOOD,0,1,-171365,116289,-11720,221482,-27538,1294,1525,1285,1553,0,6,-266124,-51524,-81577,-489167,-101820,-158824,,597,437,376,385,0,684,1532,1191,1567,0,6,-437489,UNKNOWN,2026-08-28T08:30:26.820315+00:00,64765,-93297,-267685,-118748,-186362,,1207,430,470,371,False,OTC,碩禾,UNKNOWN,ordinary_stock,TWSE_T86+TPEX_DAILY_TRADE_HIS,3691,386,285,373,368,0,0,0,0,0,0,0,0,,456,323,464,406
2026-08-28,GOOD,5,0,119441,117035,39574,192625,118238,265,182,332,183,5,0,983425,790213,236968,1033650,675123,886819,,1626,1780,1329,1755,0,251,169,307,188,5,0,1102816,UNKNOWN,2026-08-28T08:30:26.820315+00:00,907198,276542,1302515,727754,1005007,,1640,1793,1354,1750,False,OTC,營邦,UNKNOWN,ordinary_stock,TWSE_T86+TPEX_DAILY_TRADE_HIS,3693,1612,286,173,1712,0,0,-50,-50,0,76240,-50,-50,,279,324,1488,226
2026-08-28,GOOD,1,0,-5074,-22300,4609,19815,-13687,348,119,250,175,3,0,1537650,434636,539132,1767502,1456570,986143,,1543,1843,1411,1763,0,368,118,258,191,3,0,1532576,UNKNOWN,2026-08-28T08:30:26.820315+00:00,412336,543741,1787317,1465878,972456,,1523,1844,1403,1747,False,OTC,漢磊,UNKNOWN,ordinary_stock,TWSE_T86+TPEX_DAILY_TRADE_HIS,3707,387,287,374,369,0,0,0,0,0,0,0,0,,457,325,465,407
2026-08-28,GOOD,0,1,49555,-105577,-10732,-52660,-28011,1686,1624,1488,1714,0,14,11369,-1090079,-145546,-2178467,-284546,-539355,,205,338,173,224,0,1705,1624,1492,1716,0,9,60924,UNKNOWN,2026-08-28T08:30:26.820315+00:00,-1195656,-156278,-2231127,-293619,-567366,,186,338,169,222,False,OTC,鑫聯大投控,UNKNOWN,ordinary_stock,TWSE_T86+TPEX_DAILY_TRADE_HIS,3709,388,288,375,370,0,0,0,0,0,0,0,0,,458,326,466,408
2026-08-28,GOOD,0,0,0,0,0,0,0,1429,324,803,1488,1,0,-38999,-159001,47000,34018,41000,-99000,,462,1637,858,450,0,1433,323,799,1477,1,0,-38999,UNKNOWN,2026-08-28T08:30:26.820315+00:00,-159001,47000,34018,41000,-99000,,458,1638,862,461,False,OTC,連展投控,UNKNOWN,ordinary_stock,TWSE_T86+TPEX_DAILY_TRADE_HIS,3710,389,289,376,371,0,0,0,0,0,0,0,0,,459,327,467,409
2026-08-28,GOOD,0,0,-558,-190,0,,-374,818,493,,846,1,0,0,26000,10000,,11000,13000,,1068,1467,,1085,0,828,499,,856,1,0,-558,UNKNOWN,2026-08-28T08:30:26.820315+00:00,25810,10000,,10626,12626,,1063,1461,,1082,False,OTC,新晶投控,UNKNOWN,ordinary_stock,TWSE_T86+TPEX_DAILY_TRADE_HIS,3713,390,290,,372,0,0,0,0,0,,0,0,,460,328,,410
2026-08-28,GOOD,1,0,-281,403,1,,61,1177,582,,1191,1,0,6000,-16000,4000,,1000,-5000,,710,1370,,739,0,1175,577,,1165,1,0,5719,UNKNOWN,2026-08-28T08:30:26.820315+00:00,-15597,4001,,1012,-4939,,716,1385,,773,False,OTC,永日,UNKNOWN,ordinary_stock,TWSE_T86+TPEX_DAILY_TRADE_HIS,4102,391,291,,373,0,0,0,0,0,,0,0,,461,329,,411
2026-08-28,GOOD,0,3,-9036,-5158,-1,-40412,-7097,250,1354,375,1494,0,2,-1085709,880883,-32590,804434,-50241,-102413,,1641,608,1286,444,0,258,1338,389,1498,0,2,-1095745,UNKNOWN,2026-08-28T08:30:26.820315+00:00,876725,-32591,754879,-57338,-109510,,1633,624,1272,440,False,OTC,東洋,UNKNOWN,ordinary_stock,TWSE_T86+TPEX_DAILY_TRADE_HIS,4105,198,292,1417,374,0,0,-1000,1000,0,-9143,0,0,,1683,330,244,412
2026-08-28,GOOD,1,0,3262,-3422,1000,-52550,-80,1213,756,964,1384,0,0,-63378,-22604,0,-26199,-4991,-42991,,678,1141,697,554,0,1230,670,1041,1374,1,0,-60116,UNKNOWN,2026-08-28T08:30:26.820315+00:00,-26026,1000,-78749,-5079,-43071,,661,1247,620,564,False,OTC,邦特,UNKNOWN,ordinary_stock,TWSE_T86+TPEX_DAILY_TRADE_HIS,4107,392,293,377,375,0,0,0,0,0,0,0,0,,462,331,468,413
2026-08-28,GOOD,1,0,444,-424,10,-236,10,652,375,851,645,4,0,26000,76000,30000,19000,59000,51000,,1239,1583,810,1293,0,666,373,837,649,4,0,26444,UNKNOWN,2026-08-28T08:30:26.820315+00:00,75576,30010,18764,59010,51010,,1225,1589,824,1289,False,OTC,加捷生醫,UNKNOWN,ordinary_stock,TWSE_T86+TPEX_DAILY_TRADE_HIS,4109,393,294,378,376,0,0,0,0,0,0,0,0,,463,332,469,414
2026-08-28,GOOD,1,0,7069,-6933,480,-173,68,1344,1043,992,1503,0,2,-140000,-80000,-4000,-41000,-6000,-110000,,547,905,668,435,0,1351,1020,972,1499,0,2,-132931,UNKNOWN,2026-08-28T08:30:26.820315+00:00,-86933,-3520,-41173,-5562,-109932,,540,942,689,439,False,OTC,濟生,UNKNOWN,ordinary_stock,TWSE_T86+TPEX_DAILY_TRADE_HIS,4111,394,295,379,377,0,0,0,0,0,0,0,0,,464,333,470,415
2026-08-28,GOOD,2,0,-104,806,777,682,351,519,559,618,402,6,0,222000,168000,5000,170887,118000,195000,,1372,1391,1043,1536,0,514,549,616,411,6,0,221896,UNKNOWN,2026-08-28T08:30:26.820315+00:00,168806,5777,171569,118209,195351,,1377,1413,1045,1527,False,OTC,聯上,UNKNOWN,ordinary_stock,TWSE_T86+TPEX_DAILY_TRADE_HIS,4113,395,296,380,378,0,0,0,0,0,0,0,0,,465,334,471,416
2026-08-28,GOOD,1,0,7833,-18487,45,86343,-5327,126,320,157,1685,1,0,-3896123,3013771,48463,3848057,-64289,-441176,,1765,1642,1504,253,0,132,320,171,1686,1,0,-3888290,UNKNOWN,2026-08-28T08:30:26.820315+00:00,2995284,48508,3934400,-68150,-446503,,1759,1642,1490,252,False,OTC,健喬,UNKNOWN,ordinary_stock,TWSE_T86+TPEX_DAILY_TRADE_HIS,4114,396,297,381,379,0,0,0,0,0,0,0,0,,466,335,472,417
2026-08-28,GOOD,0,0,-94,94,0,-213,0,776,852,752,868,0,1,-14334,37666,-1000,64000,3000,11666,,1115,1035,909,1070,0,781,848,741,868,0,1,-14428,UNKNOWN,2026-08-28T08:30:26.820315+00:00,37760,-1000,63787,3000,11666,,1110,1054,920,1070,False,OTC,明基醫,UNKNOWN,ordinary_stock,TWSE_T86+TPEX_DAILY_TRADE_HIS,4116,397,298,382,380,0,0,0,0,0,0,0,0,,467,336,473,418
2026-08-28,GOOD,0,0,-914,-904,0,,-909,1322,1120,,1358,0,5,-2030,-64030,-7000,,-29030,-33030,,569,835,,580,0,1329,1103,,1342,0,5,-2944,UNKNOWN,2026-08-28T08:30:26.820315+00:00,-64934,-7000,,-29939,-33939,,562,856,,596,False,OTC,友華,UNKNOWN,ordinary_stock,TWSE_T86+TPEX_DAILY_TRADE_HIS,4120,398,299,,381,0,0,0,0,0,,0,0,,468,337,,419
2026-08-28,GOOD,1,0,-298,220,600,259,-39,899,601,757,900,3,0,3001,14999,3000,61999,9000,9000,,992,1342,904,1029,0,899,596,744,900,4,0,2703,UNKNOWN,2026-08-28T08:30:26.820315+00:00,15219,3600,62258,8752,8961,,992,1366,917,1038,False,OTC,優盛,UNKNOWN,ordinary_stock,TWSE_T86+TPEX_DAILY_TRADE_HIS,4121,399,300,383,382,0,0,0,0,0,0,0,0,,469,338,474,420
2026-08-28,GOOD,2,0,287657,-229375,46207,556982,29141,1811,1841,1582,1881,0,8,-2439670,-4312428,-787000,-6922274,-2290000,-3376049,,80,121,79,57,0,1814,1827,1569,1883,0,8,-2152013,UNKNOWN,2026-08-28T08:30:26.820315+00:00,-4541803,-740793,-5747292,-2224447,-3346908,,77,135,92,55,False,OTC,晟德,UNKNOWN,ordinary_stock,TWSE_T86+TPEX_DAILY_TRADE_HIS,4123,400,301,110,383,0,0,0,0,0,618000,0,0,,470,339,1551,421
2026-08-28,GOOD,0,0,1359,637,0,,998,1122,676,,1223,1,0,-8000,-8000,1000,,-8000,-8000,,768,1238,,704,0,1131,671,,1200,1,0,-6641,UNKNOWN,2026-08-28T08:30:26.820315+00:00,-7363,1000,,-7002,-7002,,760,1248,,738,False,OTC,太醫,UNKNOWN,ordinary_stock,TWSE_T86+TPEX_DAILY_TRADE_HIS,4126,401,302,,384,0,0,0,0,0,,0,0,,471,340,,422
2026-08-28,GOOD,1,0,-6471,6929,1557,21507,229,1364,1294,553,1572,0,8,-279000,-95000,-24000,254000,-88000,-187000,,527,665,1108,366,0,1354,1261,537,1568,0,8,-285471,UNKNOWN,2026-08-28T08:30:26.820315+00:00,-88071,-22443,275507,-88158,-186771,,537,701,1124,370,False,OTC,天良,UNKNOWN,ordinary_stock,TWSE_T86+TPEX_DAILY_TRADE_HIS,4127,402,303,384,385,0,0,0,0,0,0,0,0,,472,341,475,423
2026-08-28,GOOD,0,2,-53456,-17686,-3557,-58068,-35571,468,178,1350,1641,1,0,-816258,227392,243039,-727920,538116,-294433,,1423,1784,311,297,0,483,178,1357,1648,1,0,-869714,UNKNOWN,2026-08-28T08:30:26.820315+00:00,209706,239482,-785988,526084,-330004,,1408,1784,304,290,False,OTC,中天,UNKNOWN,ordinary_stock,TWSE_T86+TPEX_DAILY_TRADE_HIS,4128,403,304,385,386,0,0,0,0,0,0,0,0,,473,342,476,424
2026-08-28,GOOD,0,3,-1961,-1699,-59,684,-1830,1341,1461,1163,1520,0,2,-166000,-78000,-58000,-216353,-69000,-122000,,550,501,498,418,0,1343,1445,1161,1520,0,2,-167961,UNKNOWN,2026-08-28T08:30:26.820315+00:00,-79699,-58059,-215669,-71629,-123830,,548,517,500,418,False,OTC,聯合,UNKNOWN,ordinary_stock,TWSE_T86+TPEX_DAILY_TRADE_HIS,4129,404,305,386,387,0,0,0,0,0,0,0,0,,474,343,477,425
2026-08-28,GOOD,0,0,508,508,0,,508,819,1095,,831,0,2,4000,26000,-6000,,-5000,15000,,1069,853,,1103,0,822,1086,,827,0,2,4508,UNKNOWN,2026-08-28T08:30:26.820315+00:00,26508,-6000,,-4838,15508,,1069,868,,1111,False,OTC,曜亞,UNKNOWN,ordinary_stock,TWSE_T86+TPEX_DAILY_TRADE_HIS,4138,405,306,,388,0,0,0,0,0,,0,0,,475,344,,426
2026-08-28,GOOD,0,1,-769,-3647,-4040,-33015,-2208,338,1879,290,1459,0,1,-612658,461732,-1210950,1423975,-491963,-75463,,1553,83,1371,479,0,346,1875,296,1446,0,1,-613427,UNKNOWN,2026-08-28T08:30:26.820315+00:00,458085,-1214990,1390960,-493428,-77671,,1545,87,1365,492,False,OTC,中裕,UNKNOWN,ordinary_stock,TWSE_T86+TPEX_DAILY_TRADE_HIS,4147,406,307,387,389,0,0,0,0,0,0,0,0,,476,345,478,427
2026-08-28,GOOD,0,0,476,-646,0,,-85,1108,997,,1192,0,1,-4000,-6000,-3000,,-4000,-5000,,779,936,,740,0,1126,986,,1174,0,1,-3524,UNKNOWN,2026-08-28T08:30:26.820315+00:00,-6646,-3000,,-3882,-5085,,765,954,,764,False,OTC,鈺緯,UNKNOWN,ordinary_stock,TWSE_T86+TPEX_DAILY_TRADE_HIS,4153,407,308,,390,0,0,0,0,0,,0,0,,477,346,,428
2026-08-28,GOOD,1,0,4093,7951,1111,8192,6022,220,142,272,197,2,0,323488,1169114,399000,1553323,665090,746301,,1671,1820,1389,1741,0,221,145,274,209,2,0,327581,UNKNOWN,2026-08-28T08:30:26.820315+00:00,1177065,400111,1561515,664487,752323,,1670,1817,1387,1729,False,OTC,太景*-KY,UNKNOWN,ordinary_stock,TWSE_T86+TPEX_DAILY_TRADE_HIS,4157,408,309,388,391,0,0,0,0,0,0,0,0,,478,347,479,429
2026-08-28,GOOD,1,0,-425,399,114,-271,-13,1229,951,973,1203,0,1,15000,-27000,-2000,-33000,-6000,-6000,,662,981,687,734,0,1232,929,956,1191,0,1,14575,UNKNOWN,2026-08-28T08:30:26.820315+00:00,-26601,-1886,-33271,-5886,-6013,,659,1033,705,747,False,OTC,訊聯基因,UNKNOWN,ordinary_stock,TWSE_T86+TPEX_DAILY_TRADE_HIS,4160,409,310,389,392,0,0,0,0,0,0,0,0,,479,348,480,430
2026-08-27,STALE,0,0,-1022,-818,0,,-920,809,952,,749,0,1,23000,29000,-2000,,27000,26000,,1082,982,,1187,1,814,940,,750,0,2,21978,UNKNOWN,2026-08-28T08:30:26.820315+00:00,28182,-2000,,26459,25080,,1077,1000,,1188,True,OTC,聿新科,UNKNOWN,ordinary_stock,TWSE_T86+TPEX_DAILY_TRADE_HIS,4161,410,311,,393,0,0,0,0,0,,0,0,,480,349,,431
2026-08-28,GOOD,2,0,24422,-34658,735,-46890,-5118,648,1399,404,665,0,1,14262,77510,-42000,651480,100061,45886,,1243,562,1257,1273,0,615,430,405,518,4,0,98684,UNKNOWN,2026-08-28T08:30:26.820315+00:00,102852,18735,664590,165720,100768,,1276,1532,1256,1420,False,OTC,智擎,UNKNOWN,ordinary_stock,TWSE_T86+TPEX_DAILY_TRADE_HIS,4162,139,47,176,89,1,0,60000,60000,60000,60000,60000,60000,,1751,1914,1483,1849
2026-08-28,GOOD,4,0,-57,3101,59,25762,1522,664,536,583,1297,2,0,-101797,68467,6000,206420,8265,-16665,,1227,1414,1078,641,0,672,537,572,1276,2,0,-101854,UNKNOWN,2026-08-28T08:30:26.820315+00:00,71568,6059,232182,13373,-15143,,1219,1425,1089,662,False,OTC,鐿鈦,UNKNOWN,ordinary_stock,TWSE_T86+TPEX_DAILY_TRADE_HIS,4163,411,312,390,394,0,0,0,0,0,0,0,0,,481,350,481,432
2026-08-28,GOOD,0,0,0,0,0,0,0,607,440,1141,610,9,0,21000,99000,16000,-173000,45000,60000,,1282,1521,520,1327,0,620,445,1136,614,9,0,21000,UNKNOWN,2026-08-28T08:30:26.820315+00:00,99000,16000,-173000,45000,60000,,1271,1515,525,1324,False,OTC,友霖,UNKNOWN,ordinary_stock,TWSE_T86+TPEX_DAILY_TRADE_HIS,4166,412,313,391,395,0,0,0,0,0,0,0,0,,482,351,482,433
2026-08-28,GOOD,0,1,-151490,-90766,-13590,26071,-121128,116,1583,185,1477,0,2,-3558420,3371226,-119000,3029188,-120679,-93597,,1775,377,1476,461,0,125,1590,196,1591,0,2,-3709910,UNKNOWN,2026-08-28T08:30:26.820315+00:00,3280460,-132590,3055259,-118940,-214725,,1766,372,1465,347,False,OTC,松瑞藥,UNKNOWN,ordinary_stock,TWSE_T86+TPEX_DAILY_TRADE_HIS,4167,413,314,392,396,0,0,0,0,0,0,0,0,,483,352,483,434
2026-08-28,GOOD,0,2,-671,-231,-1,163,-451,608,469,874,569,4,0,49000,99000,12000,12000,70000,74000,,1283,1490,786,1368,0,621,473,859,579,4,0,48329,UNKNOWN,2026-08-28T08:30:26.820315+00:00,98769,11999,12163,69846,73549,,1270,1489,802,1359,False,OTC,醣聯,UNKNOWN,ordinary_stock,TWSE_T86+TPEX_DAILY_TRADE_HIS,4168,414,315,393,397,0,0,0,0,0,0,0,0,,484,353,484,435
2026-08-28,GOOD,0,0,-96,96,0,-33,0,595,998,617,606,0,1,19000,105000,-3000,171138,13000,62000,,1295,937,1044,1332,0,610,987,617,611,0,1,18904,UNKNOWN,2026-08-28T08:30:26.820315+00:00,105096,-3000,171105,13000,62000,,1281,955,1044,1327,False,OTC,瑞基,UNKNOWN,ordinary_stock,TWSE_T86+TPEX_DAILY_TRADE_HIS,4171,415,316,394,398,0,0,0,0,0,0,0,0,,485,354,485,436
2026-08-28,GOOD,1,0,59,215,752,483,137,1027,1121,1113,1178,0,2,-9000,1000,-7000,-131000,-8000,-4000,,856,836,548,755,0,1031,1098,1096,1150,0,2,-8941,UNKNOWN,2026-08-28T08:30:26.820315+00:00,1215,-6248,-130517,-7680,-3863,,860,864,565,788,False,OTC,久裕,UNKNOWN,ordinary_stock,TWSE_T86+TPEX_DAILY_TRADE_HIS,4173,416,317,395,399,0,0,0,0,0,0,0,0,,486,355,486,437
2026-08-28,GOOD,0,0,-424,866,0,317,221,1337,1384,671,1599,0,2,-358099,-74911,-39450,124594,-82505,-216505,,554,578,990,339,0,1339,1367,663,1592,0,2,-358523,UNKNOWN,2026-08-28T08:30:26.820315+00:00,-74045,-39450,124911,-82284,-216284,,552,595,998,346,False,OTC,浩鼎,UNKNOWN,ordinary_stock,TWSE_T86+TPEX_DAILY_TRADE_HIS,4174,417,318,396,400,0,0,0,0,0,0,0,0,,487,356,487,438
2026-08-28,GOOD,0,0,0,0,0,,0,918,853,,940,0,1,0,12000,-1000,,5000,6000,,970,1036,,982,0,922,849,,932,0,1,0,UNKNOWN,2026-08-28T08:30:26.820315+00:00,12000,-1000,,5000,6000,,966,1055,,998,False,OTC,杏一,UNKNOWN,ordinary_stock,TWSE_T86+TPEX_DAILY_TRADE_HIS,4175,418,319,,401,0,0,0,0,0,,0,0,,488,357,,439
2026-08-28,GOOD,0,1,411,-411,-4315,,0,900,446,,806,1,0,20735,14735,15000,,15735,17735,,991,1512,,1132,0,905,494,,807,2,0,21146,UNKNOWN,2026-08-28T08:30:26.820315+00:00,14324,10685,,12802,17735,,986,1468,,1131,False,OTC,安克,UNKNOWN,ordinary_stock,TWSE_T86+TPEX_DAILY_TRADE_HIS,4188,419,320,,402,0,0,0,0,0,,0,0,,489,358,,440
2026-08-28,GOOD,1,0,,,26,,-8,,677,,1101,1,0,,,1000,,0,-1000,,,1239,,812,0,,663,,1105,1,0,,UNKNOWN,2026-08-28T08:30:26.820315+00:00,,1026,,36,-1008,,,1299,,833,False,OTC,欣大健康,UNKNOWN,ordinary_stock,TWSE_T86+TPEX_DAILY_TRADE_HIS,4198,,321,,403,0,0,,,0,,0,0,,,359,,441
2026-08-28,GOOD,0,0,1323,-391,0,,466,886,953,,974,0,4,-8000,16000,-2000,,-9000,4000,,1000,983,,949,0,897,941,,969,0,4,-6677,UNKNOWN,2026-08-28T08:30:26.820315+00:00,15609,-2000,,-8772,4466,,994,1001,,969,False,OTC,中華食,UNKNOWN,ordinary_stock,TWSE_T86+TPEX_DAILY_TRADE_HIS,4205,420,322,,404,0,0,0,0,0,,0,0,,490,360,,442
2026-08-28,GOOD,0,0,1000,1000,0,877,1000,1413,1270,1110,1372,0,4,66999,-142999,-22000,-127999,-44000,-38000,,478,686,551,567,0,1420,1255,1095,1353,0,4,67999,UNKNOWN,2026-08-28T08:30:26.820315+00:00,-141999,-22000,-127122,-43000,-37000,,471,704,566,586,False,OTC,環泰,UNKNOWN,ordinary_stock,TWSE_T86+TPEX_DAILY_TRADE_HIS,4207,421,323,397,405,0,0,0,0,0,0,0,0,,491,361,488,443
2026-08-28,GOOD,0,2,-73718,45820,-573996,47060,-13949,527,1132,345,1719,0,1,-1273585,161547,-7950,927815,310981,-556019,,1364,830,1316,219,0,486,1798,345,1717,0,1,-1347303,UNKNOWN,2026-08-28T08:30:26.820315+00:00,207367,-581946,974875,241260,-569968,,1405,164,1316,221,False,OTC,信立,UNKNOWN,ordinary_stock,TWSE_T86+TPEX_DAILY_TRADE_HIS,4303,422,324,398,406,0,0,0,0,0,0,0,0,,492,362,489,444
2026-08-27,STALE,0,0,0,0,0,,0,968,555,,1153,1,0,-11950,6050,5050,,-8950,-2950,,923,1407,,785,1,984,553,,1134,1,0,-11950,UNKNOWN,2026-08-28T08:30:26.820315+00:00,6050,5050,,-8950,-2950,,907,1409,,804,True,OTC,勝昱,UNKNOWN,ordinary_stock,TWSE_T86+TPEX_DAILY_TRADE_HIS,4304,423,325,,407,0,0,0,0,0,,0,0,,493,363,,445
2026-08-28,GOOD,1,0,-168,-128,299,,-148,1028,1070,,918,0,1,15000,1000,-5000,,1000,8000,,857,877,,1014,0,1041,1053,,915,0,1,14832,UNKNOWN,2026-08-28T08:30:26.820315+00:00,872,-4701,,856,7852,,850,909,,1023,False,OTC,東隆興,UNKNOWN,ordinary_stock,TWSE_T86+TPEX_DAILY_TRADE_HIS,4401,424,326,,408,0,0,0,0,0,,0,0,,494,364,,446
2026-08-28,GOOD,0,4,-917,-297,-573,,-607,1048,757,,1068,0,0,2,-2,0,,0,0,,843,1142,,848,0,1055,830,,1083,0,4,-915,UNKNOWN,2026-08-28T08:30:26.820315+00:00,-299,-573,,-602,-607,,836,1132,,855,False,OTC,郡都開發,UNKNOWN,ordinary_stock,TWSE_T86+TPEX_DAILY_TRADE_HIS,4402,425,327,,409,0,0,0,0,0,,0,0,,495,365,,447
2026-08-28,GOOD,0,0,0,0,0,,0,1092,854,,1038,0,1,6000,-4000,-1000,,0,1000,,798,1037,,881,0,1096,850,,1039,0,1,6000,UNKNOWN,2026-08-28T08:30:26.820315+00:00,-4000,-1000,,0,1000,,793,1056,,888,False,OTC,新昕纖,UNKNOWN,ordinary_stock,TWSE_T86+TPEX_DAILY_TRADE_HIS,4406,426,328,,410,0,0,0,0,0,,0,0,,496,366,,448
2026-08-28,GOOD,0,0,-15000,15000,0,15000,0,395,474,492,1743,2,0,-1635274,336726,11513,365726,-121365,-649274,,1496,1488,1169,195,0,392,479,484,1741,2,0,-1650274,UNKNOWN,2026-08-28T08:30:26.820315+00:00,351726,11513,380726,-121365,-649274,,1499,1483,1177,197,False,OTC,三圓,UNKNOWN,ordinary_stock,TWSE_T86+TPEX_DAILY_TRADE_HIS,4416,427,329,399,411,0,0,0,0,0,0,0,0,,497,367,490,449
2026-08-28,GOOD,0,0,-368,324,0,511,-22,1281,758,732,1240,0,0,26000,-44000,0,75000,-4000,-9000,,610,1143,928,693,0,1281,761,718,1225,0,0,25632,UNKNOWN,2026-08-28T08:30:26.820315+00:00,-43676,0,75511,-4021,-9022,,610,1164,943,713,False,OTC,金洲,UNKNOWN,ordinary_stock,TWSE_T86+TPEX_DAILY_TRADE_HIS,4417,428,330,400,412,0,0,0,0,0,0,0,0,,498,368,491,450
2026-08-28,GOOD,0,2,-3603,2817,-40,,-393,903,759,,995,0,0,-8000,14000,0,,-1000,3000,,981,1144,,925,0,892,808,,1004,0,3,-11192,UNKNOWN,2026-08-28T08:30:26.820315+00:00,16406,-40,,-1230,2607,,999,1154,,934,False,OTC,光明,UNKNOWN,ordinary_stock,TWSE_T86+TPEX_DAILY_TRADE_HIS,4420,1618,331,,413,0,0,411,-411,0,,0,0,,273,369,,451
2026-08-28,GOOD,0,1,0,0,-1000,,0,1116,760,,820,0,0,39000,-7000,0,,13000,16000,,771,1145,,1113,0,1128,851,,821,0,1,39000,UNKNOWN,2026-08-28T08:30:26.820315+00:00,-7000,-1000,,12000,16000,,762,1057,,1116,False,OTC,耀億,UNKNOWN,ordinary_stock,TWSE_T86+TPEX_DAILY_TRADE_HIS,4430,429,332,,414,0,0,0,0,0,,0,0,,499,370,,452
2026-08-28,GOOD,0,3,31,-305,-17,99,-137,935,855,861,859,0,1,14000,10000,-1000,16000,6000,12000,,948,1038,798,1075,0,952,919,845,867,0,1,14031,UNKNOWN,2026-08-28T08:30:26.820315+00:00,9695,-1017,16099,5863,11863,,939,1043,816,1071,False,OTC,銘旺實,UNKNOWN,ordinary_stock,TWSE_T86+TPEX_DAILY_TRADE_HIS,4432,430,333,401,415,0,0,0,0,0,0,0,0,,500,371,492,453
2026-08-28,GOOD,0,0,-877,-1025,0,-942,-951,1206,999,950,1335,0,5,-31000,-21000,-3000,-17000,-12000,-26000,,685,938,711,601,0,1217,988,933,1316,0,5,-31877,UNKNOWN,2026-08-28T08:30:26.820315+00:00,-22025,-3000,-17942,-12000,-26951,,674,956,728,622,False,OTC,興采,UNKNOWN,ordinary_stock,TWSE_T86+TPEX_DAILY_TRADE_HIS,4433,431,334,402,416,0,0,0,0,0,0,0,0,,501,372,493,454
2026-08-28,GOOD,2,0,-3595,-47,314,10885,-1821,1477,1311,1433,1461,0,3,75000,-229000,-26000,-1448949,-71000,-77000,,414,647,228,477,0,1481,1291,1436,1448,0,3,71405,UNKNOWN,2026-08-28T08:30:26.820315+00:00,-229047,-25686,-1438064,-72420,-78821,,410,671,225,490,False,OTC,竣邦-KY,UNKNOWN,ordinary_stock,TWSE_T86+TPEX_DAILY_TRADE_HIS,4442,432,335,403,417,0,0,0,0,0,0,0,0,,502,373,494,455
2026-08-28,GOOD,1,0,2510,-616,1104,-7770,947,1359,1537,1093,1393,0,1,-33,-91767,-87110,-111615,-90900,-45900,,532,425,568,545,0,1362,1518,1086,1381,0,1,2477,UNKNOWN,2026-08-28T08:30:26.820315+00:00,-92383,-86006,-119385,-90369,-44953,,529,444,575,557,False,OTC,金雨,UNKNOWN,ordinary_stock,TWSE_T86+TPEX_DAILY_TRADE_HIS,4503,433,336,404,418,0,0,0,0,0,0,0,0,,503,374,495,456
2026-08-28,GOOD,0,2,-412,-32,-309,-1634,-222,679,1371,632,1254,0,3,-84912,63390,-36971,154456,-41961,-10761,,1212,591,1029,684,0,689,1356,626,1245,0,3,-85324,UNKNOWN,2026-08-28T08:30:26.820315+00:00,63358,-37280,152822,-41492,-10983,,1202,606,1035,693,False,OTC,崇友,UNKNOWN,ordinary_stock,TWSE_T86+TPEX_DAILY_TRADE_HIS,4506,434,337,405,419,0,0,0,0,0,0,0,0,,504,375,496,457
2026-08-28,GOOD,0,1,41613,7291,-280,125642,24452,1478,177,414,586,1,0,366057,-229943,250056,590073,-52944,68057,,413,1785,1247,1352,0,1477,174,395,533,1,0,407670,UNKNOWN,2026-08-28T08:30:26.820315+00:00,-222652,249776,715715,-23541,92509,,414,1788,1266,1405,False,OTC,高鋒,UNKNOWN,ordinary_stock,TWSE_T86+TPEX_DAILY_TRADE_HIS,4510,435,338,406,420,0,0,0,0,0,0,0,0,,505,376,497,458
2026-08-28,GOOD,0,2,52,-124,-47,-42117,-36,1573,1580,1311,1562,0,2,129070,-464826,-117879,-558736,-87878,-167878,,318,382,350,376,0,1569,1565,1314,1557,0,2,129122,UNKNOWN,2026-08-28T08:30:26.820315+00:00,-464950,-117926,-600853,-87976,-167914,,322,397,347,381,False,OTC,福裕,UNKNOWN,ordinary_stock,TWSE_T86+TPEX_DAILY_TRADE_HIS,4513,436,339,407,421,0,0,0,0,0,0,0,0,,506,377,498,459
2026-08-28,GOOD,0,6,-1060,710,-11,-1098,-175,734,583,1068,690,3,0,30000,46000,4000,-88000,46000,38000,,1154,1371,593,1247,0,742,591,1054,693,3,0,28940,UNKNOWN,2026-08-28T08:30:26.820315+00:00,46710,3989,-89098,45852,37825,,1149,1371,607,1245,False,OTC,永彰,UNKNOWN,ordinary_stock,TWSE_T86+TPEX_DAILY_TRADE_HIS,4523,437,340,408,422,0,0,0,0,0,0,0,0,,507,378,499,460
2026-08-28,GOOD,0,0,3053,-3053,0,,0,828,678,,795,1,0,11000,25000,1000,,15000,18000,,1061,1240,,1134,0,850,672,,797,1,0,14053,UNKNOWN,2026-08-28T08:30:26.820315+00:00,21947,1000,,15000,18000,,1041,1249,,1138,False,OTC,方土霖,UNKNOWN,ordinary_stock,TWSE_T86+TPEX_DAILY_TRADE_HIS,4527,438,341,,423,0,0,0,0,0,,0,0,,508,379,,461
2026-08-28,GOOD,1,0,151,493,528,,322,1029,602,,941,2,0,11000,1000,3000,,6000,6000,,858,1343,,983,0,1030,597,,928,2,0,11151,UNKNOWN,2026-08-28T08:30:26.820315+00:00,1493,3528,,6136,6322,,861,1365,,1010,False,OTC,江興鍛,UNKNOWN,ordinary_stock,TWSE_T86+TPEX_DAILY_TRADE_HIS,4528,439,342,,424,0,0,0,0,0,,0,0,,509,380,,462
2026-08-28,GOOD,0,2,4419,-6961,-507,39020,-1271,1428,259,1364,316,3,0,757052,-156270,87352,-830080,179082,300391,,463,1703,297,1622,0,1436,259,1360,327,3,0,761471,UNKNOWN,2026-08-28T08:30:26.820315+00:00,-163231,86845,-791060,179273,299120,,455,1703,301,1611,False,OTC,協易機,UNKNOWN,ordinary_stock,TWSE_T86+TPEX_DAILY_TRADE_HIS,4533,440,343,409,425,0,0,0,0,0,0,0,0,,510,381,500,463
2026-08-28,GOOD,0,1,6069,4881,-144,2577,5475,1649,1215,1444,1640,0,3,237525,-825609,-14163,-1649059,-323747,-294042,,242,747,217,298,0,1654,1200,1452,1629,0,3,243594,UNKNOWN,2026-08-28T08:30:26.820315+00:00,-820728,-14307,-1646482,-323847,-288567,,237,762,209,309,False,OTC,慶騰,UNKNOWN,ordinary_stock,TWSE_T86+TPEX_DAILY_TRADE_HIS,4534,441,344,410,426,0,0,0,0,0,0,0,0,,511,382,501,464
2026-08-28,GOOD,0,0,-23,17,0,,-3,1030,954,,1102,0,2,-3000,1000,-2000,,-2000,-1000,,859,984,,813,0,1034,942,,1104,0,2,-3023,UNKNOWN,2026-08-28T08:30:26.820315+00:00,1017,-2000,,-2000,-1003,,857,1002,,834,False,OTC,至興,UNKNOWN,ordinary_stock,TWSE_T86+TPEX_DAILY_TRADE_HIS,4535,442,345,,427,0,0,0,0,0,,0,0,,512,383,,465
2026-08-28,GOOD,0,0,-290,-288,0,,-289,1169,856,,1156,0,1,9000,-15000,-1000,,0,-3000,,719,1039,,770,0,1172,852,,1144,0,1,8710,UNKNOWN,2026-08-28T08:30:26.820315+00:00,-15288,-1000,,0,-3289,,719,1058,,794,False,OTC,大詠城,UNKNOWN,ordinary_stock,TWSE_T86+TPEX_DAILY_TRADE_HIS,4538,443,346,,428,0,0,0,0,0,,0,0,,513,384,,466
2026-08-28,GOOD,0,2,150139,-161361,-8821,-31402,-5611,1711,1857,1532,1814,0,4,-1436557,-1355029,-924637,-3399945,-1364228,-1395793,,180,105,129,124,0,1733,1847,1532,1815,0,4,-1286418,UNKNOWN,2026-08-28T08:30:26.820315+00:00,-1516390,-933458,-3431347,-1357280,-1401404,,158,115,129,123,False,OTC,晟田,UNKNOWN,ordinary_stock,TWSE_T86+TPEX_DAILY_TRADE_HIS,4541,444,347,411,429,0,0,0,0,0,0,0,0,,514,385,502,467
2026-08-28,GOOD,0,1,1000,-3782,-2967,-11495,-1391,1455,515,1382,1636,1,0,-390992,-181334,8000,-942405,-202450,-286163,,436,1439,279,302,0,1461,554,1378,1628,1,0,-389992,UNKNOWN,2026-08-28T08:30:26.820315+00:00,-185116,5033,-953900,-205822,-287554,,430,1408,283,310,False,OTC,科嶠,UNKNOWN,ordinary_stock,TWSE_T86+TPEX_DAILY_TRADE_HIS,4542,445,348,412,430,0,0,0,0,0,0,0,0,,515,386,503,468
2026-08-28,GOOD,0,1,-987,-795,-102,-16087,-891,1266,1065,782,1516,0,5,-199850,-37850,-4850,46049,-58850,-118850,,625,897,879,422,0,1274,1056,810,1513,0,5,-200837,UNKNOWN,2026-08-28T08:30:26.820315+00:00,-38645,-4952,29962,-58845,-119741,,617,906,851,425,False,OTC,萬在,UNKNOWN,ordinary_stock,TWSE_T86+TPEX_DAILY_TRADE_HIS,4543,446,349,413,431,0,0,0,0,0,0,0,0,,516,387,504,469
2026-08-28,GOOD,0,3,-1915,-2491,-124,-1229,-2203,480,299,509,525,2,0,-12629,211511,62431,335811,83441,99441,,1411,1663,1152,1413,0,484,300,508,524,2,0,-14544,UNKNOWN,2026-08-28T08:30:26.820315+00:00,209020,62307,334582,81238,97238,,1407,1662,1153,1414,False,OTC,桓達,UNKNOWN,ordinary_stock,TWSE_T86+TPEX_DAILY_TRADE_HIS,4549,447,350,414,432,0,0,0,0,0,0,0,0,,517,388,505,470
2026-08-28,GOOD,0,0,-233,25,0,,-104,802,857,,1157,0,1,-36000,30000,-1000,,-2000,-3000,,1087,1040,,771,0,806,853,,1141,0,6,-36233,UNKNOWN,2026-08-28T08:30:26.820315+00:00,30025,-1000,,-2039,-3104,,1085,1059,,797,False,OTC,長佳,UNKNOWN,ordinary_stock,TWSE_T86+TPEX_DAILY_TRADE_HIS,4550,448,351,,433,0,0,0,0,0,,0,0,,518,389,,471
2026-08-28,GOOD,1,0,13,-23,528,,-5,757,391,,716,3,0,23000,41000,26000,,69000,32000,,1132,1570,,1225,0,770,385,,716,3,0,23013,UNKNOWN,2026-08-28T08:30:26.820315+00:00,40977,26528,,69528,31995,,1121,1577,,1222,False,OTC,橙的,UNKNOWN,ordinary_stock,TWSE_T86+TPEX_DAILY_TRADE_HIS,4554,449,352,,434,0,0,0,0,0,,0,0,,519,390,,472
2026-08-28,GOOD,2,0,-933,719,558,-196,-107,1480,1340,1246,1505,0,3,5125,-231125,-30000,-389125,-113000,-113000,,411,621,415,432,0,1483,1319,1247,1502,0,3,4192,UNKNOWN,2026-08-28T08:30:26.820315+00:00,-230406,-29442,-389321,-112971,-113107,,408,643,414,436,False,OTC,旭然,UNKNOWN,ordinary_stock,TWSE_T86+TPEX_DAILY_TRADE_HIS,4556,450,353,415,435,0,0,0,0,0,0,0,0,,520,391,506,473
2026-08-28,GOOD,2,0,448,1520,41,,984,780,955,,742,0,1,18000,36000,-2000,,12000,27000,,1110,985,,1194,0,782,931,,739,0,1,18448,UNKNOWN,2026-08-28T08:30:26.820315+00:00,37520,-1959,,13041,27984,,1109,1031,,1199,False,OTC,寶緯,UNKNOWN,ordinary_stock,TWSE_T86+TPEX_DAILY_TRADE_HIS,4558,451,354,,436,0,0,0,0,0,,0,0,,521,392,,474
2026-08-28,GOOD,1,0,4633,5849,6235,4291,5241,1022,1369,1098,539,0,2,177253,1605,-35600,-113395,-46597,89429,,869,593,563,1399,0,970,1318,1077,528,0,2,181886,UNKNOWN,2026-08-28T08:30:26.820315+00:00,7454,-29365,-109104,-41939,94670,,921,644,584,1410,False,OTC,健椿,UNKNOWN,ordinary_stock,TWSE_T86+TPEX_DAILY_TRADE_HIS,4561,452,355,416,437,0,0,0,0,0,0,0,0,,522,393,507,475
2026-08-28,GOOD,0,1,-723,-1055,-671,-735,-889,659,761,551,678,0,0,11992,72006,0,259010,29000,41999,,1232,1146,1110,1260,0,674,833,551,682,0,2,11269,UNKNOWN,2026-08-28T08:30:26.820315+00:00,70951,-671,258275,28351,41110,,1217,1129,1110,1256,False,OTC,百德,UNKNOWN,ordinary_stock,TWSE_T86+TPEX_DAILY_TRADE_HIS,4563,453,356,417,438,0,0,0,0,0,0,0,0,,523,394,508,476
2026-08-28,GOOD,1,0,10684,10742,9277,19482,10713,361,204,454,242,4,0,558830,412378,169000,454941,459100,485604,,1530,1758,1207,1696,0,362,203,448,248,4,0,569514,UNKNOWN,2026-08-28T08:30:26.820315+00:00,423120,178277,474423,470551,496317,,1529,1759,1213,1690,False,OTC,達航科技,UNKNOWN,ordinary_stock,TWSE_T86+TPEX_DAILY_TRADE_HIS,4577,454,357,418,439,0,0,0,0,0,0,0,0,,524,395,509,477
2026-08-28,GOOD,2,0,3111,243,1000,5989,1677,1360,1218,1154,1439,0,9,-41000,-93000,-15000,-199000,-40000,-67000,,531,740,507,499,0,1363,1193,1147,1425,0,9,-37889,UNKNOWN,2026-08-28T08:30:26.820315+00:00,-92757,-14000,-193011,-38295,-65323,,528,764,514,513,False,OTC,捷流閥業,UNKNOWN,ordinary_stock,TWSE_T86+TPEX_DAILY_TRADE_HIS,4580,455,358,419,440,0,0,0,0,0,0,0,0,,525,396,510,478
2026-08-21,STALE,0,0,,,0,,-3000,,858,,1069,0,3,,,-1000,,-3000,0,,,1041,,849,7,,854,,1137,0,3,,UNKNOWN,2026-08-28T08:30:26.820315+00:00,,-1000,,-3000,-3000,,,1060,,800,True,OTC,君帆,UNKNOWN,ordinary_stock,TWSE_T86+TPEX_DAILY_TRADE_HIS,4584,,359,,441,0,0,,,0,,0,0,,,397,,479
2026-08-28,GOOD,0,1,-1635,-1,-940,,-818,911,516,,1070,1,0,-13000,13000,8000,,5000,0,,976,1440,,850,0,919,522,,1084,1,0,-14635,UNKNOWN,2026-08-28T08:30:26.820315+00:00,12999,7060,,4282,-818,,972,1440,,854,False,OTC,中美實,UNKNOWN,ordinary_stock,TWSE_T86+TPEX_DAILY_TRADE_HIS,4702,456,360,,442,0,0,0,0,0,,0,0,,526,398,,480
2026-08-28,GOOD,1,0,105325,52261,12910,104137,78793,1637,1655,1430,1823,0,4,-2362444,-740904,-176198,-1413404,-1756174,-1551674,,254,307,231,115,0,1632,1630,1427,1821,0,4,-2257119,UNKNOWN,2026-08-28T08:30:26.820315+00:00,-688643,-163288,-1309267,-1695436,-1472881,,259,332,234,117,False,OTC,磐亞,UNKNOWN,ordinary_stock,TWSE_T86+TPEX_DAILY_TRADE_HIS,4707,457,361,420,443,0,0,0,0,0,0,0,0,,527,399,511,481
2026-08-28,GOOD,1,0,157,217,187,-8468,187,1065,956,714,1224,0,3,-14000,-2000,-2000,87000,-8000,-8000,,818,986,946,705,0,1070,926,711,1206,0,3,-13843,UNKNOWN,2026-08-28T08:30:26.820315+00:00,-1783,-1813,78532,-7813,-7813,,821,1036,950,732,False,OTC,永純,UNKNOWN,ordinary_stock,TWSE_T86+TPEX_DAILY_TRADE_HIS,4711,458,362,421,444,0,0,0,0,0,0,0,0,,528,400,512,482
2026-08-28,GOOD,0,2,41520,-79950,-338,-338517,-19215,1665,1845,619,1825,0,2,-2266243,-934243,-829877,168815,-1291548,-1600243,,226,117,1042,113,0,1686,1838,1130,1830,0,2,-2224723,UNKNOWN,2026-08-28T08:30:26.820315+00:00,-1014193,-830215,-169702,-1310822,-1619458,,205,124,531,108,False,OTC,永捷,UNKNOWN,ordinary_stock,TWSE_T86+TPEX_DAILY_TRADE_HIS,4714,459,363,422,445,0,0,0,0,0,0,0,0,,529,401,513,483
2026-08-28,GOOD,1,0,3883,5209,4546,-25923,4546,275,133,563,190,3,0,938857,720351,442972,237649,796383,829604,,1616,1829,1098,1748,0,275,131,581,202,3,0,942740,UNKNOWN,2026-08-28T08:30:26.820315+00:00,725560,447518,211726,800929,834150,,1616,1831,1080,1736,False,OTC,大立,UNKNOWN,ordinary_stock,TWSE_T86+TPEX_DAILY_TRADE_HIS,4716,460,364,423,446,0,0,0,0,0,0,0,0,,530,402,514,484
2026-08-28,GOOD,0,2,2935,-13317,-160,-42073,-5191,1583,1337,1324,410,0,1,871066,-497376,-29625,-593670,226838,186845,,308,625,337,1528,0,1588,1322,1326,420,0,1,874001,UNKNOWN,2026-08-28T08:30:26.820315+00:00,-510693,-29785,-635743,227475,181654,,303,640,335,1518,False,OTC,美琪瑪,UNKNOWN,ordinary_stock,TWSE_T86+TPEX_DAILY_TRADE_HIS,4721,461,365,424,447,0,0,0,0,0,0,0,0,,531,403,515,485
2026-08-28,GOOD,1,0,-889,843,815,644,-23,606,478,1031,611,3,0,20000,100000,11000,-60000,65000,60000,,1285,1477,630,1328,0,619,477,1012,615,3,0,19111,UNKNOWN,2026-08-28T08:30:26.820315+00:00,100843,11815,-59356,65812,59977,,1272,1485,649,1323,False,OTC,永昕,UNKNOWN,ordinary_stock,TWSE_T86+TPEX_DAILY_TRADE_HIS,4726,462,366,425,448,0,0,0,0,0,0,0,0,,532,404,516,486
2026-08-28,GOOD,0,1,-1051,713,-48,626,-169,714,479,615,614,3,0,68000,50000,11000,172665,41000,59000,,1174,1478,1046,1324,0,715,489,613,619,3,0,66949,UNKNOWN,2026-08-28T08:30:26.820315+00:00,50713,10952,173291,40952,58831,,1176,1473,1048,1319,False,OTC,熒茂,UNKNOWN,ordinary_stock,TWSE_T86+TPEX_DAILY_TRADE_HIS,4729,463,367,426,449,0,0,0,0,0,0,0,0,,533,405,517,487
2026-08-28,GOOD,1,0,-12691,-9093,2,-132,-10892,848,494,743,1071,2,0,-22000,22000,10000,67999,16000,0,,1043,1468,918,851,0,920,497,729,1242,2,0,-34691,UNKNOWN,2026-08-28T08:30:26.820315+00:00,12907,10002,67867,14194,-10892,,971,1465,932,696,False,OTC,豪展,UNKNOWN,ordinary_stock,TWSE_T86+TPEX_DAILY_TRADE_HIS,4735,464,368,427,450,0,0,0,0,0,0,0,0,,534,406,518,488
2026-08-28,GOOD,3,0,-2221,5621,7849,8777,1700,683,371,623,695,3,0,10000,62000,32000,165000,48000,36000,,1207,1592,1037,1241,0,680,340,612,694,3,0,7779,UNKNOWN,2026-08-28T08:30:26.820315+00:00,67621,39849,173777,56704,37700,,1211,1622,1049,1244,False,OTC,泓瀚,UNKNOWN,ordinary_stock,TWSE_T86+TPEX_DAILY_TRADE_HIS,4741,465,369,428,451,0,0,0,0,0,0,0,0,,535,407,519,489
2026-08-28,GOOD,0,2,-128988,-79254,-6099,-80254,-104121,244,490,235,1777,1,0,-2791850,965102,10430,1962948,401931,-913374,,1647,1472,1426,161,0,256,572,253,1782,1,0,-2920838,UNKNOWN,2026-08-28T08:30:26.820315+00:00,885848,4331,1882694,391518,-1017495,,1635,1390,1408,156,False,OTC,合一,UNKNOWN,ordinary_stock,TWSE_T86+TPEX_DAILY_TRADE_HIS,4743,466,370,429,452,0,0,0,0,0,0,0,0,,536,408,520,490
2026-08-28,GOOD,0,0,0,0,0,,0,1280,1135,,838,0,1,70999,-42999,-8000,,22000,14000,,611,819,,1098,0,1280,1120,,842,0,1,70999,UNKNOWN,2026-08-28T08:30:26.820315+00:00,-42999,-8000,,22000,14000,,611,837,,1094,False,OTC,皇將,UNKNOWN,ordinary_stock,TWSE_T86+TPEX_DAILY_TRADE_HIS,4744,467,371,,453,0,0,0,0,0,,0,0,,537,409,,491
2026-08-28,GOOD,0,4,131,125,-1,-251,128,1232,584,764,1273,1,0,1000,-29000,4000,56000,4000,-14000,,656,1372,896,662,0,1237,590,753,1264,1,0,1131,UNKNOWN,2026-08-28T08:30:26.820315+00:00,-28875,3999,55749,3839,-13872,,654,1372,908,674,False,OTC,合富-KY,UNKNOWN,ordinary_stock,TWSE_T86+TPEX_DAILY_TRADE_HIS,4745,468,372,430,454,0,0,0,0,0,0,0,0,,538,410,521,492
2026-08-19,STALE,1,0,-2501,3215,872,,357,684,407,,809,1,0,-28000,62000,22000,,22000,17000,,1208,1551,,1120,9,682,406,,809,1,0,-30501,UNKNOWN,2026-08-28T08:30:26.820315+00:00,65215,22872,,22626,17357,,1209,1556,,1129,True,OTC,強生,UNKNOWN,ordinary_stock,TWSE_T86+TPEX_DAILY_TRADE_HIS,4747,469,373,,455,0,0,0,0,0,,0,0,,539,411,,493
2026-08-28,GOOD,0,1,47322,-17338,-975,-19781,14992,1460,1599,1381,1590,0,1,-231891,-185813,-127908,-927939,-133666,-208852,,431,363,280,348,0,1490,1586,1315,1595,0,1,-188272,UNKNOWN,2026-08-28T08:30:26.820315+00:00,-248030,-128883,-601574,-110448,-218151,,401,376,346,343,False,OTC,新應材,UNKNOWN,ordinary_stock,TWSE_T86+TPEX_DAILY_TRADE_HIS,4749,1756,374,132,1819,0,0,-3703,-44879,0,346146,-1153,-24291,,135,412,1529,119
2026-08-28,GOOD,0,0,0,0,0,,0,1123,560,,942,1,0,20000,-8000,5000,,3000,6000,,769,1392,,984,0,1135,559,,933,1,0,20000,UNKNOWN,2026-08-28T08:30:26.820315+00:00,-8000,5000,,3000,6000,,755,1398,,999,False,OTC,國碳科,UNKNOWN,ordinary_stock,TWSE_T86+TPEX_DAILY_TRADE_HIS,4754,470,375,,456,0,0,0,0,0,,0,0,,540,413,,494
2026-08-28,GOOD,3,0,49913,-4677,3481,30632,22618,496,1569,1262,1248,0,1,-209619,191259,-109856,-431700,-30885,-9180,,1395,393,399,690,0,594,1553,1267,849,0,1,-89706,UNKNOWN,2026-08-28T08:30:26.820315+00:00,116582,-106375,-451068,-1578,13438,,1297,409,394,1089,False,OTC,勤凱,UNKNOWN,ordinary_stock,TWSE_T86+TPEX_DAILY_TRADE_HIS,4760,1764,376,1481,457,0,0,70000,-70000,0,-50000,0,0,,127,414,180,495
2026-08-28,GOOD,0,1,-63020,113238,-10434,119498,25109,1324,1703,569,1660,0,2,-625685,-65425,-238900,229994,-182706,-345555,,567,259,1092,278,0,730,1694,500,1642,0,2,-688705,UNKNOWN,2026-08-28T08:30:26.820315+00:00,47813,-249334,349492,-159185,-320446,,1161,268,1161,296,False,OTC,晶呈科技,UNKNOWN,ordinary_stock,TWSE_T86+TPEX_DAILY_TRADE_HIS,4768,471,377,431,458,0,0,0,0,0,0,0,0,,541,415,522,496
2026-08-28,GOOD,0,1,51688,25860,-8251,78217,38774,592,1523,527,535,0,1,77306,106192,-81000,300930,105749,91749,,1299,439,1134,1403,0,574,1524,487,470,0,1,129294,UNKNOWN,2026-08-28T08:30:26.820315+00:00,131752,-89251,378047,123150,130523,,1317,438,1174,1468,False,OTC,台特化,UNKNOWN,ordinary_stock,TWSE_T86+TPEX_DAILY_TRADE_HIS,4772,1615,378,1357,459,0,0,300,-300,0,-1100,0,0,,275,416,304,497
2026-08-28,GOOD,0,0,0,0,0,25841,0,978,260,597,429,3,0,319138,5138,86000,195751,172220,162138,,913,1702,1064,1509,0,991,260,576,437,3,0,319138,UNKNOWN,2026-08-28T08:30:26.820315+00:00,5138,86000,221592,172220,162138,,900,1702,1085,1501,False,OTC,聯光通,UNKNOWN,ordinary_stock,TWSE_T86+TPEX_DAILY_TRADE_HIS,4903,472,379,432,460,0,0,0,0,0,0,0,0,,542,417,523,498
2026-08-28,GOOD,0,0,-29000,29000,0,,0,1081,679,,1020,1,0,7000,-3000,1000,,-1000,2000,,806,1241,,911,0,825,673,,1015,1,0,-22000,UNKNOWN,2026-08-28T08:30:26.820315+00:00,26000,1000,,0,2000,,1064,1250,,913,False,OTC,台聯電,UNKNOWN,ordinary_stock,TWSE_T86+TPEX_DAILY_TRADE_HIS,4905,473,380,,461,0,0,0,0,0,,0,0,,543,418,,499
2026-08-28,GOOD,1,0,154,154,15,-386,154,726,480,593,1257,1,0,-70000,48000,11000,198000,18000,-11000,,1166,1479,1068,674,0,726,483,593,1241,1,0,-69846,UNKNOWN,2026-08-28T08:30:26.820315+00:00,48154,11015,197614,18150,-10846,,1165,1479,1068,697,False,OTC,富宇,UNKNOWN,ordinary_stock,TWSE_T86+TPEX_DAILY_TRADE_HIS,4907,474,381,433,462,0,0,0,0,0,0,0,0,,544,419,524,500
2026-08-28,GOOD,0,1,89500,67738,-108259,197695,78619,1757,136,1492,1857,1,0,-1961364,-2150306,432030,-2274951,-2216181,-2055835,,134,1826,169,81,0,1758,156,1480,1849,1,0,-1871864,UNKNOWN,2026-08-28T08:30:26.820315+00:00,-2082568,323771,-2077256,-2174528,-1977216,,133,1806,181,89,False,OTC,前鼎,UNKNOWN,ordinary_stock,TWSE_T86+TPEX_DAILY_TRADE_HIS,4908,475,382,434,463,0,0,0,0,0,0,0,0,,545,420,525,501
2026-08-28,GOOD,0,1,14438,3276,-7824,11508,8857,1629,1862,1219,1750,0,1,-626212,-721978,-991900,-331090,-679095,-674095,,262,100,442,188,0,1640,1853,1219,1746,0,1,-611774,UNKNOWN,2026-08-28T08:30:26.820315+00:00,-718702,-999724,-319582,-669558,-665238,,251,109,442,192,False,OTC,新復興,UNKNOWN,ordinary_stock,TWSE_T86+TPEX_DAILY_TRADE_HIS,4909,476,383,435,464,0,0,0,0,0,0,0,0,,546,421,526,502
2026-08-28,GOOD,2,0,15359,4325,2912,10585,9842,1125,680,1004,1103,1,0,6200,-8200,1000,-47200,-2000,-1000,,766,1242,657,814,0,1094,592,964,902,4,0,21559,UNKNOWN,2026-08-28T08:30:26.820315+00:00,-3875,3912,-36615,6842,8842,,797,1370,697,1036,False,OTC,德英,UNKNOWN,ordinary_stock,TWSE_T86+TPEX_DAILY_TRADE_HIS,4911,477,384,436,465,0,0,0,0,0,0,0,0,,547,422,527,503
2026-08-28,GOOD,3,0,-2426,4388,5326,66686,981,382,362,612,258,5,0,510189,365547,33372,178542,313869,437868,,1509,1600,1049,1680,0,386,344,559,271,5,0,507763,UNKNOWN,2026-08-28T08:30:26.820315+00:00,369935,38698,245228,330653,438849,,1505,1618,1102,1667,False,OTC,力士,UNKNOWN,ordinary_stock,TWSE_T86+TPEX_DAILY_TRADE_HIS,4923,478,385,437,466,0,0,0,0,0,0,0,0,,548,423,528,504
2026-08-28,GOOD,0,0,-5554,-6688,0,,-6121,904,561,,927,2,0,0,14000,5000,,16000,7000,,982,1393,,1005,0,972,560,,1053,2,0,-5554,UNKNOWN,2026-08-28T08:30:26.820315+00:00,7312,5000,,11879,879,,919,1399,,885,False,OTC,欣厚-KY,UNKNOWN,ordinary_stock,TWSE_T86+TPEX_DAILY_TRADE_HIS,4924,479,386,,467,0,0,0,0,0,,0,0,,549,424,,505
2026-08-28,GOOD,3,0,128897,272459,60092,622686,200678,1725,1614,171,1877,0,1,-4671196,-1550886,-138773,3405345,-2308773,-3111041,,166,348,1490,61,0,1714,1502,168,1878,0,1,-4542299,UNKNOWN,2026-08-28T08:30:26.820315+00:00,-1278427,-78681,4028031,-1990496,-2910363,,177,460,1493,60,False,OTC,新盛力,UNKNOWN,ordinary_stock,TWSE_T86+TPEX_DAILY_TRADE_HIS,4931,480,387,438,468,0,0,0,0,0,0,0,0,,550,425,529,506
2026-08-28,GOOD,0,1,646,-1224,-45,1750,-289,1303,1407,810,1470,0,5,-120450,-55550,-44000,31704,-60000,-88000,,588,554,851,468,0,1311,1393,779,1462,0,5,-119804,UNKNOWN,2026-08-28T08:30:26.820315+00:00,-56774,-44045,43454,-60082,-88289,,580,569,882,476,False,OTC,友輝,UNKNOWN,ordinary_stock,TWSE_T86+TPEX_DAILY_TRADE_HIS,4933,481,388,198,469,0,0,0,0,0,10000,0,0,,551,426,1460,507
2026-08-28,GOOD,0,1,-353803,348617,-495347,515831,-2593,47,17,88,42,2,0,6815515,10587839,7581800,9301212,7058600,8701677,,1844,1945,1573,1896,0,47,19,87,45,2,0,6461712,UNKNOWN,2026-08-28T08:30:26.820315+00:00,10936456,7086453,9817043,6721545,8699084,,1844,1943,1574,1893,False,OTC,亞電,UNKNOWN,ordinary_stock,TWSE_T86+TPEX_DAILY_TRADE_HIS,4939,482,389,439,470,0,0,0,0,0,0,0,0,,552,427,530,508
2026-08-28,GOOD,1,0,-197,89,892,593,-54,1082,1000,984,1251,0,1,-17000,-3000,-3000,-37000,-1000,-10000,,807,939,677,685,0,1082,973,963,1237,0,1,-17197,UNKNOWN,2026-08-28T08:30:26.820315+00:00,-2911,-2108,-36407,-101,-10054,,809,989,698,701,False,OTC,辣椒,UNKNOWN,ordinary_stock,TWSE_T86+TPEX_DAILY_TRADE_HIS,4946,483,390,440,471,0,0,0,0,0,0,0,0,,553,428,531,509
2026-08-28,GOOD,1,0,626,-1070,96,,-222,1001,859,,1104,0,1,-5000,3000,-1000,,0,-1000,,883,1042,,815,0,1029,837,,1111,0,2,-4374,UNKNOWN,2026-08-28T08:30:26.820315+00:00,1930,-904,,-429,-1222,,862,1124,,827,False,OTC,金耘國際,UNKNOWN,ordinary_stock,TWSE_T86+TPEX_DAILY_TRADE_HIS,4950,484,391,,472,0,0,0,0,0,,0,0,,554,429,,510
2026-08-28,GOOD,0,1,477,423,-103,-1507,450,597,271,662,701,1,0,-35082,104918,78000,131002,86055,34918,,1294,1692,999,1237,0,609,271,653,700,1,0,-34605,UNKNOWN,2026-08-28T08:30:26.820315+00:00,105341,77897,129495,86641,35368,,1282,1691,1008,1238,False,OTC,精拓科,UNKNOWN,ordinary_stock,TWSE_T86+TPEX_DAILY_TRADE_HIS,4951,485,392,441,473,0,0,0,0,0,0,0,0,,555,430,532,511
2026-08-28,GOOD,0,11,-1760,-4960,-1750,18997,-3360,1510,1401,1134,1539,0,5,5262,-287342,-42040,-157960,-91040,-141040,,381,561,527,399,0,1510,1392,1131,1537,0,5,5502,UNKNOWN,2026-08-28T08:30:26.820315+00:00,-290302,-43790,-171278,-92071,-142400,,381,570,530,401,False,OTC,緯致,UNKNOWN,ordinary_stock,TWSE_T86+TPEX_DAILY_TRADE_HIS,4953,187,393,1469,142,0,0,2000,2000,0,-32315,2000,2000,,1695,431,192,1779
2026-08-28,GOOD,0,1,24370,13784,-18926,23262,19077,1634,1036,470,408,0,1,1106014,-731422,-3704,417177,340292,187296,,257,926,1191,1530,0,1655,1749,1284,1676,0,1,-19616,UNKNOWN,2026-08-28T08:30:26.820315+00:00,-821638,-371630,-515261,24570,-420627,,236,213,377,262,False,OTC,譜瑞-KY,UNKNOWN,ordinary_stock,TWSE_T86+TPEX_DAILY_TRADE_HIS,4966,1773,1933,1590,1904,0,1,-1150000,-104000,-349000,-955700,-347000,-627000,,118,29,71,34
2026-08-28,GOOD,4,0,148835,152007,51932,171111,150421,1724,403,1490,1700,1,0,558993,-1546621,23032,-2255798,-119968,-493814,,167,1559,171,238,0,1720,275,1481,1654,1,0,707828,UNKNOWN,2026-08-28T08:30:26.820315+00:00,-1394614,74964,-2084687,13814,-343393,,171,1687,180,284,False,OTC,IET-KY,UNKNOWN,ordinary_stock,TWSE_T86+TPEX_DAILY_TRADE_HIS,4971,486,394,442,474,0,0,0,0,0,0,0,0,,556,432,533,512
2026-08-28,GOOD,0,0,300,-74,0,,113,1128,681,,1105,1,0,7000,-9000,1000,,0,-1000,,759,1243,,816,0,1143,674,,1085,1,0,7300,UNKNOWN,2026-08-28T08:30:26.820315+00:00,-9074,1000,,-75,-887,,748,1251,,853,False,OTC,湯石照明,UNKNOWN,ordinary_stock,TWSE_T86+TPEX_DAILY_TRADE_HIS,4972,487,395,,475,0,0,0,0,0,,0,0,,557,433,,513
2026-08-28,GOOD,0,5,-72185,-39963,-6789,11088,-56074,1505,1553,1465,1753,0,1,-1089564,-282236,-97835,-1875615,-24299,-685900,,386,409,196,185,0,1526,1551,1467,1762,0,1,-1161749,UNKNOWN,2026-08-28T08:30:26.820315+00:00,-322199,-104624,-1864527,-33298,-741974,,365,411,194,176,False,OTC,廣穎,UNKNOWN,ordinary_stock,TWSE_T86+TPEX_DAILY_TRADE_HIS,4973,488,396,443,476,0,0,0,0,0,0,0,0,,558,434,534,514
2026-08-28,GOOD,3,0,0,1144,207,2423,572,369,502,408,417,16,0,-38268,394488,9000,626486,136110,178110,,1522,1454,1253,1521,0,372,504,409,425,16,0,-38268,UNKNOWN,2026-08-28T08:30:26.820315+00:00,395632,9207,628909,137038,178682,,1519,1458,1252,1513,False,OTC,亞泰,UNKNOWN,ordinary_stock,TWSE_T86+TPEX_DAILY_TRADE_HIS,4974,489,397,444,477,0,0,0,0,0,0,0,0,,559,435,535,515
2026-08-28,GOOD,2,0,-253553,71649,120310,438337,-90952,1791,180,1439,1874,1,0,-2230982,-3372762,238070,-1521759,-2710703,-2801872,,100,1782,222,64,0,99,148,62,88,2,0,1547615,UNKNOWN,2026-08-28T08:30:26.820315+00:00,4620737,358380,15423928,1126779,3084176,,1792,1814,1599,1850,False,OTC,華星光,UNKNOWN,ordinary_stock,TWSE_T86+TPEX_DAILY_TRADE_HIS,4979,15,398,13,6,0,0,4032150,7921850,0,16507350,3995000,5977000,,1876,436,1648,1932
2026-08-28,GOOD,0,1,127866,44942,-64404,200876,86404,1721,90,1426,180,3,0,3271493,-1474159,831184,-1378555,2232485,898667,,170,1872,235,1758,0,1693,92,1478,190,3,0,3053359,UNKNOWN,2026-08-28T08:30:26.820315+00:00,-1089217,766780,-2018372,2321496,982071,,198,1870,183,1748,False,OTC,環宇-KY,UNKNOWN,ordinary_stock,TWSE_T86+TPEX_DAILY_TRADE_HIS,4991,106,399,1585,1752,0,0,-346000,340000,0,-840693,-2000,-3000,,1785,437,76,176
2026-08-28,GOOD,3,0,11000,3000,4000,,7000,950,1150,,996,0,2,-3000,9000,-9000,,2000,3000,,942,808,,926,0,923,1060,,879,0,1,8000,UNKNOWN,2026-08-28T08:30:26.820315+00:00,12000,-5000,,9000,10000,,967,890,,1050,False,OTC,晶達,UNKNOWN,ordinary_stock,TWSE_T86+TPEX_DAILY_TRADE_HIS,4995,490,400,,478,0,0,0,0,0,,0,0,,560,438,,516
2026-08-28,GOOD,0,3,-728170,9632,-87207,-265507,-359269,127,1832,136,1853,0,1,-6978502,3008784,-731000,5174765,-865900,-1984859,,1764,130,1525,85,0,131,1837,148,1864,0,1,-7706672,UNKNOWN,2026-08-28T08:30:26.820315+00:00,3018416,-818207,4909258,-1123036,-2344128,,1760,125,1513,74,False,OTC,榮剛,UNKNOWN,ordinary_stock,TWSE_T86+TPEX_DAILY_TRADE_HIS,5009,491,401,445,479,0,0,0,0,0,0,0,0,,561,439,536,517
2026-08-28,GOOD,0,0,568,-330,0,-28151,119,1529,1664,1373,1584,0,2,-61251,-340769,-184000,-895712,-188010,-201010,,362,297,288,354,0,1532,1651,1375,1577,0,2,-60683,UNKNOWN,2026-08-28T08:30:26.820315+00:00,-341099,-184000,-923863,-188007,-200891,,359,310,286,361,False,OTC,久陽,UNKNOWN,ordinary_stock,TWSE_T86+TPEX_DAILY_TRADE_HIS,5011,492,402,446,480,0,0,0,0,0,0,0,0,,562,440,537,518
2026-08-28,GOOD,0,0,0,0,0,,0,624,481,,810,2,0,-60000,94000,11000,,19000,17000,,1266,1480,,1121,0,637,484,,812,2,0,-60000,UNKNOWN,2026-08-28T08:30:26.820315+00:00,94000,11000,,19000,17000,,1254,1474,,1125,False,OTC,強新,UNKNOWN,ordinary_stock,TWSE_T86+TPEX_DAILY_TRADE_HIS,5013,493,403,,481,0,0,0,0,0,,0,0,,563,441,,519
2026-08-28,GOOD,0,0,-741,299,0,-49752,-221,1369,1331,1300,1498,0,1,-113272,-98586,-28929,-532416,-29929,-105929,,522,631,361,440,0,1372,1312,1309,1492,0,1,-114013,UNKNOWN,2026-08-28T08:30:26.820315+00:00,-98287,-28929,-582168,-30048,-106150,,519,650,352,446,False,OTC,建錩,UNKNOWN,ordinary_stock,TWSE_T86+TPEX_DAILY_TRADE_HIS,5014,494,404,447,482,0,0,0,0,0,0,0,0,,564,442,538,520
2026-08-28,GOOD,0,0,0,0,0,,0,986,860,,975,0,1,4000,4000,-1000,,4000,4000,,896,1043,,950,0,1000,855,,972,0,1,4000,UNKNOWN,2026-08-28T08:30:26.820315+00:00,4000,-1000,,4000,4000,,889,1061,,957,False,OTC,松和,UNKNOWN,ordinary_stock,TWSE_T86+TPEX_DAILY_TRADE_HIS,5016,495,405,,483,0,0,0,0,0,,0,0,,565,443,,521
2026-08-28,GOOD,0,0,1,1,0,,1,1014,537,,796,3,0,34000,2000,6000,,23000,18000,,872,1415,,1135,0,1022,541,,795,3,0,34001,UNKNOWN,2026-08-28T08:30:26.820315+00:00,2001,6000,,23001,18001,,869,1417,,1142,False,OTC,凱衛,UNKNOWN,ordinary_stock,TWSE_T86+TPEX_DAILY_TRADE_HIS,5201,496,406,,484,0,0,0,0,0,,0,0,,566,444,,522
2026-08-28,GOOD,0,0,-252,510,0,714,129,615,562,646,651,3,0,1400,96600,5000,142600,53000,49000,,1276,1394,1015,1284,0,624,561,637,655,3,0,1148,UNKNOWN,2026-08-28T08:30:26.820315+00:00,97110,5000,143314,53214,49129,,1267,1400,1024,1283,False,OTC,力新,UNKNOWN,ordinary_stock,TWSE_T86+TPEX_DAILY_TRADE_HIS,5202,497,407,448,485,0,0,0,0,0,0,0,0,,567,445,539,523
2026-08-28,GOOD,0,0,-97,151,0,696,27,842,1402,630,558,0,2,139184,23184,-42886,158184,8184,81184,,1049,560,1031,1380,0,845,1388,622,560,0,2,139087,UNKNOWN,2026-08-28T08:30:26.820315+00:00,23335,-42886,158880,8184,81211,,1046,574,1039,1378,False,OTC,坤悅,UNKNOWN,ordinary_stock,TWSE_T86+TPEX_DAILY_TRADE_HIS,5206,498,408,449,486,0,0,0,0,0,0,0,0,,568,446,540,524
2026-08-28,GOOD,0,10,-16780,-124796,-21102,-141392,-70788,796,453,789,1401,1,0,-129415,31383,14984,43696,13984,-49016,,1095,1509,872,537,0,1365,1097,1064,1514,0,6,-146195,UNKNOWN,2026-08-28T08:30:26.820315+00:00,-93413,-6118,-98335,-40738,-119804,,526,865,597,424,False,OTC,新鼎,UNKNOWN,ordinary_stock,TWSE_T86+TPEX_DAILY_TRADE_HIS,5209,499,409,1337,487,0,0,0,0,0,-639,0,0,,569,447,324,525
2026-08-28,GOOD,0,0,0,0,0,-2000,0,502,431,759,420,1,0,166134,185964,18000,59995,127000,176049,,1389,1529,902,1518,0,504,434,749,427,1,0,166134,UNKNOWN,2026-08-28T08:30:26.820315+00:00,185964,18000,57995,127000,176049,,1387,1528,912,1511,False,OTC,寶碩,UNKNOWN,ordinary_stock,TWSE_T86+TPEX_DAILY_TRADE_HIS,5210,500,410,450,488,0,0,0,0,0,0,0,0,,570,448,541,526
2026-08-28,GOOD,0,1,868,-604,-22,1047,132,1117,1001,831,1274,0,1,-21000,-7000,-3000,26000,-3000,-14000,,772,940,828,663,0,1133,1014,813,1263,0,1,-20132,UNKNOWN,2026-08-28T08:30:26.820315+00:00,-7604,-3022,27047,-3031,-13868,,758,948,848,675,False,OTC,蒙恬,UNKNOWN,ordinary_stock,TWSE_T86+TPEX_DAILY_TRADE_HIS,5211,501,411,451,489,0,0,0,0,0,0,0,0,,571,449,542,527
2026-08-28,GOOD,2,0,-108,310,99,88,101,284,503,376,464,15,0,-405340,667402,9000,801768,110000,131031,,1607,1455,1285,1474,0,291,505,375,468,15,0,-405448,UNKNOWN,2026-08-28T08:30:26.820315+00:00,667712,9099,801856,110151,131132,,1600,1457,1286,1470,False,OTC,亞昕,UNKNOWN,ordinary_stock,TWSE_T86+TPEX_DAILY_TRADE_HIS,5213,502,412,452,490,0,0,0,0,0,0,0,0,,572,450,543,528
2026-08-28,GOOD,0,1,-757,747,-6,-2329,-5,1193,861,922,1193,0,1,9000,-19000,-1000,-4000,0,-5000,,695,1044,736,741,0,1197,917,908,1173,0,1,8243,UNKNOWN,2026-08-28T08:30:26.820315+00:00,-18253,-1006,-6329,-6,-5005,,694,1045,753,765,False,OTC,萬達光電,UNKNOWN,ordinary_stock,TWSE_T86+TPEX_DAILY_TRADE_HIS,5220,503,413,453,491,0,0,0,0,0,0,0,0,,573,451,544,529
2026-08-28,GOOD,1,0,1271,273,347,219,772,1582,1651,1357,1511,0,1,256939,-487865,-171155,-782713,-136433,-115463,,309,311,304,427,0,1580,1640,1356,1504,0,1,258210,UNKNOWN,2026-08-28T08:30:26.820315+00:00,-487592,-170808,-782494,-135929,-114691,,311,322,305,434,False,OTC,立凱-KY,UNKNOWN,ordinary_stock,TWSE_T86+TPEX_DAILY_TRADE_HIS,5227,504,414,454,492,0,0,0,0,0,0,0,0,,574,452,545,530
2026-08-28,GOOD,2,0,-3116,-722,34,26585,-1919,537,1474,1185,598,0,1,-24165,152413,-63598,-246566,65124,64124,,1354,488,476,1340,0,534,1459,1165,608,0,1,-27281,UNKNOWN,2026-08-28T08:30:26.820315+00:00,151691,-63564,-219981,66251,62205,,1357,503,496,1330,False,OTC,鈺鎧,UNKNOWN,ordinary_stock,TWSE_T86+TPEX_DAILY_TRADE_HIS,5228,505,415,455,493,0,0,0,0,0,0,0,0,,575,453,546,531
2026-08-28,GOOD,0,0,-398,-398,0,234,-398,713,682,806,620,3,0,63000,51000,1000,33839,50000,57000,,1178,1244,855,1317,0,716,675,798,629,3,0,62602,UNKNOWN,2026-08-28T08:30:26.820315+00:00,50602,1000,34073,49602,56602,,1175,1252,863,1309,False,OTC,雷笛克光學,UNKNOWN,ordinary_stock,TWSE_T86+TPEX_DAILY_TRADE_HIS,5230,506,416,456,494,0,0,0,0,0,0,0,0,,576,454,547,532
2026-08-28,GOOD,1,0,2604,-1164,726,,720,927,862,,943,0,2,1000,11000,-1000,,0,6000,,961,1045,,985,0,950,822,,924,0,2,3604,UNKNOWN,2026-08-28T08:30:26.820315+00:00,9836,-274,,701,6720,,941,1140,,1014,False,OTC,智晶,UNKNOWN,ordinary_stock,TWSE_T86+TPEX_DAILY_TRADE_HIS,5245,507,417,,495,0,0,0,0,0,,0,0,,577,455,,533
2026-08-28,GOOD,0,1,-1551,-239,-800,-628,-895,1126,1295,725,887,0,1,29100,-8900,-24000,80920,2100,10100,,765,666,936,1051,0,1144,1281,708,895,0,1,27549,UNKNOWN,2026-08-28T08:30:26.820315+00:00,-9139,-24800,80292,1990,9205,,747,681,953,1043,False,OTC,天鉞電,UNKNOWN,ordinary_stock,TWSE_T86+TPEX_DAILY_TRADE_HIS,5251,508,418,457,496,0,0,0,0,0,0,0,0,,578,456,548,534
2026-08-28,GOOD,2,0,-91383,45417,2069,67924,-22983,452,292,665,428,3,0,75474,257492,67136,127582,225483,166483,,1439,1670,996,1510,0,414,286,598,452,3,0,-15909,UNKNOWN,2026-08-28T08:30:26.820315+00:00,302909,69205,195506,232591,143500,,1477,1676,1063,1486,False,OTC,智崴,UNKNOWN,ordinary_stock,TWSE_T86+TPEX_DAILY_TRADE_HIS,5263,509,419,458,497,0,0,0,0,0,0,0,0,,579,457,549,535
2026-08-28,GOOD,0,0,901,639,0,-14,770,1219,585,1069,901,2,0,42000,-24000,4000,-89000,8000,9000,,671,1373,592,1030,0,1219,580,1053,891,2,0,42901,UNKNOWN,2026-08-28T08:30:26.820315+00:00,-23361,4000,-89014,7977,9770,,672,1375,608,1047,False,OTC,笙科,UNKNOWN,ordinary_stock,TWSE_T86+TPEX_DAILY_TRADE_HIS,5272,510,420,459,498,0,0,0,0,0,0,0,0,,580,458,550,536
2026-08-28,GOOD,5,0,1409,14607,3291,-3437,8008,449,274,528,396,2,0,145751,260829,75822,300514,81880,203290,,1442,1688,1133,1542,0,791,1330,483,681,0,2,46779,UNKNOWN,2026-08-28T08:30:26.820315+00:00,35503,-31087,381080,-64566,41141,,1100,632,1178,1257,False,OTC,信驊,UNKNOWN,ordinary_stock,TWSE_T86+TPEX_DAILY_TRADE_HIS,5274,1798,1916,172,1865,0,2,-100381,-239933,-110200,84003,-150157,-170157,,93,46,1489,73
2026-08-25,STALE,0,0,,,0,,0,,863,,1225,0,2,,,-1000,,-4000,-8000,,,1046,,706,3,,856,,1208,0,2,,UNKNOWN,2026-08-28T08:30:26.820315+00:00,,-1000,,-4000,-8000,,,1062,,727,True,OTC,達輝-KY,UNKNOWN,ordinary_stock,TWSE_T86+TPEX_DAILY_TRADE_HIS,5276,,421,,499,0,0,,,0,,0,0,,,459,,537
2026-08-28,GOOD,0,2,-1524,-7524,-351,-15089,-4524,472,563,430,389,6,0,203000,219000,5000,547000,156000,211000,,1419,1395,1231,1547,0,479,569,428,400,6,0,201476,UNKNOWN,2026-08-28T08:30:26.820315+00:00,211476,4649,531911,151792,206476,,1412,1393,1233,1538,False,OTC,尚凡*,UNKNOWN,ordinary_stock,TWSE_T86+TPEX_DAILY_TRADE_HIS,5278,511,422,460,500,0,0,0,0,0,0,0,0,,581,460,551,538
2026-08-28,GOOD,0,1,-1597,-2599,-2810,13749,-2098,1584,1577,1335,1680,0,11,-335801,-503985,-117000,-651665,-368000,-419893,,307,385,326,258,0,1586,1570,1328,1677,0,11,-337398,UNKNOWN,2026-08-28T08:30:26.820315+00:00,-506584,-119810,-639444,-370344,-421991,,305,392,333,261,False,OTC,數字,UNKNOWN,ordinary_stock,TWSE_T86+TPEX_DAILY_TRADE_HIS,5287,512,423,1364,501,0,0,0,0,0,-1528,0,0,,582,461,297,539
2026-08-28,GOOD,1,0,-30481,81695,82411,19576,25607,1544,1781,1544,1824,0,4,-2773796,-371246,-469434,-3950128,-1198086,-1572521,,347,181,117,114,0,1523,1771,1543,1825,0,4,-2820693,UNKNOWN,2026-08-28T08:30:26.820315+00:00,-318155,-433023,-3859667,-1165609,-1569424,,368,191,118,113,False,OTC,宜鼎,UNKNOWN,ordinary_stock,TWSE_T86+TPEX_DAILY_TRADE_HIS,5289,1737,1902,175,1817,0,3,-16416,-28604,-46000,70885,-56510,-22510,,154,59,1486,121
2026-08-28,GOOD,1,0,12100,3408,20812,-10284,7754,264,1620,342,172,0,1,1206092,790734,-141912,938934,764399,998413,,1627,342,1319,1766,0,267,1575,351,187,0,1,1218192,UNKNOWN,2026-08-28T08:30:26.820315+00:00,794142,-121100,928650,772724,1006167,,1624,387,1310,1751,False,OTC,邑昇,UNKNOWN,ordinary_stock,TWSE_T86+TPEX_DAILY_TRADE_HIS,5291,513,424,461,502,0,0,0,0,0,0,0,0,,583,462,552,540
2026-08-28,GOOD,2,0,5033,-2841,652,-10020,1096,1388,1392,1349,566,0,1,267933,-116339,-40731,-723888,140517,75797,,503,570,312,1372,0,1398,1372,1346,571,0,1,272966,UNKNOWN,2026-08-28T08:30:26.820315+00:00,-119180,-40079,-733908,141602,76893,,493,590,315,1367,False,OTC,杰力,UNKNOWN,ordinary_stock,TWSE_T86+TPEX_DAILY_TRADE_HIS,5299,514,425,462,503,0,0,0,0,0,0,0,0,,584,463,553,541
2026-08-28,GOOD,0,0,,,0,,0,,957,,1137,0,2,,,-2000,,-4000,-2000,,,987,,790,0,,943,,1119,0,2,,UNKNOWN,2026-08-28T08:30:26.820315+00:00,,-2000,,-4000,-2000,,,1003,,813,False,OTC,寶得利,UNKNOWN,ordinary_stock,TWSE_T86+TPEX_DAILY_TRADE_HIS,5301,,426,,504,0,0,,,0,,0,0,,,464,,542
2026-08-28,GOOD,0,1,1047,-859,-82,-4530,94,1571,1248,1412,1604,0,5,13200,-459200,-19000,-1168495,-32000,-223000,,320,710,249,334,0,1568,1235,1411,1597,0,5,14247,UNKNOWN,2026-08-28T08:30:26.820315+00:00,-460059,-19082,-1173025,-31682,-222906,,323,727,250,341,False,OTC,太欣,UNKNOWN,ordinary_stock,TWSE_T86+TPEX_DAILY_TRADE_HIS,5302,515,427,463,505,0,0,0,0,0,0,0,0,,585,465,554,543
2026-08-28,GOOD,3,0,326973,-83925,41043,85968,121524,1614,337,1401,1662,1,0,-76530,-626298,40083,-1104039,-373345,-351414,,277,1625,260,276,0,1639,266,1391,1604,1,0,250443,UNKNOWN,2026-08-28T08:30:26.820315+00:00,-710223,81126,-1024071,-237256,-229890,,252,1696,270,334,False,OTC,系統電,UNKNOWN,ordinary_stock,TWSE_T86+TPEX_DAILY_TRADE_HIS,5309,516,428,1407,506,0,0,0,0,0,-6000,0,0,,586,466,251,544
2026-08-28,GOOD,0,0,809,-431,0,-328,189,676,1151,945,1158,0,1,-70005,64005,-9000,-14995,-8000,-3000,,1215,809,716,772,0,688,1134,927,1132,0,1,-69196,UNKNOWN,2026-08-28T08:30:26.820315+00:00,63574,-9000,-15323,-7991,-2811,,1203,827,734,806,False,OTC,寶島科,UNKNOWN,ordinary_stock,TWSE_T86+TPEX_DAILY_TRADE_HIS,5312,517,429,464,507,0,0,0,0,0,0,0,0,,587,467,555,545
2026-08-28,GOOD,5,0,4151996,7804632,1443321,8414501,5978314,1646,52,227,131,2,0,3978155,-801965,1661095,2115450,1589095,1588095,,245,1910,1434,1807,0,69,34,82,49,5,0,8130151,UNKNOWN,2026-08-28T08:30:26.820315+00:00,7002667,3104416,10527951,5172415,7566409,,1822,1928,1579,1889,False,OTC,世紀*,UNKNOWN,ordinary_stock,TWSE_T86+TPEX_DAILY_TRADE_HIS,5314,518,430,1367,508,0,0,0,0,0,-2000,0,0,,588,468,286,546
2026-08-28,GOOD,0,0,-1,-1,0,87,-1,490,408,1233,431,4,0,121681,198319,22000,-360171,147000,160000,,1401,1552,428,1507,0,495,411,1236,439,4,0,121680,UNKNOWN,2026-08-28T08:30:26.820315+00:00,198318,22000,-360084,146999,159999,,1396,1550,425,1499,False,OTC,光聯,UNKNOWN,ordinary_stock,TWSE_T86+TPEX_DAILY_TRADE_HIS,5315,519,431,465,509,0,0,0,0,0,0,0,0,,589,469,556,547
2026-08-28,GOOD,2,0,39924,118076,15000,119162,79000,363,1219,389,514,0,1,-199379,409419,-15000,731108,79020,105020,,1528,741,1272,1424,0,325,762,362,417,0,0,-159455,UNKNOWN,2026-08-28T08:30:26.820315+00:00,527495,0,850270,133020,184020,,1566,1165,1299,1521,False,OTC,美而快,UNKNOWN,ordinary_stock,TWSE_T86+TPEX_DAILY_TRADE_HIS,5321,520,432,466,510,0,0,0,0,0,0,0,0,,590,470,557,548
2026-08-28,GOOD,1,0,-853,-853,16,-633,-853,826,1487,215,1533,0,3,-302016,25254,-67000,2317454,-157000,-138381,,1065,474,1446,405,0,837,1472,226,1535,0,3,-302869,UNKNOWN,2026-08-28T08:30:26.820315+00:00,24401,-66984,2316821,-157854,-139234,,1054,490,1435,403,False,OTC,士開,UNKNOWN,ordinary_stock,TWSE_T86+TPEX_DAILY_TRADE_HIS,5324,521,433,467,511,0,0,0,0,0,0,0,0,,591,471,558,549
2026-08-28,GOOD,3,0,86266,-56924,5250,-191316,14671,1470,218,1553,401,1,0,597745,-205605,148717,-4390805,-306316,196070,,421,1744,108,1537,0,1499,213,1551,392,1,0,684011,UNKNOWN,2026-08-28T08:30:26.820315+00:00,-262529,153967,-4582121,-279727,210741,,392,1749,110,1546,False,OTC,華容,UNKNOWN,ordinary_stock,TWSE_T86+TPEX_DAILY_TRADE_HIS,5328,522,434,468,512,0,0,0,0,0,0,0,0,,592,472,559,550
2026-08-28,GOOD,1,0,-23539,-37941,3723,56142,-30740,188,1504,1460,117,0,2,2554113,1536247,-73939,-1788174,1819150,2045180,,1703,458,201,1821,0,189,1479,1459,120,0,2,2530574,UNKNOWN,2026-08-28T08:30:26.820315+00:00,1498306,-70216,-1732032,1800910,2014440,,1702,483,202,1818,False,OTC,建榮,UNKNOWN,ordinary_stock,TWSE_T86+TPEX_DAILY_TRADE_HIS,5340,523,435,469,513,0,0,0,0,0,0,0,0,,593,473,560,551
2026-08-28,GOOD,0,1,144,-34,-100,,55,1178,1002,,1241,0,4,-2000,-16000,-3000,,-8000,-9000,,711,941,,694,0,1181,1017,,1219,0,4,-1856,UNKNOWN,2026-08-28T08:30:26.820315+00:00,-16034,-3100,,-8067,-8945,,710,945,,719,False,OTC,立衛,UNKNOWN,ordinary_stock,TWSE_T86+TPEX_DAILY_TRADE_HIS,5344,524,436,,514,0,0,0,0,0,,0,0,,594,474,,552
2026-08-28,GOOD,1,0,-1002,-628,18,265,-815,987,958,862,997,0,1,2000,4000,-2000,16000,3000,3000,,897,988,799,927,0,1006,932,844,1012,0,1,998,UNKNOWN,2026-08-28T08:30:26.820315+00:00,3372,-1982,16265,3166,2185,,885,1030,817,926,False,OTC,馥鴻,UNKNOWN,ordinary_stock,TWSE_T86+TPEX_DAILY_TRADE_HIS,5345,525,437,470,515,0,0,0,0,0,0,0,0,,595,475,561,553
2026-08-28,GOOD,1,0,549512,-47424,192061,-2656298,251044,1852,101,1513,153,3,0,12498082,-9961042,661671,-2885938,4261769,1268520,,39,1861,148,1785,0,1854,130,1633,110,1,0,14729803,UNKNOWN,2026-08-28T08:30:26.820315+00:00,-10302297,475732,-21685621,1862641,2213753,,37,1832,28,1828,False,OTC,世界,UNKNOWN,ordinary_stock,TWSE_T86+TPEX_DAILY_TRADE_HIS,5347,1805,1935,1656,42,0,3,1682209,-293831,-378000,-16143385,-2635113,694189,,86,27,5,1896
2026-08-28,GOOD,0,1,-214033,214743,-330,247199,355,1858,1877,25,1925,0,5,-9899192,-11525424,-1189772,48326649,-4750735,-10712308,,33,85,1636,13,0,1859,1874,26,1926,0,5,-10113225,UNKNOWN,2026-08-28T08:30:26.820315+00:00,-11350681,-1190102,49285848,-4769081,-10731953,,32,88,1635,12,False,OTC,鈺創,UNKNOWN,ordinary_stock,TWSE_T86+TPEX_DAILY_TRADE_HIS,5351,1753,438,106,1812,0,0,0,-40000,0,712000,-20000,-20000,,138,476,1555,124
2026-08-28,GOOD,0,0,213,-213,0,617,0,1251,603,1006,1138,3,0,29000,-33000,3000,-50000,13000,-2000,,640,1344,655,791,0,1257,599,989,1120,3,0,29213,UNKNOWN,2026-08-28T08:30:26.820315+00:00,-33213,3000,-49383,13000,-2000,,634,1349,672,814,False,OTC,台林,UNKNOWN,ordinary_stock,TWSE_T86+TPEX_DAILY_TRADE_HIS,5353,526,439,471,516,0,0,0,0,0,0,0,0,,596,477,562,554
2026-08-27,STALE,0,0,0,0,0,,0,749,564,,771,4,0,-1000,43000,5000,,20000,21000,,1142,1396,,1165,1,757,562,,771,4,0,-1000,UNKNOWN,2026-08-28T08:30:26.820315+00:00,43000,5000,,20000,21000,,1134,1401,,1166,True,OTC,佳總,UNKNOWN,ordinary_stock,TWSE_T86+TPEX_DAILY_TRADE_HIS,5355,527,440,,517,0,0,0,0,0,,0,0,,597,478,,555
2026-08-28,GOOD,0,0,-28,30,0,747,1,1410,1321,1160,1466,0,2,-25122,-136878,-27000,-211879,-40000,-81000,,481,638,501,472,0,1415,1303,1160,1454,0,2,-25150,UNKNOWN,2026-08-28T08:30:26.820315+00:00,-136848,-27000,-211132,-39999,-80999,,476,657,501,484,False,OTC,協益,UNKNOWN,ordinary_stock,TWSE_T86+TPEX_DAILY_TRADE_HIS,5356,528,441,472,518,0,0,0,0,0,0,0,0,,598,479,563,556
2026-08-28,GOOD,0,1,-1002,-500,-751,-333,-751,1201,762,1029,1226,0,0,4000,-20000,0,-59000,0,-8000,,689,1147,631,707,0,1211,834,1011,1218,0,1,2998,UNKNOWN,2026-08-28T08:30:26.820315+00:00,-20500,-751,-59333,-751,-8751,,680,1128,650,720,False,OTC,力麗店,UNKNOWN,ordinary_stock,TWSE_T86+TPEX_DAILY_TRADE_HIS,5364,529,442,473,519,0,0,0,0,0,0,0,0,,599,480,564,557
2026-08-21,STALE,0,2,-1887341,1250111,-16840,,-318615,171,1238,,1789,0,5,-3989197,1845519,-17000,,-298500,-1071839,,1720,723,,149,7,212,1346,,1814,0,2,-4035538,UNKNOWN,2026-08-28T08:30:26.820315+00:00,1252630,-33840,,-79495,-1391454,,1679,616,,124,True,OTC,中光電,UNKNOWN,ordinary_stock,TWSE_T86+TPEX_DAILY_TRADE_HIS,5371,1850,443,,1721,0,0,1841000,-1843000,0,,0,-1000,,41,481,,208
2026-08-28,GOOD,0,2,80,-468,-426,-470,-194,278,1377,313,267,0,1,117559,703119,-39000,1208918,326506,410339,,1613,580,1348,1671,0,282,1366,321,281,0,1,117639,UNKNOWN,2026-08-28T08:30:26.820315+00:00,702651,-39426,1208448,326312,410145,,1609,596,1340,1657,False,OTC,光譜,UNKNOWN,ordinary_stock,TWSE_T86+TPEX_DAILY_TRADE_HIS,5381,530,444,474,520,0,0,0,0,0,0,0,0,,600,482,565,558
2026-08-28,GOOD,1,0,176699,-174211,8001,-188732,1244,1517,127,1366,406,1,0,685340,-302826,491399,-856668,335375,191257,,374,1835,295,1532,0,1574,124,1393,412,1,0,861739,UNKNOWN,2026-08-28T08:30:26.820315+00:00,-477337,499400,-1044395,340399,192201,,317,1838,268,1526,False,OTC,青雲,UNKNOWN,ordinary_stock,TWSE_T86+TPEX_DAILY_TRADE_HIS,5386,1616,445,228,1715,0,0,-300,-300,0,1005,-300,-300,,276,483,1433,223
2026-08-28,GOOD,1,0,287703,398227,365292,440698,342965,123,165,140,103,4,0,1721128,3072492,291975,5054991,2392304,2396810,,1768,1797,1521,1835,0,118,105,138,96,4,0,2008831,UNKNOWN,2026-08-28T08:30:26.820315+00:00,3470719,657267,5495689,2749643,2739775,,1773,1857,1523,1842,False,OTC,能率,UNKNOWN,ordinary_stock,TWSE_T86+TPEX_DAILY_TRADE_HIS,5392,531,446,475,521,0,0,0,0,0,0,0,0,,601,484,566,559
2026-08-28,GOOD,0,1,1230,312,-24,548,771,1096,1071,879,1252,0,2,-15999,-4001,-5000,9999,-9000,-10000,,796,878,782,686,0,1092,1075,865,1229,0,2,-14769,UNKNOWN,2026-08-28T08:30:26.820315+00:00,-3689,-5024,10547,-8691,-9229,,799,887,796,709,False,OTC,慕康生醫,UNKNOWN,ordinary_stock,TWSE_T86+TPEX_DAILY_TRADE_HIS,5398,532,447,476,522,0,0,0,0,0,0,0,0,,602,485,567,560
2026-08-28,GOOD,0,0,0,0,0,0,0,564,441,614,584,10,0,6737,129417,16000,172818,40000,68077,,1327,1522,1047,1354,0,576,446,615,593,10,0,6737,UNKNOWN,2026-08-28T08:30:26.820315+00:00,129417,16000,172818,40000,68077,,1315,1516,1046,1345,False,OTC,中菲,UNKNOWN,ordinary_stock,TWSE_T86+TPEX_DAILY_TRADE_HIS,5403,533,448,477,523,0,0,0,0,0,0,0,0,,603,486,568,561
2026-08-28,GOOD,1,0,1854,-758,61,-141682,548,1433,1500,1367,1634,0,4,-397943,-165943,-73000,-858390,-229209,-281943,,458,461,294,304,0,1440,1483,1385,1627,0,4,-396089,UNKNOWN,2026-08-28T08:30:26.820315+00:00,-166701,-72939,-1000072,-228997,-281395,,451,479,276,311,False,OTC,國眾,UNKNOWN,ordinary_stock,TWSE_T86+TPEX_DAILY_TRADE_HIS,5410,534,449,478,524,0,0,0,0,0,0,0,0,,604,487,569,562
2026-08-28,GOOD,0,2,-371823,-800389,-367972,-1050399,-586106,1865,1943,1626,1693,0,2,12998705,-13936981,-4904265,-17546103,-1017358,-469138,,26,19,35,245,0,1839,1940,1609,61,0,1,17400882,UNKNOWN,2026-08-28T08:30:26.820315+00:00,-6875370,-4612237,-10434502,5063686,5262756,,52,22,52,1877,False,OTC,台半,UNKNOWN,ordinary_stock,TWSE_T86+TPEX_DAILY_TRADE_HIS,5425,16,18,26,5,4,0,4774000,7862000,660000,8162000,6299000,6318000,,1875,1944,1635,1933
2026-08-28,GOOD,2,0,7272,10212,666,-12857,8742,281,241,1310,259,3,0,196506,678902,115000,-557882,465643,437704,,1610,1721,351,1679,0,284,244,1304,267,3,0,203778,UNKNOWN,2026-08-28T08:30:26.820315+00:00,689114,115666,-570739,467079,446446,,1607,1718,357,1671,False,OTC,振發,UNKNOWN,ordinary_stock,TWSE_T86+TPEX_DAILY_TRADE_HIS,5426,535,450,479,525,0,0,0,0,0,0,0,0,,605,488,570,563
2026-08-28,GOOD,2,0,2071,3809,783,5989,2940,960,1378,976,1350,0,1,-69136,7136,-39000,-33692,45000,-31000,,931,581,685,586,0,937,1362,950,1323,0,1,-67065,UNKNOWN,2026-08-28T08:30:26.820315+00:00,10945,-38217,-27703,45831,-28060,,954,600,711,615,False,OTC,新門,UNKNOWN,ordinary_stock,TWSE_T86+TPEX_DAILY_TRADE_HIS,5432,536,451,480,526,0,0,0,0,0,0,0,0,,606,489,571,564
2026-08-28,GOOD,0,2,-282,-588,-91,-673,-435,814,959,796,890,0,1,-7000,27000,-2000,38000,16000,10000,,1076,989,864,1041,0,824,972,792,894,0,1,-7282,UNKNOWN,2026-08-28T08:30:26.820315+00:00,26412,-2091,37327,15085,9565,,1067,990,869,1044,False,OTC,東友,UNKNOWN,ordinary_stock,TWSE_T86+TPEX_DAILY_TRADE_HIS,5438,537,452,481,527,0,0,0,0,0,0,0,0,,607,490,572,565
2026-08-28,GOOD,3,0,172684,275594,68445,426925,224139,1712,1829,1554,1593,0,2,937329,-1359917,-679251,-4441712,-365348,-211294,,179,133,107,345,0,1721,1835,1552,1637,0,2,788313,UNKNOWN,2026-08-28T08:30:26.820315+00:00,-1406623,-800806,-4601667,-307446,-309155,,170,127,109,301,False,OTC,高技,UNKNOWN,ordinary_stock,TWSE_T86+TPEX_DAILY_TRADE_HIS,5439,1810,1926,1568,1882,0,1,-321700,-322300,-190000,-586880,-190000,-322000,,81,36,93,56
2026-08-28,GOOD,4,0,497602,408756,434549,591188,453179,225,111,182,179,4,0,725395,1142795,576497,3138019,1110825,934095,,1666,1851,1479,1759,0,188,79,177,155,4,0,1222997,UNKNOWN,2026-08-28T08:30:26.820315+00:00,1551551,1011046,3729207,1589901,1387274,,1703,1883,1484,1783,False,OTC,均豪,UNKNOWN,ordinary_stock,TWSE_T86+TPEX_DAILY_TRADE_HIS,5443,538,453,482,528,0,0,0,0,0,0,0,0,,608,491,573,566
2026-08-28,GOOD,2,0,-3057,4483,780,11814,713,1290,1296,927,1425,0,6,-69000,-49000,-24000,-4950,-33000,-59000,,601,667,734,513,0,1286,1270,873,1415,0,6,-72057,UNKNOWN,2026-08-28T08:30:26.820315+00:00,-44517,-23220,6864,-32189,-58287,,605,692,788,523,False,OTC,南良,UNKNOWN,ordinary_stock,TWSE_T86+TPEX_DAILY_TRADE_HIS,5450,539,454,483,529,0,0,0,0,0,0,0,0,,609,492,574,567
2026-08-28,GOOD,0,0,6961,4967,0,-10935,5964,255,189,294,240,3,0,120620,860010,216850,1402705,552305,490315,,1636,1773,1367,1698,0,260,186,294,249,3,0,127581,UNKNOWN,2026-08-28T08:30:26.820315+00:00,864977,216850,1391770,561271,496279,,1631,1776,1367,1689,False,OTC,佶優,UNKNOWN,ordinary_stock,TWSE_T86+TPEX_DAILY_TRADE_HIS,5452,540,455,484,530,0,0,0,0,0,0,0,0,,610,493,575,568
2026-08-27,STALE,1,0,946,-448,249,,249,1066,683,,1072,2,0,2000,-2000,1000,,2000,0,,819,1245,,852,1,1078,657,,1061,2,0,2946,UNKNOWN,2026-08-28T08:30:26.820315+00:00,-2448,1249,,2249,249,,813,1305,,877,True,OTC,昇益,UNKNOWN,ordinary_stock,TWSE_T86+TPEX_DAILY_TRADE_HIS,5455,541,456,,531,0,0,0,0,0,,0,0,,611,494,,569
2026-08-28,GOOD,0,3,-43153,-89727,-5207,-86654,-66440,839,1424,1177,882,0,1,-2801,23599,-49000,-229973,97399,10399,,1052,538,484,1056,0,1331,1427,1215,1406,0,1,-45954,UNKNOWN,2026-08-28T08:30:26.820315+00:00,-66128,-54207,-316627,38399,-56041,,560,535,446,532,False,OTC,宣德,UNKNOWN,ordinary_stock,TWSE_T86+TPEX_DAILY_TRADE_HIS,5457,542,457,485,532,0,0,0,0,0,0,0,0,,612,495,576,570
2026-08-28,GOOD,1,0,-30,320,348,162,145,798,864,886,821,0,1,1000,31000,-1000,8000,10000,16000,,1092,1047,773,1114,0,802,832,870,819,0,1,970,UNKNOWN,2026-08-28T08:30:26.820315+00:00,31320,-652,8162,10348,16145,,1089,1130,791,1119,False,OTC,同協,UNKNOWN,ordinary_stock,TWSE_T86+TPEX_DAILY_TRADE_HIS,5460,543,458,486,533,0,0,0,0,0,0,0,0,,613,496,577,571
2026-08-28,GOOD,2,0,13728,12532,14680,13189,13130,1610,310,1447,1619,1,0,104388,-599612,56468,-1658112,-353612,-247612,,281,1652,214,319,0,1609,283,1451,1608,1,0,118116,UNKNOWN,2026-08-28T08:30:26.820315+00:00,-587080,71148,-1644923,-340186,-234482,,282,1679,210,330,False,OTC,霖宏,UNKNOWN,ordinary_stock,TWSE_T86+TPEX_DAILY_TRADE_HIS,5464,544,459,487,534,0,0,0,0,0,0,0,0,,614,497,578,572
2026-08-28,GOOD,0,1,-64,-44,-54,-452,-54,879,482,730,732,5,0,39000,17000,11000,77000,26000,28000,,1008,1481,932,1201,0,890,490,716,740,5,0,38936,UNKNOWN,2026-08-28T08:30:26.820315+00:00,16956,10946,76548,25946,27946,,1001,1472,945,1198,False,OTC,富驊,UNKNOWN,ordinary_stock,TWSE_T86+TPEX_DAILY_TRADE_HIS,5465,545,460,488,535,0,0,0,0,0,0,0,0,,615,498,579,573
2026-08-28,GOOD,0,1,5172,-6420,-333,-472,-624,1024,1375,898,870,0,1,21213,1213,-38937,3213,-68937,11213,,867,587,763,1068,0,1110,1365,886,876,0,1,26385,UNKNOWN,2026-08-28T08:30:26.820315+00:00,-5207,-39270,2741,-69181,10589,,781,597,775,1062,False,OTC,凱鈺,UNKNOWN,ordinary_stock,TWSE_T86+TPEX_DAILY_TRADE_HIS,5468,546,461,489,536,0,0,0,0,0,0,0,0,,616,499,580,574
2026-08-28,GOOD,0,1,-6531,5353,-325,8740,-589,1361,1092,686,777,0,1,133959,-93737,-5980,109839,-875,20111,,530,870,975,1161,0,1356,1099,673,785,0,1,127428,UNKNOWN,2026-08-28T08:30:26.820315+00:00,-88384,-6305,118579,1185,19522,,535,863,988,1153,False,OTC,聰泰,UNKNOWN,ordinary_stock,TWSE_T86+TPEX_DAILY_TRADE_HIS,5474,547,462,490,537,0,0,0,0,0,0,0,0,,617,500,581,575
2026-08-28,GOOD,1,0,37907,130337,81619,359765,84122,1742,1921,1617,1835,0,1,-1746318,-1789204,-2523386,-14115977,-1905466,-1767761,,149,41,44,103,0,1741,1919,1619,1834,0,1,-1708411,UNKNOWN,2026-08-28T08:30:26.820315+00:00,-1658867,-2441767,-13756212,-1833344,-1683639,,150,43,42,104,False,OTC,德宏,UNKNOWN,ordinary_stock,TWSE_T86+TPEX_DAILY_TRADE_HIS,5475,548,463,491,538,0,0,0,0,0,0,0,0,,618,501,582,576
2026-08-28,GOOD,0,1,-4139,-1251,-420,3052,-2695,1497,1470,1282,1555,0,7,-53002,-266422,-62150,-479317,-117604,-159712,,394,492,379,383,0,1501,1456,1275,1551,0,7,-57141,UNKNOWN,2026-08-28T08:30:26.820315+00:00,-267673,-62570,-476265,-118286,-162407,,390,506,386,387,False,OTC,智冠,UNKNOWN,ordinary_stock,TWSE_T86+TPEX_DAILY_TRADE_HIS,5478,549,464,492,539,0,0,0,0,0,0,0,0,,619,502,583,577
2026-08-28,GOOD,0,0,1139,411,0,449,775,423,1346,546,433,0,1,28321,290319,-31680,266319,-28680,159320,,1468,616,1115,1505,0,427,1333,545,438,0,1,29460,UNKNOWN,2026-08-28T08:30:26.820315+00:00,290730,-31680,266768,-28680,160095,,1464,629,1116,1500,False,OTC,新華,UNKNOWN,ordinary_stock,TWSE_T86+TPEX_DAILY_TRADE_HIS,5481,550,465,493,540,0,0,0,0,0,0,0,0,,620,503,584,578
2026-08-28,GOOD,0,1,1190261,-1004129,-9052,-700776,93066,1872,1895,1638,1842,0,1,14964388,-18662578,-1481409,-26046569,-2780052,-1849095,,19,67,23,96,0,1871,1890,1638,1865,0,1,12329289,UNKNOWN,2026-08-28T08:30:26.820315+00:00,-17077885,-1480461,-30393596,-3636755,-2374298,,20,72,23,73,False,OTC,中美晶,UNKNOWN,ordinary_stock,TWSE_T86+TPEX_DAILY_TRADE_HIS,5483,45,62,1636,1903,1,0,-3825360,2588822,10000,-3646251,-895269,-618269,,1846,1898,25,35
2026-08-28,GOOD,0,0,46,1934,0,1934,990,803,1072,754,944,0,2,-18000,30000,-5000,63000,14000,6000,,1088,879,906,986,0,799,1061,737,922,0,2,-17954,UNKNOWN,2026-08-28T08:30:26.820315+00:00,31934,-5000,64934,14990,6990,,1092,891,924,1016,False,OTC,通泰,UNKNOWN,ordinary_stock,TWSE_T86+TPEX_DAILY_TRADE_HIS,5487,551,466,494,541,0,0,0,0,0,0,0,0,,621,504,585,579
2026-08-28,GOOD,0,2,871,-799,-121,-105,36,1589,1578,1435,1558,0,1,203729,-530319,-117441,-1458570,-110123,-163295,,302,384,226,380,0,1596,1564,1440,1553,0,2,204600,UNKNOWN,2026-08-28T08:30:26.820315+00:00,-531118,-117562,-1458675,-113871,-163259,,295,398,221,385,False,OTC,松普,UNKNOWN,ordinary_stock,TWSE_T86+TPEX_DAILY_TRADE_HIS,5488,552,467,495,542,0,0,0,0,0,0,0,0,,622,505,586,580
2026-08-28,GOOD,1,0,681,-2543,100,-1653,-931,1298,1073,767,1159,0,1,47000,-53000,-5000,55000,16000,-3000,,592,880,895,773,0,1309,1054,759,1152,0,1,47681,UNKNOWN,2026-08-28T08:30:26.820315+00:00,-55543,-4900,53347,15257,-3931,,582,908,902,786,False,OTC,彩富,UNKNOWN,ordinary_stock,TWSE_T86+TPEX_DAILY_TRADE_HIS,5489,553,468,496,543,0,0,0,0,0,0,0,0,,623,506,587,581
2026-08-28,GOOD,1,0,9680,-11458,28,-3727,-889,1713,1642,1487,1736,0,10,149388,-1398714,-167131,-2168579,-454131,-624663,,178,320,174,202,0,1722,1636,1486,1736,0,10,159068,UNKNOWN,2026-08-28T08:30:26.820315+00:00,-1410172,-167103,-2172306,-455161,-625552,,169,326,175,202,False,OTC,同亨,UNKNOWN,ordinary_stock,TWSE_T86+TPEX_DAILY_TRADE_HIS,5490,554,469,497,544,0,0,0,0,0,0,0,0,,624,507,588,582
2026-08-28,GOOD,0,1,963,1159,-635,-1595,1061,596,358,560,487,4,0,131000,105000,34000,240650,127000,118000,,1296,1602,1101,1451,0,608,363,566,488,4,0,131963,UNKNOWN,2026-08-28T08:30:26.820315+00:00,106159,33365,239055,127189,119061,,1283,1599,1095,1450,False,OTC,三聯,UNKNOWN,ordinary_stock,TWSE_T86+TPEX_DAILY_TRADE_HIS,5493,555,470,498,545,0,0,0,0,0,0,0,0,,625,508,589,583
2026-08-28,GOOD,1,0,86526,67750,43100,94276,77138,238,67,471,116,1,0,3150936,1007398,1350746,416112,1682746,2079167,,1653,1895,1190,1822,0,235,66,437,113,1,0,3237462,UNKNOWN,2026-08-28T08:30:26.820315+00:00,1075148,1393846,510388,1750198,2156305,,1656,1896,1224,1825,False,OTC,凱崴,UNKNOWN,ordinary_stock,TWSE_T86+TPEX_DAILY_TRADE_HIS,5498,556,471,499,546,0,0,0,0,0,0,0,0,,626,509,590,584
2026-08-28,GOOD,0,5,-2165,-1483,-777,2403,-1824,451,1529,367,1306,0,1,-294579,259421,-84000,830938,20141,-17579,,1440,433,1294,632,0,448,1513,367,1296,0,1,-296744,UNKNOWN,2026-08-28T08:30:26.820315+00:00,257938,-84777,833341,18363,-19403,,1443,449,1294,642,False,OTC,永信建,UNKNOWN,ordinary_stock,TWSE_T86+TPEX_DAILY_TRADE_HIS,5508,557,472,500,547,0,0,0,0,0,0,0,0,,627,510,591,585
2026-08-28,GOOD,0,2,3357,2255,-18,-10745,2806,528,1415,1209,1515,0,1,-399162,161514,-46000,-300606,-15000,-118824,,1363,547,452,423,0,520,1400,1208,1509,0,1,-395805,UNKNOWN,2026-08-28T08:30:26.820315+00:00,163769,-46018,-311351,-19194,-116018,,1371,562,453,429,False,OTC,德昌,UNKNOWN,ordinary_stock,TWSE_T86+TPEX_DAILY_TRADE_HIS,5511,558,473,501,548,0,0,0,0,0,0,0,0,,628,511,592,586
2026-08-28,GOOD,0,1,-3531,771,-31,-1322,-1380,226,1601,378,358,0,1,-645155,1126513,-131000,793437,344364,240679,,1665,361,1283,1580,0,227,1588,378,368,0,1,-648686,UNKNOWN,2026-08-28T08:30:26.820315+00:00,1127284,-131031,792115,346023,239299,,1664,374,1283,1570,False,OTC,力麒,UNKNOWN,ordinary_stock,TWSE_T86+TPEX_DAILY_TRADE_HIS,5512,559,474,502,549,0,0,0,0,0,0,0,0,,629,512,593,587
2026-08-28,GOOD,0,0,0,0,0,,0,1264,960,,1283,0,11,7000,-37000,-2000,,-7000,-15000,,626,990,,650,0,1269,944,,1275,0,11,7000,UNKNOWN,2026-08-28T08:30:26.820315+00:00,-37000,-2000,,-7000,-15000,,622,1004,,663,False,OTC,三豐,UNKNOWN,ordinary_stock,TWSE_T86+TPEX_DAILY_TRADE_HIS,5514,560,475,,550,0,0,0,0,0,,0,0,,630,513,,588
2026-08-28,GOOD,0,1,143,-641,-900,,-249,1067,1003,,902,0,4,20000,-2000,-3000,,-9000,9000,,820,942,,1031,0,1080,1023,,903,0,4,20143,UNKNOWN,2026-08-28T08:30:26.820315+00:00,-2641,-3900,,-9111,8751,,811,939,,1035,False,OTC,雙喜,UNKNOWN,ordinary_stock,TWSE_T86+TPEX_DAILY_TRADE_HIS,5516,561,476,,551,0,0,0,0,0,,0,0,,631,514,,589
2026-08-25,STALE,0,0,0,0,0,,0,981,865,,871,0,1,17000,5000,-1000,,3000,11000,,907,1048,,1058,3,992,857,,872,0,1,17000,UNKNOWN,2026-08-28T08:30:26.820315+00:00,5000,-1000,,3000,11000,,894,1063,,1066,True,OTC,豐謙,UNKNOWN,ordinary_stock,TWSE_T86+TPEX_DAILY_TRADE_HIS,5523,562,477,,552,0,0,0,0,0,,0,0,,632,515,,590
2026-08-28,GOOD,1,0,-651,333,500,-83,-159,484,314,507,557,1,0,-45071,207621,53000,336611,90275,81275,,1407,1648,1154,1381,0,485,311,507,562,1,0,-45722,UNKNOWN,2026-08-28T08:30:26.820315+00:00,207954,53500,336528,90756,81116,,1406,1651,1154,1376,False,OTC,鉅陞,UNKNOWN,ordinary_stock,TWSE_T86+TPEX_DAILY_TRADE_HIS,5529,563,478,503,553,0,0,0,0,0,0,0,0,,633,516,594,591
2026-08-28,GOOD,0,1,-390,-646,-308,-826,-518,266,198,257,244,8,0,183759,783133,197047,1698800,336439,483446,,1625,1764,1404,1694,0,269,194,263,255,8,0,183369,UNKNOWN,2026-08-28T08:30:26.820315+00:00,782487,196739,1697974,335543,482928,,1622,1768,1398,1683,False,OTC,龍巖,UNKNOWN,ordinary_stock,TWSE_T86+TPEX_DAILY_TRADE_HIS,5530,564,479,504,554,0,0,0,0,0,0,0,0,,634,517,595,592
2026-08-28,GOOD,1,0,-252023,31691,10165,84734,-110166,185,366,329,1633,1,0,-2164263,1609325,32806,1064060,-111877,-277469,,1706,1596,1332,305,0,1749,329,1528,1679,1,0,967561,UNKNOWN,2026-08-28T08:30:26.820315+00:00,-1820731,42971,-3155646,-107018,-426585,,142,1633,133,259,False,OTC,聖暉*,UNKNOWN,ordinary_stock,TWSE_T86+TPEX_DAILY_TRADE_HIS,5536,1865,480,1638,1832,0,0,3383847,-3461747,0,-4304440,-7950,-38950,,26,518,23,106
2026-08-27,STALE,0,0,0,0,0,,0,1141,586,,1073,1,0,11000,-11000,4000,,0,0,,747,1374,,853,1,1146,581,,1067,1,0,11000,UNKNOWN,2026-08-28T08:30:26.820315+00:00,-11000,4000,,0,0,,744,1376,,865,True,OTC,久舜,UNKNOWN,ordinary_stock,TWSE_T86+TPEX_DAILY_TRADE_HIS,5547,565,481,,555,0,0,0,0,0,,0,0,,635,519,,593
2026-08-28,GOOD,0,0,92,-92,0,,0,1185,961,,1160,0,1,11000,-17000,-2000,,0,-3000,,706,991,,774,0,1187,945,,1138,0,1,11092,UNKNOWN,2026-08-28T08:30:26.820315+00:00,-17092,-2000,,0,-3000,,704,1005,,801,False,OTC,安倉,UNKNOWN,ordinary_stock,TWSE_T86+TPEX_DAILY_TRADE_HIS,5548,566,482,,556,0,0,0,0,0,,0,0,,636,520,,594
2026-08-28,GOOD,0,2,392,-636,-685,164,-122,789,1044,778,1036,0,2,-31985,34015,-4000,49015,-3000,1015,,1102,906,883,902,0,794,1052,768,1052,0,2,-31593,UNKNOWN,2026-08-28T08:30:26.820315+00:00,33379,-4685,49179,-3755,893,,1097,910,893,886,False,OTC,陸海,UNKNOWN,ordinary_stock,TWSE_T86+TPEX_DAILY_TRADE_HIS,5603,567,483,505,557,0,0,0,0,0,0,0,0,,637,521,596,595
2026-08-28,GOOD,1,0,25880,2204,490,-9437,14042,667,1413,965,1446,0,4,-207374,67706,-45667,-26593,-94763,-69834,,1224,549,696,492,0,678,1396,961,1403,0,4,-181494,UNKNOWN,2026-08-28T08:30:26.820315+00:00,69910,-45177,-36030,-93434,-55792,,1213,566,700,535,False,OTC,中菲行,UNKNOWN,ordinary_stock,TWSE_T86+TPEX_DAILY_TRADE_HIS,5609,568,484,506,558,0,0,0,0,0,0,0,0,,638,522,597,596
2026-08-28,GOOD,0,0,,,0,,0,,426,,891,2,0,,,19000,,26000,10000,,,1537,,1042,0,,428,,880,2,0,,UNKNOWN,2026-08-28T08:30:26.820315+00:00,,19000,,26000,10000,,,1534,,1051,False,OTC,劍湖山,UNKNOWN,ordinary_stock,TWSE_T86+TPEX_DAILY_TRADE_HIS,5701,,485,,559,0,0,,,0,,0,0,,,523,,597
2026-08-28,GOOD,0,0,-589,-251,0,,-420,854,684,,1021,3,0,-16000,20000,1000,,4000,2000,,1034,1246,,912,0,866,676,,1033,3,0,-16589,UNKNOWN,2026-08-28T08:30:26.820315+00:00,19749,1000,,3662,1580,,1025,1253,,905,False,OTC,老爺知,UNKNOWN,ordinary_stock,TWSE_T86+TPEX_DAILY_TRADE_HIS,5704,569,486,,560,0,0,0,0,0,,0,0,,639,524,,598
2026-08-28,GOOD,0,0,0,0,0,0,0,1685,173,1496,585,1,0,1185027,-1048901,264190,-2426902,990977,68063,,206,1789,165,1353,0,1690,173,1497,594,1,0,1185027,UNKNOWN,2026-08-28T08:30:26.820315+00:00,-1048901,264190,-2426902,990977,68063,,201,1789,164,1344,False,OTC,致和證,UNKNOWN,ordinary_stock,TWSE_T86+TPEX_DAILY_TRADE_HIS,5864,570,487,507,561,0,0,0,0,0,0,0,0,,640,525,598,599
2026-08-27,STALE,0,2,1,-59,-147,,-29,1100,763,,1106,0,0,3000,-5000,0,,-1000,-1000,,787,1148,,817,1,1109,816,,1107,0,2,3001,UNKNOWN,2026-08-28T08:30:26.820315+00:00,-5059,-147,,-1072,-1029,,782,1146,,831,True,OTC,德記,UNKNOWN,ordinary_stock,TWSE_T86+TPEX_DAILY_TRADE_HIS,5902,571,488,,562,0,0,0,0,0,,0,0,,641,526,,600
2026-08-28,GOOD,0,0,-1000,1000,0,11185,0,772,631,979,753,14,0,12000,38000,2000,-35740,18000,25000,,1116,1307,682,1183,0,776,626,953,752,14,0,11000,UNKNOWN,2026-08-28T08:30:26.820315+00:00,39000,2000,-29555,18000,25000,,1113,1318,708,1184,False,OTC,全家,UNKNOWN,ordinary_stock,TWSE_T86+TPEX_DAILY_TRADE_HIS,5903,572,489,1401,563,0,0,0,0,0,-5000,0,0,,642,527,258,601
2026-08-28,GOOD,1,0,772,-282,296,-442,245,1607,1707,1432,1682,0,5,-267000,-591000,-249000,-1436000,-294000,-429000,,284,256,229,256,0,1611,1691,1435,1681,0,5,-266228,UNKNOWN,2026-08-28T08:30:26.820315+00:00,-591282,-248704,-1436442,-293755,-428755,,280,271,226,257,False,OTC,南仁湖,UNKNOWN,ordinary_stock,TWSE_T86+TPEX_DAILY_TRADE_HIS,5905,573,490,508,564,0,0,0,0,0,0,0,0,,643,528,599,602
2026-08-28,GOOD,0,0,0,0,0,0,0,1602,1428,1467,238,0,1,1574295,-563049,-50600,-1905879,635252,505623,,289,534,194,1700,0,1605,1414,1472,247,0,1,1574295,UNKNOWN,2026-08-28T08:30:26.820315+00:00,-563049,-50600,-1905879,635252,505623,,286,548,189,1691,False,OTC,宏遠證,UNKNOWN,ordinary_stock,TWSE_T86+TPEX_DAILY_TRADE_HIS,6015,574,491,509,565,0,0,0,0,0,0,0,0,,644,529,600,603
2026-08-28,GOOD,0,0,0,0,0,0,0,1736,1881,1557,1745,0,1,384097,-1711653,-1275000,-4653747,-350153,-663778,,155,81,104,193,0,1742,1879,1554,1744,0,1,384097,UNKNOWN,2026-08-28T08:30:26.820315+00:00,-1711653,-1275000,-4653747,-350153,-663778,,149,83,107,194,False,OTC,康和證,UNKNOWN,ordinary_stock,TWSE_T86+TPEX_DAILY_TRADE_HIS,6016,575,492,510,566,0,0,0,0,0,0,0,0,,645,530,601,604
2026-08-28,GOOD,0,0,0,0,0,,0,936,587,,1139,1,0,-14000,10000,4000,,0,-2000,,949,1375,,792,0,942,582,,1121,1,0,-14000,UNKNOWN,2026-08-28T08:30:26.820315+00:00,10000,4000,,0,-2000,,945,1377,,815,False,OTC,大展證,UNKNOWN,ordinary_stock,TWSE_T86+TPEX_DAILY_TRADE_HIS,6020,576,493,,567,0,0,0,0,0,,0,0,,646,531,,605
2026-08-28,GOOD,0,0,0,0,0,0,0,455,604,896,390,6,0,176000,246000,3000,5000,152000,211000,,1436,1345,764,1548,0,452,600,878,391,6,0,176000,UNKNOWN,2026-08-28T08:30:26.820315+00:00,246000,3000,5000,152000,211000,,1439,1350,781,1547,False,OTC,美好證,UNKNOWN,ordinary_stock,TWSE_T86+TPEX_DAILY_TRADE_HIS,6021,577,494,511,568,0,0,0,0,0,0,0,0,,647,532,602,606
2026-08-28,GOOD,0,0,0,0,0,0,0,1722,1682,1476,1728,0,5,311651,-1490251,-207000,-1992981,-347300,-589300,,169,280,185,210,0,1730,1668,1494,1725,0,5,311651,UNKNOWN,2026-08-28T08:30:26.820315+00:00,-1490251,-207000,-2310281,-347300,-589300,,161,294,167,213,False,OTC,元大期,UNKNOWN,ordinary_stock,TWSE_T86+TPEX_DAILY_TRADE_HIS,6023,578,495,1545,569,0,0,0,0,0,-317300,0,0,,648,533,116,607
2026-08-28,GOOD,0,0,0,0,0,0,0,139,123,277,108,9,0,1790868,2663132,516000,1505558,1935000,2227000,,1752,1839,1384,1830,0,146,119,286,109,9,0,1778868,UNKNOWN,2026-08-28T08:30:26.820315+00:00,2651132,516000,1452046,1923000,2215000,,1745,1843,1375,1829,False,OTC,福邦證,UNKNOWN,ordinary_stock,TWSE_T86+TPEX_DAILY_TRADE_HIS,6026,1716,496,1482,1794,0,0,-12000,-12000,0,-53512,-12000,-12000,,173,534,179,141
2026-08-28,GOOD,0,0,-8,14,0,-8032,3,1451,1229,1213,1544,0,8,-119592,-178408,-16000,-309408,-44000,-149000,,440,731,448,394,0,1452,1206,1216,1544,0,8,-119600,UNKNOWN,2026-08-28T08:30:26.820315+00:00,-178394,-16000,-317440,-43998,-148997,,439,753,445,394,False,OTC,寬魚國際,UNKNOWN,ordinary_stock,TWSE_T86+TPEX_DAILY_TRADE_HIS,6101,579,497,512,570,0,0,0,0,0,0,0,0,,649,535,603,608
2026-08-28,GOOD,0,1,47486,39104,-24847,19283,43295,142,1652,162,118,0,1,1377266,2631760,-172436,3682118,1514186,2004513,,1749,310,1499,1820,0,143,1659,178,119,0,1,1354752,UNKNOWN,2026-08-28T08:30:26.820315+00:00,2740864,-197283,3721401,1550187,2047808,,1748,303,1483,1819,False,OTC,創惟,UNKNOWN,ordinary_stock,TWSE_T86+TPEX_DAILY_TRADE_HIS,6104,135,498,188,571,0,0,-70000,70000,0,20000,0,0,,1756,536,1473,609
2026-08-28,GOOD,0,0,465,-271,0,-431,97,1321,1280,670,1385,0,1,-21999,-64001,-23000,124998,-36000,-43000,,570,676,991,551,0,1327,1262,665,1373,0,1,-21534,UNKNOWN,2026-08-28T08:30:26.820315+00:00,-64272,-23000,124567,-35658,-42903,,564,694,996,565,False,OTC,亞元,UNKNOWN,ordinary_stock,TWSE_T86+TPEX_DAILY_TRADE_HIS,6109,580,499,513,572,0,0,0,0,0,0,0,0,,650,537,604,610
2026-08-28,GOOD,0,3,-3741,-5023,-29,-7332,-4382,444,329,473,366,5,0,200008,268006,42000,408956,192007,234007,,1447,1630,1188,1572,0,447,333,475,379,5,0,196267,UNKNOWN,2026-08-28T08:30:26.820315+00:00,262983,41971,401624,190305,229625,,1444,1629,1186,1559,False,OTC,光聚晶電,UNKNOWN,ordinary_stock,TWSE_T86+TPEX_DAILY_TRADE_HIS,6111,581,500,514,573,0,0,0,0,0,0,0,0,,651,538,605,611
2026-08-28,GOOD,3,0,-3378,4734,702,14957,678,1134,1304,819,1299,0,1,-24000,-10000,-25000,30000,-16000,-17000,,753,653,843,636,0,1112,1280,776,1283,0,1,-27378,UNKNOWN,2026-08-28T08:30:26.820315+00:00,-5266,-24298,44957,-14438,-16322,,779,682,885,655,False,OTC,亞矽,UNKNOWN,ordinary_stock,TWSE_T86+TPEX_DAILY_TRADE_HIS,6113,582,501,515,574,0,0,0,0,0,0,0,0,,652,539,606,612
2026-08-28,GOOD,0,0,-135,225,0,-1684,45,829,866,877,1107,0,2,-27000,25000,-1000,11000,1000,-1000,,1062,1049,783,818,0,831,858,867,1087,0,2,-27135,UNKNOWN,2026-08-28T08:30:26.820315+00:00,25225,-1000,9316,1044,-955,,1060,1064,794,851,False,OTC,久威,UNKNOWN,ordinary_stock,TWSE_T86+TPEX_DAILY_TRADE_HIS,6114,583,502,516,575,0,0,0,0,0,0,0,0,,653,540,607,613
2026-08-28,GOOD,0,2,28,48,-689,-234,38,673,1004,705,659,0,1,31000,65000,-3000,94000,30000,48000,,1218,943,957,1280,0,683,1021,689,661,0,1,31028,UNKNOWN,2026-08-28T08:30:26.820315+00:00,65048,-3689,93766,30038,48038,,1208,941,972,1277,False,OTC,建達,UNKNOWN,ordinary_stock,TWSE_T86+TPEX_DAILY_TRADE_HIS,6118,584,503,517,576,0,0,0,0,0,0,0,0,,654,541,608,614
2026-08-28,GOOD,0,1,116533,-146181,-3522,-219462,-14824,695,1536,154,760,0,1,-9899,56939,-86927,4161336,-81869,23520,,1196,426,1507,1178,0,1223,1528,172,1589,0,1,-397322,UNKNOWN,2026-08-28T08:30:26.820315+00:00,-24398,-91449,3919508,-94689,-210860,,668,434,1489,349,False,OTC,新普,UNKNOWN,ordinary_stock,TWSE_T86+TPEX_DAILY_TRADE_HIS,6121,138,1831,1460,1872,0,2,-503956,64844,-1000,-22366,-7556,-219556,,1753,112,201,66
2026-08-28,GOOD,2,0,3455,8247,6609,-190990,5851,309,263,390,284,7,0,161750,564024,81448,729164,161496,362887,,1582,1699,1271,1654,0,315,258,427,294,7,0,165205,UNKNOWN,2026-08-28T08:30:26.820315+00:00,572271,88057,534427,166981,368738,,1576,1704,1234,1644,False,OTC,擎邦,UNKNOWN,ordinary_stock,TWSE_T86+TPEX_DAILY_TRADE_HIS,6122,585,504,1389,577,0,0,0,0,0,-3747,0,0,,655,542,272,615
2026-08-28,GOOD,0,1,-99,311,-105,31,106,1276,867,1043,1204,0,2,29000,-41000,-1000,-68000,-6000,-6000,,615,1050,618,735,0,1278,923,1027,1184,0,4,28901,UNKNOWN,2026-08-28T08:30:26.820315+00:00,-40689,-1105,-67969,-5656,-5894,,613,1039,634,754,False,OTC,上奇,UNKNOWN,ordinary_stock,TWSE_T86+TPEX_DAILY_TRADE_HIS,6123,586,505,518,578,0,0,0,0,0,0,0,0,,656,543,609,616
2026-08-28,GOOD,3,0,-243,477,20,,117,675,356,,650,4,0,34010,64010,35000,,47000,49010,,1216,1606,,1288,0,685,359,,656,4,0,33767,UNKNOWN,2026-08-28T08:30:26.820315+00:00,64487,35020,,47240,49127,,1206,1603,,1282,False,OTC,業強,UNKNOWN,ordinary_stock,TWSE_T86+TPEX_DAILY_TRADE_HIS,6124,587,506,,579,0,0,0,0,0,,0,0,,657,544,,617
2026-08-28,GOOD,0,2,-352501,26165,-48834,36335,-163168,1800,1579,1524,1801,0,10,1170272,-3601742,-117714,-3080770,-557812,-1215735,,91,383,137,137,0,1798,1635,1522,1811,0,10,817771,UNKNOWN,2026-08-28T08:30:26.820315+00:00,-3575577,-166548,-3044435,-651384,-1378903,,93,327,139,127,False,OTC,廣運,UNKNOWN,ordinary_stock,TWSE_T86+TPEX_DAILY_TRADE_HIS,6125,588,507,519,580,0,0,0,0,0,0,0,0,,658,545,610,618
2026-08-28,GOOD,2,0,5171,-12107,146,-49364,-3468,1651,1627,1421,1644,0,12,239682,-841382,-148000,-1305737,-241950,-300850,,240,335,240,294,0,1662,1614,1429,1634,0,17,244853,UNKNOWN,2026-08-28T08:30:26.820315+00:00,-853489,-147854,-1355101,-241418,-304318,,229,348,232,304,False,OTC,信音,UNKNOWN,ordinary_stock,TWSE_T86+TPEX_DAILY_TRADE_HIS,6126,589,508,520,581,0,0,0,0,0,0,0,0,,659,546,611,619
2026-08-28,GOOD,2,0,51678,-69784,2860,20009,-9053,1615,1910,1383,1729,0,1,-549752,-637818,-1999695,-948096,-786321,-593785,,276,52,278,209,0,1637,1906,1376,1726,0,1,-498074,UNKNOWN,2026-08-28T08:30:26.820315+00:00,-707602,-1996835,-928087,-781138,-602838,,254,56,285,212,False,OTC,九豪,UNKNOWN,ordinary_stock,TWSE_T86+TPEX_DAILY_TRADE_HIS,6127,590,509,521,582,0,0,0,0,0,0,0,0,,660,547,612,620
2026-08-28,GOOD,1,0,947,971,852,184,959,1453,344,1204,1531,1,0,-90269,-180649,39000,-284847,57000,-135459,,438,1616,457,407,0,1456,339,1199,1530,1,0,-89322,UNKNOWN,2026-08-28T08:30:26.820315+00:00,-179678,39852,-284663,57071,-134500,,435,1623,462,408,False,OTC,普誠,UNKNOWN,ordinary_stock,TWSE_T86+TPEX_DAILY_TRADE_HIS,6129,591,510,522,583,0,0,0,0,0,0,0,0,,661,548,613,621
2026-08-28,GOOD,0,0,8000,8000,0,8000,8000,1250,1410,699,1437,0,1,-96970,-32970,-45000,98029,-65000,-64970,,641,552,962,501,0,1226,1395,680,1409,0,1,-88970,UNKNOWN,2026-08-28T08:30:26.820315+00:00,-24970,-45000,106029,-65000,-56970,,665,567,981,529,False,OTC,上亞科技,UNKNOWN,ordinary_stock,TWSE_T86+TPEX_DAILY_TRADE_HIS,6130,592,511,523,584,0,0,0,0,0,0,0,0,,662,549,614,622
2026-08-28,GOOD,0,5,-50329,-4689,-1011,50168,-27509,493,313,1266,317,5,0,400110,196190,53024,-440979,271150,298150,,1398,1649,395,1621,0,497,313,1248,348,5,0,349781,UNKNOWN,2026-08-28T08:30:26.820315+00:00,191501,52013,-390811,253457,270641,,1394,1649,413,1590,False,OTC,萬旭,UNKNOWN,ordinary_stock,TWSE_T86+TPEX_DAILY_TRADE_HIS,6134,593,512,524,585,0,0,0,0,0,0,0,0,,663,550,615,623
2026-08-28,GOOD,3,0,33807,-11655,3797,-69236,11076,1479,1650,1378,473,0,1,482838,-229984,-170758,-917055,-38492,126427,,412,312,283,1465,0,1653,1736,1489,1593,0,1,366645,UNKNOWN,2026-08-28T08:30:26.820315+00:00,-799639,-333961,-2200291,-189708,-216497,,238,226,172,345,False,OTC,茂達,UNKNOWN,ordinary_stock,TWSE_T86+TPEX_DAILY_TRADE_HIS,6138,1823,1924,1601,1887,0,1,-150000,-558000,-167000,-1214000,-168000,-354000,,68,38,60,51
2026-08-28,GOOD,0,0,-1029,-2933,0,-3407,-1981,794,1136,741,1108,0,1,-34010,32010,-8000,68128,0,-1000,,1097,820,920,819,0,810,1121,738,1135,0,1,-35039,UNKNOWN,2026-08-28T08:30:26.820315+00:00,29077,-8000,64721,0,-2981,,1081,838,923,803,False,OTC,訊達,UNKNOWN,ordinary_stock,TWSE_T86+TPEX_DAILY_TRADE_HIS,6140,594,513,525,586,0,0,0,0,0,0,0,0,,664,551,616,624
2026-08-28,GOOD,0,2,26402,-23446,-584,-11228,1478,1575,1444,1275,1478,0,2,283542,-470930,-53000,-456214,-32694,-93694,,316,519,386,460,0,1582,1426,1273,1469,0,2,309944,UNKNOWN,2026-08-28T08:30:26.820315+00:00,-494376,-53584,-471063,-34765,-92216,,309,536,388,469,False,OTC,振曜,UNKNOWN,ordinary_stock,TWSE_T86+TPEX_DAILY_TRADE_HIS,6143,595,514,1388,587,0,0,0,0,0,-3621,0,0,,665,552,273,625
2026-08-28,GOOD,0,2,45333,22223,-244,24478,33778,1606,1388,1362,1575,0,1,202583,-581545,-40000,-812768,-52661,-189481,,285,571,299,363,0,1603,1373,1358,1548,0,1,247916,UNKNOWN,2026-08-28T08:30:26.820315+00:00,-559322,-40244,-788801,-55032,-155703,,288,589,303,390,False,OTC,耕興,UNKNOWN,ordinary_stock,TWSE_T86+TPEX_DAILY_TRADE_HIS,6146,596,515,1335,588,0,0,0,0,0,-511,0,0,,666,553,326,626
2026-08-28,GOOD,0,1,150600,2230832,-1619919,483960,1190716,1837,1945,1624,1884,0,3,-215283,-6910159,-5377014,-15907538,-8585113,-3562721,,54,17,37,54,0,1825,1949,1631,1807,0,3,2464842,UNKNOWN,2026-08-28T08:30:26.820315+00:00,-5143052,-7300933,-21166655,-8521030,-1339105,,66,13,30,131,False,OTC,頎邦,UNKNOWN,ordinary_stock,TWSE_T86+TPEX_DAILY_TRADE_HIS,6147,1816,1932,1642,38,0,4,2529525,-463725,-304000,-5743077,-733100,1032900,,75,30,19,1900
2026-08-28,GOOD,1,0,333,-353,509,236,-10,500,1271,788,811,0,1,-153040,187040,-22000,43979,15000,17000,,1391,687,873,1122,0,503,1254,777,815,0,1,-152707,UNKNOWN,2026-08-28T08:30:26.820315+00:00,186687,-21491,44215,15238,16990,,1388,708,884,1123,False,OTC,驊宏資,UNKNOWN,ordinary_stock,TWSE_T86+TPEX_DAILY_TRADE_HIS,6148,597,516,526,589,0,0,0,0,0,0,0,0,,667,554,617,627
2026-08-28,GOOD,0,1,-2732,3108,-214,2581,188,574,359,464,642,3,0,-20070,123970,34000,426218,113011,51950,,1317,1603,1197,1296,0,582,362,468,646,3,0,-22802,UNKNOWN,2026-08-28T08:30:26.820315+00:00,127078,33786,428799,112882,52138,,1309,1600,1193,1292,False,OTC,撼訊,UNKNOWN,ordinary_stock,TWSE_T86+TPEX_DAILY_TRADE_HIS,6150,598,517,527,590,0,0,0,0,0,0,0,0,,668,555,618,628
2026-08-28,GOOD,0,1,6877,-7189,-66,-8212,-156,1270,330,1117,534,3,0,222996,-39102,42000,-133719,115007,91947,,621,1631,544,1404,0,1290,334,1107,535,3,0,229873,UNKNOWN,2026-08-28T08:30:26.820315+00:00,-46291,41934,-141931,115058,91791,,601,1628,554,1403,False,OTC,晉倫,UNKNOWN,ordinary_stock,TWSE_T86+TPEX_DAILY_TRADE_HIS,6151,599,518,528,591,0,0,0,0,0,0,0,0,,669,556,619,629
2026-08-28,GOOD,0,0,0,0,0,,0,1042,764,,998,0,0,6000,0,0,,1000,3000,,846,1149,,928,0,1049,763,,990,0,0,6000,UNKNOWN,2026-08-28T08:30:26.820315+00:00,0,0,,1000,3000,,839,1166,,940,False,OTC,順發,UNKNOWN,ordinary_stock,TWSE_T86+TPEX_DAILY_TRADE_HIS,6154,600,519,,592,0,0,0,0,0,,0,0,,670,557,,630
2026-08-28,GOOD,1,0,963,-1449,265,-11136,-243,414,1230,456,312,0,1,304117,300701,-16000,449582,325267,302409,,1477,732,1205,1626,0,421,1204,462,324,0,1,305080,UNKNOWN,2026-08-28T08:30:26.820315+00:00,299252,-15735,438446,325379,302166,,1470,758,1199,1614,False,OTC,松上,UNKNOWN,ordinary_stock,TWSE_T86+TPEX_DAILY_TRADE_HIS,6156,601,520,529,593,0,0,0,0,0,0,0,0,,671,558,620,631
2026-08-28,GOOD,0,0,-8,-8,0,120,-8,868,632,739,919,3,0,-2000,18000,2000,70100,6000,8000,,1014,1308,922,1015,0,878,627,726,913,3,0,-2008,UNKNOWN,2026-08-28T08:30:26.820315+00:00,17992,2000,70220,6267,7992,,1013,1319,935,1025,False,OTC,禾昌,UNKNOWN,ordinary_stock,TWSE_T86+TPEX_DAILY_TRADE_HIS,6158,602,521,530,594,0,0,0,0,0,0,0,0,,672,559,621,632
2026-08-28,GOOD,2,0,776,228,517,433,502,804,447,812,999,3,0,-24000,30000,15000,31000,19000,3000,,1089,1513,848,929,0,804,449,806,983,3,0,-23224,UNKNOWN,2026-08-28T08:30:26.820315+00:00,30228,15517,31433,19628,3502,,1087,1513,855,955,False,OTC,欣技,UNKNOWN,ordinary_stock,TWSE_T86+TPEX_DAILY_TRADE_HIS,6160,603,522,531,595,0,0,0,0,0,0,0,0,,673,560,622,633
2026-08-28,GOOD,1,0,-4959,-3045,657,1186,-4002,1473,1147,536,1496,0,2,6115,-214301,-8960,283481,-11960,-104093,,418,815,1125,442,0,1474,1129,533,1497,0,2,1156,UNKNOWN,2026-08-28T08:30:26.820315+00:00,-217346,-8303,284667,-15483,-108095,,417,833,1128,441,False,OTC,捷波,UNKNOWN,ordinary_stock,TWSE_T86+TPEX_DAILY_TRADE_HIS,6161,604,523,532,596,0,0,0,0,0,0,0,0,,674,561,623,634
2026-08-28,GOOD,0,9,-13976,4328,-657,6324,-4824,448,277,311,228,5,0,808440,261036,74050,1222361,464737,534738,,1443,1684,1350,1710,0,446,280,315,241,5,0,794464,UNKNOWN,2026-08-28T08:30:26.820315+00:00,265364,73393,1228685,461214,529914,,1445,1682,1346,1697,False,OTC,華電網,UNKNOWN,ordinary_stock,TWSE_T86+TPEX_DAILY_TRADE_HIS,6163,605,524,533,597,0,0,0,0,0,0,0,0,,675,562,624,635
2026-08-28,GOOD,3,0,149,105,130,-14,127,614,1468,440,1485,0,2,-293001,96999,-61001,502130,-58001,-98001,,1277,494,1221,453,0,625,1451,441,1475,0,2,-292852,UNKNOWN,2026-08-28T08:30:26.820315+00:00,97104,-60871,502116,-57469,-97874,,1266,511,1220,463,False,OTC,久正,UNKNOWN,ordinary_stock,TWSE_T86+TPEX_DAILY_TRADE_HIS,6167,606,525,534,598,0,0,0,0,0,0,0,0,,676,563,625,636
2026-08-28,GOOD,0,8,-159,-221,-62,,-190,1031,868,,1022,0,1,3000,1000,-1000,,2000,2000,,860,1051,,913,0,1043,922,,1030,0,1,2841,UNKNOWN,2026-08-28T08:30:26.820315+00:00,779,-1062,,1823,1810,,849,1040,,908,False,OTC,昱泉,UNKNOWN,ordinary_stock,TWSE_T86+TPEX_DAILY_TRADE_HIS,6169,607,526,,599,0,0,0,0,0,,0,0,,677,564,,637
2026-08-28,GOOD,0,1,79127,-128231,-824,-126879,-24552,447,685,1072,361,5,0,215984,261998,1000,-89697,157931,238991,,1444,1247,589,1577,0,567,743,1162,388,4,0,295111,UNKNOWN,2026-08-28T08:30:26.820315+00:00,133767,176,-216576,163216,214439,,1324,1219,499,1550,False,OTC,統振,UNKNOWN,ordinary_stock,TWSE_T86+TPEX_DAILY_TRADE_HIS,6170,608,527,535,600,0,0,0,0,0,0,0,0,,678,565,626,638
2026-08-28,GOOD,1,0,1512179,-1167513,274213,-3118946,172333,122,31,1596,111,1,0,1202927,3170321,3534268,-9266339,2213804,2186624,,1769,1931,65,1827,0,170,30,1610,105,1,0,2712106,UNKNOWN,2026-08-28T08:30:26.820315+00:00,2005808,3808481,-10460510,2509121,2358957,,1721,1932,51,1833,False,OTC,信昌電,UNKNOWN,ordinary_stock,TWSE_T86+TPEX_DAILY_TRADE_HIS,6173,181,528,76,601,0,0,-3000,3000,0,1924775,0,0,,1705,566,1585,639
2026-08-28,GOOD,6,0,1654,15212,535,4914,8433,450,244,656,469,2,0,-4116,259938,112049,134618,125320,127911,,1441,1718,1005,1469,0,440,246,644,464,2,0,-2462,UNKNOWN,2026-08-28T08:30:26.820315+00:00,275150,112584,139532,128650,136344,,1451,1716,1017,1474,False,OTC,安碁,UNKNOWN,ordinary_stock,TWSE_T86+TPEX_DAILY_TRADE_HIS,6174,609,529,536,602,0,0,0,0,0,0,0,0,,679,567,627,640
2026-08-28,GOOD,3,0,37629,-4903,10496,-7701,16363,559,1755,436,1545,0,1,-433414,132586,-375630,534986,-196320,-150414,,1332,207,1225,393,0,580,1748,429,1529,0,1,-395785,UNKNOWN,2026-08-28T08:30:26.820315+00:00,127683,-365134,527285,-174441,-134051,,1311,214,1232,409,False,OTC,立敦,UNKNOWN,ordinary_stock,TWSE_T86+TPEX_DAILY_TRADE_HIS,6175,610,530,537,603,0,0,0,0,0,0,0,0,,680,568,628,641
2026-08-28,GOOD,1,0,64390,51232,51071,60698,57811,82,38,95,71,1,0,2901397,5264213,2887596,8444404,3921696,4082805,,1809,1924,1566,1867,0,86,39,96,73,1,0,2965787,UNKNOWN,2026-08-28T08:30:26.820315+00:00,5315445,2938667,8505102,3981881,4140616,,1805,1923,1565,1865,False,OTC,亞通,UNKNOWN,ordinary_stock,TWSE_T86+TPEX_DAILY_TRADE_HIS,6179,611,531,538,604,0,0,0,0,0,0,0,0,,681,569,629,642
2026-08-28,GOOD,1,0,576,572,8,-11805,574,473,1618,1248,376,0,1,232271,218595,-140896,-393048,126433,225433,,1418,344,413,1562,0,476,1605,1253,383,0,1,232847,UNKNOWN,2026-08-28T08:30:26.820315+00:00,219167,-140888,-404853,126134,226007,,1415,357,408,1555,False,OTC,橘子,UNKNOWN,ordinary_stock,TWSE_T86+TPEX_DAILY_TRADE_HIS,6180,612,532,539,605,0,0,0,0,0,0,0,0,,682,570,630,643
2026-08-28,GOOD,2,0,1411817,-2179691,263318,-7586353,-383937,1884,1935,1651,1930,0,1,15168525,-42611757,-3817926,-67187800,-7297256,-13721616,,7,27,10,8,0,1886,1933,1656,1931,0,1,19683342,UNKNOWN,2026-08-28T08:30:26.820315+00:00,-47694448,-3554608,-77515153,-6998161,-14005553,,5,29,5,7,False,OTC,合晶,UNKNOWN,ordinary_stock,TWSE_T86+TPEX_DAILY_TRADE_HIS,6182,1862,533,1626,86,0,0,3103000,-2903000,0,-2741000,100000,100000,,29,571,35,1852
2026-08-28,GOOD,1,0,-1046,146,392,303,-450,778,404,1118,391,3,0,385000,37000,23000,-134420,201000,211000,,1114,1557,543,1549,0,784,402,1101,393,3,0,383954,UNKNOWN,2026-08-28T08:30:26.820315+00:00,37146,23392,-134117,201253,210550,,1107,1560,560,1545,False,OTC,幃翔,UNKNOWN,ordinary_stock,TWSE_T86+TPEX_DAILY_TRADE_HIS,6185,613,534,540,606,0,0,0,0,0,0,0,0,,683,572,631,644
2026-08-28,GOOD,0,2,-23,471,-579,-399765,224,1707,1736,1536,1737,0,20,1271,-1251355,-308000,-3513130,-584042,-625042,,184,226,125,201,0,1709,1724,1545,1735,0,20,1248,UNKNOWN,2026-08-28T08:30:26.820315+00:00,-1250884,-308579,-3912895,-583607,-624818,,182,238,116,203,False,OTC,新潤,UNKNOWN,ordinary_stock,TWSE_T86+TPEX_DAILY_TRADE_HIS,6186,614,535,541,607,0,0,0,0,0,0,0,0,,684,573,632,645
2026-08-28,GOOD,0,1,-32857,42669,-38166,209809,4906,1459,150,189,425,2,0,526116,-185322,345107,2975061,46036,170397,,432,1812,1472,1513,0,215,212,139,181,2,0,878442,UNKNOWN,2026-08-28T08:30:26.820315+00:00,1227952,160941,5491073,802315,1053197,,1676,1750,1522,1757,False,OTC,萬潤,UNKNOWN,ordinary_stock,TWSE_T86+TPEX_DAILY_TRADE_HIS,6187,62,1923,71,39,0,1,385183,1370605,-146000,2306203,765894,877894,,1829,39,1590,1899
2026-08-28,GOOD,0,2,35480,-125500,-4592,-51394,-45010,1458,1647,519,603,0,1,307932,-183346,-169000,312775,102993,62293,,433,315,1142,1335,0,1518,1642,548,810,0,1,343412,UNKNOWN,2026-08-28T08:30:26.820315+00:00,-308846,-173592,261381,84505,17283,,373,320,1113,1128,False,OTC,廣明,UNKNOWN,ordinary_stock,TWSE_T86+TPEX_DAILY_TRADE_HIS,6188,615,536,542,608,0,0,0,0,0,0,0,0,,685,574,633,646
2026-08-28,GOOD,1,0,222221,92593,154526,102743,157407,157,95,187,99,4,0,2744349,2352031,751041,2996097,2779763,2548190,,1734,1867,1474,1839,0,155,85,194,97,4,0,2966570,UNKNOWN,2026-08-28T08:30:26.820315+00:00,2444624,905567,3098840,2943838,2705597,,1736,1877,1467,1841,False,OTC,萬泰科,UNKNOWN,ordinary_stock,TWSE_T86+TPEX_DAILY_TRADE_HIS,6190,616,537,543,609,0,0,0,0,0,0,0,0,,686,575,634,647
2026-08-28,GOOD,0,0,1060,-2540,0,,-740,1304,686,,976,1,0,64000,-56000,1000,,7000,4000,,586,1248,,951,0,1313,677,,985,1,0,65060,UNKNOWN,2026-08-28T08:30:26.820315+00:00,-58540,1000,,6260,3260,,578,1254,,953,False,OTC,育富,UNKNOWN,ordinary_stock,TWSE_T86+TPEX_DAILY_TRADE_HIS,6194,617,538,,610,0,0,0,0,0,,0,0,,687,576,,648
2026-08-28,GOOD,0,0,2651,851,0,,1751,982,869,,1039,0,1,-3000,5000,-1000,,0,1000,,908,1052,,882,0,989,859,,1003,0,1,-349,UNKNOWN,2026-08-28T08:30:26.820315+00:00,5851,-1000,,750,2751,,902,1065,,935,False,OTC,詩肯,UNKNOWN,ordinary_stock,TWSE_T86+TPEX_DAILY_TRADE_HIS,6195,618,539,,611,0,0,0,0,0,,0,0,,688,577,,649
2026-08-28,GOOD,0,12,14528,-32046,-1193,-52139,-8759,342,191,457,314,1,0,145515,456485,213000,448929,222000,301000,,1549,1771,1204,1624,0,360,190,477,332,1,0,160043,UNKNOWN,2026-08-28T08:30:26.820315+00:00,424439,211807,396790,220355,292241,,1531,1772,1184,1606,False,OTC,天品,UNKNOWN,ordinary_stock,TWSE_T86+TPEX_DAILY_TRADE_HIS,6199,619,540,544,612,0,0,0,0,0,0,0,0,,689,578,635,650
2026-08-28,GOOD,0,2,-817,-743,-583,-12067,-780,1231,1152,1148,1033,0,1,31093,-28271,-9000,-180252,17411,1411,,660,810,513,905,0,1240,1141,1141,1057,0,1,30276,UNKNOWN,2026-08-28T08:30:26.820315+00:00,-29014,-9583,-184319,16778,631,,651,821,520,881,False,OTC,海韻電,UNKNOWN,ordinary_stock,TWSE_T86+TPEX_DAILY_TRADE_HIS,6203,620,541,205,613,0,0,0,0,0,8000,0,0,,690,579,1453,651
2026-08-28,GOOD,1,0,1344,-340,155,328,502,1254,1637,1046,1390,0,1,-53651,-33561,-159000,-69429,-19606,-43606,,637,325,615,548,0,1260,1625,1028,1375,0,1,-52307,UNKNOWN,2026-08-28T08:30:26.820315+00:00,-33901,-158845,-69101,-19075,-43104,,631,337,633,563,False,OTC,艾華,UNKNOWN,ordinary_stock,TWSE_T86+TPEX_DAILY_TRADE_HIS,6204,621,542,545,614,0,0,0,0,0,0,0,0,,691,580,636,652
2026-08-28,GOOD,1,0,26198,2510,63380,23522,14354,738,1892,564,1635,0,1,-613667,45705,-1366915,235994,-424771,-283981,,1153,70,1097,303,0,724,1881,549,1622,0,1,-587469,UNKNOWN,2026-08-28T08:30:26.820315+00:00,48215,-1303535,259516,-403319,-269627,,1166,81,1112,316,False,OTC,雷科,UNKNOWN,ordinary_stock,TWSE_T86+TPEX_DAILY_TRADE_HIS,6207,622,543,546,615,0,0,0,0,0,0,0,0,,692,581,637,653
2026-08-28,GOOD,2,0,-407,7319,1990,11047,3456,744,443,494,536,3,0,136286,44314,15012,363890,139177,90300,,1147,1519,1167,1402,0,713,440,489,530,3,0,135879,UNKNOWN,2026-08-28T08:30:26.820315+00:00,51633,17002,374937,141001,93756,,1178,1522,1172,1408,False,OTC,日揚,UNKNOWN,ordinary_stock,TWSE_T86+TPEX_DAILY_TRADE_HIS,6208,623,544,547,616,0,0,0,0,0,0,0,0,,693,582,638,654
2026-08-28,GOOD,0,1,-1184,248,-300,,-468,1015,765,,1074,0,0,-2000,2000,0,,1000,0,,873,1150,,854,0,1018,823,,1080,0,1,-3184,UNKNOWN,2026-08-28T08:30:26.820315+00:00,2248,-300,,700,-468,,873,1138,,858,False,OTC,慶生,UNKNOWN,ordinary_stock,TWSE_T86+TPEX_DAILY_TRADE_HIS,6210,624,545,,617,0,0,0,0,0,,0,0,,694,583,,655
2026-08-28,GOOD,0,1,13263,-1251,-88365,-241098,6006,1717,1869,1434,1731,0,1,252958,-1441012,-1094000,-1451032,-703722,-594027,,174,93,227,207,0,1724,1871,1456,1724,0,1,266221,UNKNOWN,2026-08-28T08:30:26.820315+00:00,-1442263,-1182365,-1692130,-710279,-588021,,167,91,205,214,False,OTC,中探針,UNKNOWN,ordinary_stock,TWSE_T86+TPEX_DAILY_TRADE_HIS,6217,625,546,548,618,0,0,0,0,0,0,0,0,,695,584,639,656
2026-08-28,GOOD,0,1,-13258,-1260,-5259,10151,-7259,169,85,207,139,2,0,1086608,1939550,936900,2512142,1028251,1513079,,1722,1877,1454,1799,0,172,83,214,151,2,0,1073350,UNKNOWN,2026-08-28T08:30:26.820315+00:00,1938290,931641,2522293,1023992,1505820,,1719,1879,1447,1787,False,OTC,豪勉,UNKNOWN,ordinary_stock,TWSE_T86+TPEX_DAILY_TRADE_HIS,6218,626,547,549,619,0,0,0,0,0,0,0,0,,696,585,640,657
2026-08-28,GOOD,0,0,-479,61,0,-41842,-209,832,1210,1042,1284,0,3,-54000,24000,-14000,-66210,-24000,-15000,,1054,748,619,651,0,839,1194,1076,1277,0,3,-54479,UNKNOWN,2026-08-28T08:30:26.820315+00:00,24061,-14000,-108052,-24350,-15209,,1052,765,585,661,False,OTC,富旺,UNKNOWN,ordinary_stock,TWSE_T86+TPEX_DAILY_TRADE_HIS,6219,627,548,550,620,0,0,0,0,0,0,0,0,,697,586,641,658
2026-08-28,GOOD,0,1,-1196,334,-22,-13378,-431,389,429,349,397,3,0,58049,348051,18132,913352,233132,203050,,1502,1533,1312,1541,0,395,433,355,403,3,0,56853,UNKNOWN,2026-08-28T08:30:26.820315+00:00,348385,18110,899974,233296,202619,,1496,1529,1306,1535,False,OTC,岳豐,UNKNOWN,ordinary_stock,TWSE_T86+TPEX_DAILY_TRADE_HIS,6220,628,549,551,621,0,0,0,0,0,0,0,0,,698,587,642,659
2026-08-28,GOOD,0,0,-217,363,0,80,73,647,1005,899,707,0,1,-12000,78000,-3000,3000,11000,33000,,1244,944,762,1230,0,661,989,884,710,0,1,-12217,UNKNOWN,2026-08-28T08:30:26.820315+00:00,78363,-3000,3080,10854,33073,,1230,957,777,1228,False,OTC,晉泰,UNKNOWN,ordinary_stock,TWSE_T86+TPEX_DAILY_TRADE_HIS,6221,629,550,552,622,0,0,0,0,0,0,0,0,,699,588,643,660
2026-08-28,GOOD,2,0,180700,-11254,28638,-22066,84723,1443,231,1296,399,2,0,566482,-170968,129015,-507608,233257,197757,,448,1731,365,1539,0,1767,1769,1498,1796,0,3,-23237,UNKNOWN,2026-08-28T08:30:26.820315+00:00,-2307333,-422867,-2438113,-1195801,-1165285,,124,193,163,142,False,OTC,旺矽,UNKNOWN,ordinary_stock,TWSE_T86+TPEX_DAILY_TRADE_HIS,6223,1853,1941,1609,1915,0,3,-770419,-2125111,-580520,-1908439,-1522922,-1447765,,38,21,52,23
2026-08-28,GOOD,0,1,83807,21927,-119397,29838,52867,1723,1852,1360,1798,0,1,-809652,-1529736,-873156,-794175,-972304,-1169694,,168,110,301,140,0,1732,1850,1351,1791,0,1,-725845,UNKNOWN,2026-08-28T08:30:26.820315+00:00,-1507809,-992553,-764337,-906491,-1116827,,159,112,310,147,False,OTC,茂綸,UNKNOWN,ordinary_stock,TWSE_T86+TPEX_DAILY_TRADE_HIS,6227,630,551,553,623,0,0,0,0,0,0,0,0,,700,589,644,661
2026-08-28,GOOD,0,0,2165,-2579,0,-653,-207,905,483,715,847,2,0,12000,14000,11000,87000,14000,13000,,983,1482,947,1086,0,930,485,700,855,2,0,14165,UNKNOWN,2026-08-28T08:30:26.820315+00:00,11421,11000,86347,14006,12793,,961,1475,961,1083,False,OTC,研通,UNKNOWN,ordinary_stock,TWSE_T86+TPEX_DAILY_TRADE_HIS,6229,631,552,554,624,0,0,0,0,0,0,0,0,,701,590,645,662
2026-08-28,GOOD,2,0,23067,-19295,3789,-25564,1886,1325,1066,1111,582,0,1,203397,-65503,-4920,-129719,105946,68947,,566,896,550,1356,0,1347,924,1118,582,0,1,226464,UNKNOWN,2026-08-28T08:30:26.820315+00:00,-84798,-1131,-155283,112258,70833,,544,1038,543,1356,False,OTC,系微,UNKNOWN,ordinary_stock,TWSE_T86+TPEX_DAILY_TRADE_HIS,6231,632,553,555,625,0,0,0,0,0,0,0,0,,702,591,646,663
2026-08-28,GOOD,0,1,107,-459,-691,-131,-176,1192,565,1142,668,1,0,108001,-18001,5000,-173775,24000,45000,,699,1397,519,1271,0,1198,573,1138,673,1,0,108108,UNKNOWN,2026-08-28T08:30:26.820315+00:00,-18460,4309,-173906,23860,44824,,693,1389,523,1265,False,OTC,旺玖,UNKNOWN,ordinary_stock,TWSE_T86+TPEX_DAILY_TRADE_HIS,6233,633,554,556,626,0,0,0,0,0,0,0,0,,703,592,647,664
2026-08-28,GOOD,0,1,12240,6808,-621,-2812,9524,388,272,395,332,3,0,218840,353880,76950,720435,259263,286360,,1503,1690,1266,1606,0,388,272,394,329,3,0,231080,UNKNOWN,2026-08-28T08:30:26.820315+00:00,360688,76329,717623,269868,295884,,1503,1690,1267,1609,False,OTC,高僑,UNKNOWN,ordinary_stock,TWSE_T86+TPEX_DAILY_TRADE_HIS,6234,634,555,557,627,0,0,0,0,0,0,0,0,,704,593,648,665
2026-08-28,GOOD,1,0,795,-1089,66,-2895,-147,579,575,592,474,4,0,133404,119402,4375,198402,123375,126403,,1312,1387,1069,1464,0,591,571,597,475,4,0,134199,UNKNOWN,2026-08-28T08:30:26.820315+00:00,118313,4441,195507,122871,126256,,1300,1391,1064,1463,False,OTC,驊訊,UNKNOWN,ordinary_stock,TWSE_T86+TPEX_DAILY_TRADE_HIS,6237,635,556,558,628,0,0,0,0,0,0,0,0,,705,594,649,666
2026-08-28,GOOD,0,0,529,549,0,,539,1083,538,,977,1,0,11000,-3000,6000,,1000,4000,,808,1416,,952,0,1079,542,,968,1,0,11529,UNKNOWN,2026-08-28T08:30:26.820315+00:00,-2451,6000,,1174,4539,,812,1418,,970,False,OTC,松崗,UNKNOWN,ordinary_stock,TWSE_T86+TPEX_DAILY_TRADE_HIS,6240,636,557,,629,0,0,0,0,0,,0,0,,706,595,,667
2026-08-28,GOOD,2,0,-480,834,413,,177,1411,1207,,1588,0,4,-273998,-137584,-13492,,-100244,-205791,,480,755,,350,0,1414,1189,,1582,0,4,-274478,UNKNOWN,2026-08-28T08:30:26.820315+00:00,-136750,-13079,,-99819,-205614,,477,773,,356,False,OTC,鑫永洋,UNKNOWN,ordinary_stock,TWSE_T86+TPEX_DAILY_TRADE_HIS,6241,637,558,,630,0,0,0,0,0,,0,0,,707,596,,668
2026-08-28,GOOD,0,1,150216,-217342,-5312,-147296,-33563,189,128,127,215,1,0,-214436,1477360,481301,6049515,537828,631462,,1702,1834,1534,1723,0,210,129,131,228,1,0,-64220,UNKNOWN,2026-08-28T08:30:26.820315+00:00,1260018,475989,5902219,504761,597899,,1681,1833,1530,1710,False,OTC,茂迪,UNKNOWN,ordinary_stock,TWSE_T86+TPEX_DAILY_TRADE_HIS,6244,638,559,559,631,0,0,0,0,0,0,0,0,,708,597,650,669
2026-08-28,GOOD,0,1,160,69012,-2839,149817,34586,1643,1543,262,1472,0,1,596078,-775354,-90719,1637972,35362,-89638,,248,419,1399,466,0,1636,1534,259,1399,0,1,596238,UNKNOWN,2026-08-28T08:30:26.820315+00:00,-706342,-93558,1783972,81203,-55052,,255,428,1402,539,False,OTC,立端,UNKNOWN,ordinary_stock,TWSE_T86+TPEX_DAILY_TRADE_HIS,6245,639,560,1390,632,0,0,0,0,0,-3817,0,0,,709,598,271,670
2026-08-28,GOOD,0,4,-218,-58,-50,-282,-138,1237,1006,911,1258,0,2,8000,-30000,-3000,-1000,-2000,-11000,,650,945,749,675,0,1247,1015,896,1248,0,2,7782,UNKNOWN,2026-08-28T08:30:26.820315+00:00,-30058,-3050,-1282,-2133,-11138,,644,946,765,690,False,OTC,臺龍,UNKNOWN,ordinary_stock,TWSE_T86+TPEX_DAILY_TRADE_HIS,6246,640,561,560,633,0,0,0,0,0,0,0,0,,710,599,651,671
2026-08-28,GOOD,0,0,28,-36,0,438,-4,1312,870,878,1491,0,1,-139000,-61000,-1000,11000,1000,-100000,,578,1053,784,446,0,1320,860,863,1478,0,1,-138972,UNKNOWN,2026-08-28T08:30:26.820315+00:00,-61036,-1000,11438,700,-100004,,571,1066,798,460,False,OTC,沛波,UNKNOWN,ordinary_stock,TWSE_T86+TPEX_DAILY_TRADE_HIS,6248,641,562,561,634,0,0,0,0,0,0,0,0,,711,600,652,672
2026-08-28,GOOD,4,0,-5779,19455,1395,25873,6838,1465,185,926,331,4,0,771935,-199165,226973,-4351,309199,286385,,426,1777,735,1607,0,1457,181,828,330,4,0,766156,UNKNOWN,2026-08-28T08:30:26.820315+00:00,-179710,228368,21522,310901,293223,,434,1781,833,1608,False,OTC,百徽,UNKNOWN,ordinary_stock,TWSE_T86+TPEX_DAILY_TRADE_HIS,6259,642,563,562,635,0,0,0,0,0,0,0,0,,712,601,653,673
2026-08-28,GOOD,0,2,92984,800,-6347,21402,46892,476,405,370,1440,1,0,-350231,214957,23000,823424,-152000,-67637,,1415,1558,1291,498,0,477,443,365,1303,1,0,-257247,UNKNOWN,2026-08-28T08:30:26.820315+00:00,215757,16653,844826,-97354,-20745,,1414,1519,1296,635,False,OTC,久元,UNKNOWN,ordinary_stock,TWSE_T86+TPEX_DAILY_TRADE_HIS,6261,643,564,563,636,0,0,0,0,0,0,0,0,,713,602,654,674
2026-08-28,GOOD,1,0,-1474,2204,24,526,365,405,423,380,444,13,0,-18805,317057,19370,789668,105479,149126,,1486,1539,1281,1494,0,407,425,380,450,13,0,-20279,UNKNOWN,2026-08-28T08:30:26.820315+00:00,319261,19394,790194,105460,149491,,1484,1537,1281,1488,False,OTC,普萊德,UNKNOWN,ordinary_stock,TWSE_T86+TPEX_DAILY_TRADE_HIS,6263,644,565,564,637,0,0,0,0,0,0,0,0,,714,603,655,675
2026-08-25,STALE,0,4,,,-50,,-368,,871,,903,0,1,,,-1000,,-1000,9000,,,1054,,1032,3,,921,,904,0,4,,UNKNOWN,2026-08-28T08:30:26.820315+00:00,,-1050,,-1363,8632,,,1041,,1034,True,OTC,富裔,UNKNOWN,ordinary_stock,TWSE_T86+TPEX_DAILY_TRADE_HIS,6264,,566,,638,0,0,,,0,,0,0,,,604,,676
2026-08-28,GOOD,0,4,8727,-105327,-59206,-16697,-48300,1824,1804,109,1864,0,4,982436,-5682682,-585000,7211908,-2083548,-2350123,,67,158,1552,74,0,1830,1812,114,1866,0,4,991163,UNKNOWN,2026-08-28T08:30:26.820315+00:00,-5788009,-644206,7195211,-2159879,-2398423,,61,150,1547,72,False,OTC,方土昶,UNKNOWN,ordinary_stock,TWSE_T86+TPEX_DAILY_TRADE_HIS,6265,645,567,565,639,0,0,0,0,0,0,0,0,,715,605,656,677
2026-08-28,GOOD,1,0,-1622,-1564,200,610,-1593,686,1389,514,724,0,1,-1000,61000,-40000,321551,7000,30000,,1205,572,1147,1214,0,696,1370,516,735,0,1,-2622,UNKNOWN,2026-08-28T08:30:26.820315+00:00,59436,-39800,322161,6311,28407,,1195,592,1145,1203,False,OTC,泰詠,UNKNOWN,ordinary_stock,TWSE_T86+TPEX_DAILY_TRADE_HIS,6266,646,568,566,640,0,0,0,0,0,0,0,0,,716,606,657,678
2026-08-28,GOOD,2,0,-1096,3980,1028,12882,1442,420,348,382,495,4,0,-66894,296128,38052,785893,121617,114617,,1471,1614,1279,1443,0,416,342,377,492,4,0,-67990,UNKNOWN,2026-08-28T08:30:26.820315+00:00,300108,39080,798775,122608,116059,,1475,1620,1284,1446,False,OTC,倍微,UNKNOWN,ordinary_stock,TWSE_T86+TPEX_DAILY_TRADE_HIS,6270,647,569,567,641,0,0,0,0,0,0,0,0,,717,607,658,679
2026-08-28,GOOD,5,0,448180,86380,28952,158320,267280,1823,176,1608,1875,1,0,-385456,-5520042,258097,-12062809,-2821636,-2952749,,68,1786,53,63,0,1816,179,1586,1874,1,0,-626276,UNKNOWN,2026-08-28T08:30:26.820315+00:00,-4572662,235049,-7694389,-2989586,-2599469,,75,1783,75,64,False,OTC,台燿,UNKNOWN,ordinary_stock,TWSE_T86+TPEX_DAILY_TRADE_HIS,6274,74,1906,48,87,0,2,-689000,861000,-52000,4210100,-314000,86000,,1817,55,1613,1851
2026-08-28,GOOD,0,1,4245,2219,-363,4575,3232,1537,1463,1265,1388,0,1,272257,-358483,-59000,-438965,17887,-43113,,354,499,396,550,0,1542,1446,1261,1360,0,1,276502,UNKNOWN,2026-08-28T08:30:26.820315+00:00,-356264,-59363,-434390,21055,-39881,,349,516,400,578,False,OTC,元山,UNKNOWN,ordinary_stock,TWSE_T86+TPEX_DAILY_TRADE_HIS,6275,648,570,568,642,0,0,0,0,0,0,0,0,,718,608,659,680
2026-08-28,GOOD,0,1,-539,-531,-240,72,-535,1189,766,939,1227,0,0,2000,-18000,0,-13000,-8000,-8000,,702,1151,720,708,0,1200,820,922,1215,0,4,1461,UNKNOWN,2026-08-28T08:30:26.820315+00:00,-18531,-240,-12928,-8423,-8535,,691,1142,739,723,False,OTC,安鈦克,UNKNOWN,ordinary_stock,TWSE_T86+TPEX_DAILY_TRADE_HIS,6276,649,571,569,643,0,0,0,0,0,0,0,0,,719,609,660,681
2026-08-28,GOOD,8,0,-30343,254031,4321,470407,111844,501,1631,156,1573,0,1,-561431,186615,-151000,3869009,-134700,-187408,,1390,330,1505,365,0,355,1613,161,1451,0,1,-591320,UNKNOWN,2026-08-28T08:30:26.820315+00:00,431100,-146679,4320870,-68976,-80110,,1536,349,1500,487,False,OTC,胡連,UNKNOWN,ordinary_stock,TWSE_T86+TPEX_DAILY_TRADE_HIS,6279,1704,572,1450,1769,0,0,454,-9546,0,-18546,-4546,-4546,,187,610,211,169
2026-08-28,GOOD,4,0,19961,-2283,13066,38021,8839,391,155,340,549,2,0,-174443,342917,333160,976014,336122,84237,,1500,1807,1321,1389,0,394,153,339,516,2,0,-146482,UNKNOWN,2026-08-28T08:30:26.820315+00:00,348634,346226,1022035,361540,101076,,1497,1809,1322,1422,False,OTC,佳邦,UNKNOWN,ordinary_stock,TWSE_T86+TPEX_DAILY_TRADE_HIS,6284,166,573,206,124,0,0,8000,8000,0,8000,8000,8000,,1724,611,1454,1814
2026-08-28,GOOD,0,3,-60388,-319486,-100774,-168245,-189937,1781,1884,1495,1856,0,1,-970837,-3102593,-1284462,-2400284,-1408754,-2036715,,110,78,166,82,0,1794,1886,1506,1859,0,1,-1031225,UNKNOWN,2026-08-28T08:30:26.820315+00:00,-3422879,-1385236,-2594634,-1622566,-2227052,,97,76,155,79,False,OTC,良維,UNKNOWN,ordinary_stock,TWSE_T86+TPEX_DAILY_TRADE_HIS,6290,1620,574,1466,1716,0,0,0,-800,0,-26105,-400,-400,,271,612,195,221
2026-08-28,GOOD,0,1,-8617,10313,-19871,22798,848,1588,1678,1361,1659,0,2,-156156,-525274,-204374,-804340,-247715,-340715,,303,284,300,279,0,1624,1722,1422,1675,0,2,-191773,UNKNOWN,2026-08-28T08:30:26.820315+00:00,-647961,-303245,-1239542,-322594,-419867,,267,240,239,263,False,OTC,沛亨,UNKNOWN,ordinary_stock,TWSE_T86+TPEX_DAILY_TRADE_HIS,6291,1779,1913,1559,1848,0,1,-27000,-133000,-79000,-458000,-80000,-80000,,112,49,102,89
2026-08-28,GOOD,1,0,826,232,397,838,529,770,323,582,1448,1,0,-179504,38768,47050,208344,-51868,-70368,,1121,1639,1079,490,0,777,322,583,1433,1,0,-178678,UNKNOWN,2026-08-28T08:30:26.820315+00:00,39000,47447,209182,-51283,-69839,,1114,1640,1078,505,False,OTC,迅德,UNKNOWN,ordinary_stock,TWSE_T86+TPEX_DAILY_TRADE_HIS,6292,650,575,570,644,0,0,0,0,0,0,0,0,,720,613,661,682
2026-08-28,GOOD,0,0,788,-788,0,145,0,937,767,809,1109,0,0,-12000,10000,0,32000,1000,-1000,,950,1152,852,820,0,957,764,805,1091,0,0,-11212,UNKNOWN,2026-08-28T08:30:26.820315+00:00,9212,0,32145,1000,-1000,,934,1167,856,837,False,OTC,智基,UNKNOWN,ordinary_stock,TWSE_T86+TPEX_DAILY_TRADE_HIS,6294,651,576,571,645,0,0,0,0,0,0,0,0,,721,614,662,683
2026-08-28,GOOD,0,6,4806,-15856,-100,-24701,-5525,1349,1269,1138,540,0,1,262154,-85848,-21950,-163247,83050,88153,,542,693,523,1398,0,1377,1259,1143,554,0,1,266960,UNKNOWN,2026-08-28T08:30:26.820315+00:00,-101704,-22050,-187948,80275,82628,,514,703,518,1384,False,OTC,晶焱,UNKNOWN,ordinary_stock,TWSE_T86+TPEX_DAILY_TRADE_HIS,6411,652,577,572,646,0,0,0,0,0,0,0,0,,722,615,663,684
2026-08-28,GOOD,0,0,10776,-16976,0,-18640,-3100,1174,1184,1121,1374,0,6,-61976,-15976,-11944,-143002,-16944,-38976,,717,778,540,564,0,1255,1166,1123,1366,0,6,-51200,UNKNOWN,2026-08-28T08:30:26.820315+00:00,-32952,-11944,-161642,-15066,-42076,,636,796,538,572,False,OTC,韋僑,UNKNOWN,ordinary_stock,TWSE_T86+TPEX_DAILY_TRADE_HIS,6417,653,578,573,647,0,0,0,0,0,0,0,0,,723,616,664,685
2026-08-28,GOOD,0,1,-36,140,-5095,2190,52,572,1341,624,617,0,1,-9000,125000,-30000,165000,57000,58000,,1319,622,1038,1321,0,583,1351,618,621,0,1,-9036,UNKNOWN,2026-08-28T08:30:26.820315+00:00,125140,-35095,167190,57102,58052,,1308,611,1043,1317,False,OTC,詠昇,UNKNOWN,ordinary_stock,TWSE_T86+TPEX_DAILY_TRADE_HIS,6418,654,579,574,648,0,0,0,0,0,0,0,0,,724,617,665,686
2026-08-28,GOOD,2,0,3413,2401,465,4397,2907,1207,1361,463,1209,0,1,8802,-21374,-33951,427170,-52397,-6286,,684,601,1198,729,0,1201,1344,467,1147,0,1,12215,UNKNOWN,2026-08-28T08:30:26.820315+00:00,-18973,-33486,431567,-52166,-3379,,690,618,1194,791,False,OTC,京晨科,UNKNOWN,ordinary_stock,TWSE_T86+TPEX_DAILY_TRADE_HIS,6419,655,580,575,649,0,0,0,0,0,0,0,0,,725,618,666,687
2026-08-28,GOOD,0,0,1193,807,0,-4000,1000,554,504,541,599,16,0,-6000,134000,9000,270510,41000,64000,,1335,1456,1120,1339,0,560,507,546,602,16,0,-4807,UNKNOWN,2026-08-28T08:30:26.820315+00:00,134807,9000,266510,43000,65000,,1331,1452,1115,1336,False,OTC,億而得,UNKNOWN,ordinary_stock,TWSE_T86+TPEX_DAILY_TRADE_HIS,6423,656,581,576,650,0,0,0,0,0,0,0,0,,726,619,667,688
2026-08-28,GOOD,2,0,-12305,1187,251,-43983,-5559,632,738,1153,646,2,0,11351,89531,441,-198252,-40559,50441,,1259,1224,508,1292,0,642,731,1179,671,2,0,-954,UNKNOWN,2026-08-28T08:30:26.820315+00:00,90718,692,-242235,-46358,44882,,1249,1231,482,1267,False,OTC,易發,UNKNOWN,ordinary_stock,TWSE_T86+TPEX_DAILY_TRADE_HIS,6425,657,582,577,651,0,0,0,0,0,0,0,0,,727,620,668,689
2026-08-28,GOOD,0,7,1693,-38307,-1947,-25126,-18307,1598,1362,1468,568,0,1,706875,-556445,-34000,-1915736,67486,75215,,293,598,193,1370,0,1613,1353,1474,625,0,1,708568,UNKNOWN,2026-08-28T08:30:26.820315+00:00,-594752,-35947,-1940862,49565,56908,,278,609,187,1313,False,OTC,今展科,UNKNOWN,ordinary_stock,TWSE_T86+TPEX_DAILY_TRADE_HIS,6432,658,583,578,652,0,0,0,0,0,0,0,0,,728,621,669,690
2026-08-28,GOOD,0,2,1129,-4029,-28084,48061,-1450,1600,1726,1442,1605,0,1,109599,-557547,-284826,-1562821,-336400,-223974,,291,236,219,333,0,1664,1772,1463,1706,0,1,-196272,UNKNOWN,2026-08-28T08:30:26.820315+00:00,-868576,-442910,-1821760,-583656,-532424,,227,190,198,232,False,OTC,大中,UNKNOWN,ordinary_stock,TWSE_T86+TPEX_DAILY_TRADE_HIS,6435,1808,1920,1544,1880,0,1,-307000,-307000,-130000,-307000,-241000,-307000,,83,42,117,58
2026-08-28,GOOD,0,2,-541,55,-3,290,-243,721,687,954,920,3,0,-33000,49000,1000,-21001,14000,8000,,1171,1249,707,1016,0,722,719,937,916,3,0,-33541,UNKNOWN,2026-08-28T08:30:26.820315+00:00,49055,997,-20711,14063,7757,,1169,1243,724,1022,False,OTC,廣錠,UNKNOWN,ordinary_stock,TWSE_T86+TPEX_DAILY_TRADE_HIS,6441,659,584,579,653,0,0,0,0,0,0,0,0,,729,622,670,691
2026-08-28,GOOD,1,0,1002,412,75,104,707,1424,633,1076,1386,3,0,65000,-151000,2000,-92000,28000,-43000,,467,1309,585,552,0,1429,619,1056,1369,3,0,66002,UNKNOWN,2026-08-28T08:30:26.820315+00:00,-150588,2075,-91896,28405,-42293,,462,1343,605,569,False,OTC,益得,UNKNOWN,ordinary_stock,TWSE_T86+TPEX_DAILY_TRADE_HIS,6461,660,585,580,654,0,0,0,0,0,0,0,0,,730,623,671,692
2026-08-28,GOOD,0,1,-6497,-17101,-5035,-24145,-11799,364,305,360,378,4,0,33821,408061,58080,863831,245517,220941,,1527,1657,1301,1560,0,376,312,370,396,4,0,27324,UNKNOWN,2026-08-28T08:30:26.820315+00:00,390960,53045,824686,247109,209142,,1515,1650,1291,1542,False,OTC,神盾,UNKNOWN,ordinary_stock,TWSE_T86+TPEX_DAILY_TRADE_HIS,6462,661,586,1438,655,0,0,0,0,0,-15000,0,0,,731,624,221,693
2026-08-28,GOOD,3,0,1433,-2265,943,-2851,-416,1296,293,1156,1133,3,0,47817,-51755,67000,-200476,114000,-1969,,595,1669,505,805,0,1305,290,1155,1129,3,0,49250,UNKNOWN,2026-08-28T08:30:26.820315+00:00,-54020,67943,-203327,115722,-2385,,586,1672,506,809,False,OTC,威潤,UNKNOWN,ordinary_stock,TWSE_T86+TPEX_DAILY_TRADE_HIS,6465,662,587,581,656,0,0,0,0,0,0,0,0,,732,625,672,694
2026-08-28,GOOD,0,1,-3628,-3748,-2799,-44555,-3688,1654,1640,1523,1701,0,5,-151922,-846898,-163745,-3078262,-221410,-499410,,237,322,138,237,0,1661,1634,1514,1698,0,5,-155550,UNKNOWN,2026-08-28T08:30:26.820315+00:00,-850646,-166544,-2806817,-225488,-503098,,230,328,147,240,False,OTC,大樹,UNKNOWN,ordinary_stock,TWSE_T86+TPEX_DAILY_TRADE_HIS,6469,663,588,135,657,0,0,0,0,0,316000,0,0,,733,626,1526,695
2026-08-28,GOOD,0,0,460,-816,0,-25938,-178,609,376,635,575,3,0,41000,99000,30000,152000,69000,70000,,1284,1584,1026,1361,0,622,374,660,586,3,0,41460,UNKNOWN,2026-08-28T08:30:26.820315+00:00,98184,30000,126062,68899,69822,,1269,1587,1001,1352,False,OTC,宇智,UNKNOWN,ordinary_stock,TWSE_T86+TPEX_DAILY_TRADE_HIS,6470,664,589,582,658,0,0,0,0,0,0,0,0,,734,627,673,696
2026-08-28,GOOD,0,0,-7000,-7000,0,,-7000,781,1404,,687,0,1,42000,36000,-43000,,61000,39000,,1111,557,,1251,0,811,1389,,715,0,1,35000,UNKNOWN,2026-08-28T08:30:26.820315+00:00,29000,-43000,,54000,32000,,1080,572,,1223,False,OTC,華豫寧,UNKNOWN,ordinary_stock,TWSE_T86+TPEX_DAILY_TRADE_HIS,6474,665,590,,659,0,0,0,0,0,,0,0,,735,628,,697
2026-08-28,GOOD,0,0,-284,204,0,,-40,1210,1007,,1318,0,4,-20000,-22000,-3000,,-5000,-21000,,680,946,,620,0,1215,990,,1305,0,4,-20284,UNKNOWN,2026-08-28T08:30:26.820315+00:00,-21796,-3000,,-5170,-21040,,676,958,,633,False,OTC,弘煜科,UNKNOWN,ordinary_stock,TWSE_T86+TPEX_DAILY_TRADE_HIS,6482,666,591,,660,0,0,0,0,0,,0,0,,736,629,,698
2026-08-28,GOOD,0,2,1103,-4081,-25,-5489,-1489,840,288,735,452,3,0,258879,23431,69080,74260,194155,141155,,1051,1674,926,1486,0,868,287,728,459,3,0,259982,UNKNOWN,2026-08-28T08:30:26.820315+00:00,19350,69055,68771,195176,139666,,1023,1675,933,1479,False,OTC,點序,UNKNOWN,ordinary_stock,TWSE_T86+TPEX_DAILY_TRADE_HIS,6485,667,592,583,661,0,0,0,0,0,0,0,0,,737,630,674,699
2026-08-28,GOOD,3,0,2247,7359,314,7372,4803,531,1137,716,531,0,1,29802,159334,-8000,86514,67568,94568,,1360,821,945,1407,0,517,1115,688,520,0,1,32049,UNKNOWN,2026-08-28T08:30:26.820315+00:00,166693,-7686,93886,72500,99371,,1374,847,973,1418,False,OTC,互動,UNKNOWN,ordinary_stock,TWSE_T86+TPEX_DAILY_TRADE_HIS,6486,668,593,584,662,0,0,0,0,0,0,0,0,,738,631,675,700
2026-08-28,GOOD,0,1,1203011,-545515,-530,-1538861,328748,1860,1906,1615,1908,0,1,1887406,-12148948,-1857756,-13943062,-4669998,-5130771,,31,56,46,30,0,1856,1904,1625,1902,0,1,1434926,UNKNOWN,2026-08-28T08:30:26.820315+00:00,-10551252,-1828286,-16487221,-4824603,-4558163,,35,58,36,36,False,OTC,環球晶,UNKNOWN,ordinary_stock,TWSE_T86+TPEX_DAILY_TRADE_HIS,6488,53,55,1591,72,1,0,-1655491,2143211,30000,-1005298,-425019,243860,,1838,1907,70,1866
2026-08-28,GOOD,0,6,-209972,-309786,-49991,-309614,-259879,214,235,254,216,7,0,50054,1205222,125000,1715221,277493,627638,,1677,1727,1407,1722,0,253,274,290,295,7,0,-159918,UNKNOWN,2026-08-28T08:30:26.820315+00:00,895436,75009,1405607,127889,367759,,1638,1688,1371,1643,False,OTC,生華科,UNKNOWN,ordinary_stock,TWSE_T86+TPEX_DAILY_TRADE_HIS,6492,669,594,585,663,0,0,0,0,0,0,0,0,,739,632,676,701
2026-08-28,GOOD,2,0,-7022,-2300,1,-3705,-4661,723,578,731,928,3,0,-34758,48758,4003,75032,51003,7000,,1168,1384,930,1006,0,744,576,724,1006,3,0,-41780,UNKNOWN,2026-08-28T08:30:26.820315+00:00,46458,4004,71327,49455,2339,,1147,1386,937,932,False,OTC,九齊,UNKNOWN,ordinary_stock,TWSE_T86+TPEX_DAILY_TRADE_HIS,6494,670,595,586,664,0,0,0,0,0,0,0,0,,740,633,677,702
2026-08-28,GOOD,0,1,59,-65,-489,-3010,-3,1076,1363,906,916,0,1,18162,-2080,-34000,1920,45041,8041,,815,599,755,1022,0,1076,1347,895,907,0,1,18221,UNKNOWN,2026-08-28T08:30:26.820315+00:00,-2145,-34489,-1090,45041,8038,,815,615,766,1031,False,OTC,久禾光,UNKNOWN,ordinary_stock,TWSE_T86+TPEX_DAILY_TRADE_HIS,6498,671,596,587,665,0,0,0,0,0,0,0,0,,741,634,678,703
2026-08-28,GOOD,1,0,614,1166,505,740,890,1559,195,1186,711,1,0,483525,-418391,201060,-250984,18060,32567,,332,1767,475,1227,0,1557,192,1181,708,1,0,484139,UNKNOWN,2026-08-28T08:30:26.820315+00:00,-417225,201565,-250244,18950,33457,,334,1770,480,1230,False,OTC,益安,UNKNOWN,ordinary_stock,TWSE_T86+TPEX_DAILY_TRADE_HIS,6499,672,597,588,666,0,0,0,0,0,0,0,0,,742,635,679,704
2026-08-28,GOOD,0,0,24,-24,0,-30492,0,1305,872,1030,1265,0,1,32000,-56000,-1000,-59000,7000,-12000,,587,1055,632,672,0,1310,861,1055,1251,0,1,32024,UNKNOWN,2026-08-28T08:30:26.820315+00:00,-56024,-1000,-89492,7000,-12000,,581,1067,606,685,False,OTC,雙邦,UNKNOWN,ordinary_stock,TWSE_T86+TPEX_DAILY_TRADE_HIS,6506,673,598,589,667,0,0,0,0,0,0,0,0,,743,636,680,705
2026-08-28,GOOD,0,1,-373,-399,-292,-3181,-386,979,688,1022,937,4,0,6990,5030,1000,-55960,6000,6010,,912,1250,639,1001,0,998,730,1010,944,4,0,6617,UNKNOWN,2026-08-28T08:30:26.820315+00:00,4631,708,-59141,6063,5624,,893,1232,651,994,False,OTC,惠光,UNKNOWN,ordinary_stock,TWSE_T86+TPEX_DAILY_TRADE_HIS,6508,674,599,590,668,0,0,0,0,0,0,0,0,,744,637,681,706
2026-08-28,GOOD,0,20,21052,-76874,-944,-246211,-27911,1650,1515,353,1721,0,1,-284849,-833281,-76188,903230,47935,-559065,,241,447,1308,217,0,1673,1498,406,1723,0,1,-263797,UNKNOWN,2026-08-28T08:30:26.820315+00:00,-910155,-77132,647019,45286,-586976,,218,464,1255,215,False,OTC,聚和,UNKNOWN,ordinary_stock,TWSE_T86+TPEX_DAILY_TRADE_HIS,6509,675,600,1419,669,0,0,0,0,0,-10000,0,0,,745,638,240,707
2026-08-28,GOOD,3,0,108225,-41867,5897,26414,33179,1520,513,1375,784,1,0,346190,-306836,8142,-901496,17545,19677,,371,1449,286,1154,0,1590,1538,1300,1468,0,1,333459,UNKNOWN,2026-08-28T08:30:26.820315+00:00,-515947,-96961,-556999,-94207,-91244,,301,424,361,470,False,OTC,精測,UNKNOWN,ordinary_stock,TWSE_T86+TPEX_DAILY_TRADE_HIS,6510,1785,1917,134,1863,0,1,-120956,-167244,-111000,318083,-140100,-144100,,106,44,1527,75
2026-08-28,GOOD,0,1,-919,-401,-197,-447,-660,1170,1074,1130,1380,0,7,-67000,-15000,-5000,-152000,-32000,-41000,,720,881,531,557,0,1174,1077,1115,1364,0,7,-67919,UNKNOWN,2026-08-28T08:30:26.820315+00:00,-15401,-5197,-152447,-31951,-41660,,717,885,546,574,False,OTC,勤崴國際,UNKNOWN,ordinary_stock,TWSE_T86+TPEX_DAILY_TRADE_HIS,6516,676,601,591,670,0,0,0,0,0,0,0,0,,746,639,682,708
2026-08-28,GOOD,0,1,-6159,5905,-202,8857,-127,209,236,270,167,4,0,880289,1235265,119366,1578188,1052422,1057777,,1682,1726,1391,1771,0,214,240,272,180,4,0,874130,UNKNOWN,2026-08-28T08:30:26.820315+00:00,1241170,119164,1587045,1053723,1057650,,1677,1722,1389,1758,False,OTC,保勝光學,UNKNOWN,ordinary_stock,TWSE_T86+TPEX_DAILY_TRADE_HIS,6517,677,602,592,671,0,0,0,0,0,0,0,0,,747,640,683,709
2026-08-28,GOOD,1,0,1360,-732,325,27,314,791,634,747,1040,3,0,-31000,33000,2000,66000,4000,1000,,1098,1310,913,883,0,796,618,734,1036,3,0,-29640,UNKNOWN,2026-08-28T08:30:26.820315+00:00,32268,2325,66027,4314,1314,,1095,1344,927,902,False,OTC,達爾膚,UNKNOWN,ordinary_stock,TWSE_T86+TPEX_DAILY_TRADE_HIS,6523,678,603,593,672,0,0,0,0,0,0,0,0,,748,641,684,710
2026-08-27,STALE,1,0,71,71,71,,71,895,962,,1140,0,2,-19000,15000,-2000,,-1000,-2000,,994,992,,793,1,900,930,,1115,0,2,-18929,UNKNOWN,2026-08-28T08:30:26.820315+00:00,15071,-1929,,-929,-1929,,991,1032,,823,True,OTC,明達醫,UNKNOWN,ordinary_stock,TWSE_T86+TPEX_DAILY_TRADE_HIS,6527,679,604,,673,0,0,0,0,0,,0,0,,749,642,,711
2026-08-28,GOOD,3,0,-20,1764,859,11753,872,788,1567,1269,522,0,1,167641,34177,-106054,-446578,-70885,100909,,1103,395,392,1416,0,790,1552,1262,515,0,1,167621,UNKNOWN,2026-08-28T08:30:26.820315+00:00,35941,-105195,-434825,-69542,101781,,1101,410,399,1423,False,OTC,創威,UNKNOWN,ordinary_stock,TWSE_T86+TPEX_DAILY_TRADE_HIS,6530,680,605,594,674,0,0,0,0,0,0,0,0,,750,643,685,712
2026-08-28,GOOD,0,0,39265,57147,0,64997,48206,1461,233,1227,323,3,0,777129,-190289,126986,-349211,336580,293420,,430,1729,434,1615,0,1409,235,1198,308,3,0,816394,UNKNOWN,2026-08-28T08:30:26.820315+00:00,-133142,126986,-284214,340353,341626,,482,1727,463,1630,False,OTC,瑞耘,UNKNOWN,ordinary_stock,TWSE_T86+TPEX_DAILY_TRADE_HIS,6532,681,606,595,675,0,0,0,0,0,0,0,0,,751,644,686,713
2026-08-28,GOOD,1,0,-618,382,42,155,-118,1515,1319,1169,1483,0,3,106667,-301323,-26612,-220656,-151740,-97328,,376,643,492,455,0,1615,1437,1362,1602,0,3,146049,UNKNOWN,2026-08-28T08:30:26.820315+00:00,-600941,-56570,-820501,-241599,-227446,,276,525,299,336,False,OTC,順藥,UNKNOWN,ordinary_stock,TWSE_T86+TPEX_DAILY_TRADE_HIS,6535,1807,1892,1569,1859,0,3,40000,-300000,-30000,-600000,-90000,-130000,,84,69,92,79
2026-08-28,GOOD,2,0,48211,78797,4236,-90074,63504,1702,1772,493,1764,0,3,-301389,-1217627,-414441,364646,-1026376,-759508,,189,190,1168,174,0,1701,1763,539,1754,0,3,-253178,UNKNOWN,2026-08-28T08:30:26.820315+00:00,-1138830,-410205,274572,-1004303,-696004,,190,199,1122,184,False,OTC,倉和,UNKNOWN,ordinary_stock,TWSE_T86+TPEX_DAILY_TRADE_HIS,6538,682,607,596,676,0,0,0,0,0,0,0,0,,752,645,687,714
2026-08-27,STALE,0,0,0,0,0,,0,951,505,,963,1,0,1725,8275,9000,,7000,5000,,940,1457,,969,1,961,508,,948,1,0,1725,UNKNOWN,2026-08-28T08:30:26.820315+00:00,8275,9000,,7000,5000,,930,1453,,979,True,OTC,隆中,UNKNOWN,ordinary_stock,TWSE_T86+TPEX_DAILY_TRADE_HIS,6542,683,608,,677,0,0,0,0,0,,0,0,,753,646,,715
2026-08-28,GOOD,0,2,6201,-3513,-322,-68002,1344,1409,1249,1272,1329,0,1,86361,-134341,-19000,-447306,62010,-23990,,482,711,389,609,0,1418,1238,1285,1307,0,1,92562,UNKNOWN,2026-08-28T08:30:26.820315+00:00,-137854,-19322,-515308,61803,-22646,,473,724,376,631,False,OTC,正基,UNKNOWN,ordinary_stock,TWSE_T86+TPEX_DAILY_TRADE_HIS,6546,684,609,597,678,0,0,0,0,0,0,0,0,,754,647,688,716
2026-08-28,GOOD,0,19,-179650,-2771466,-225194,-3884873,-1475558,46,64,62,41,7,0,7107214,10884718,1434105,14497610,7793253,8995966,,1845,1898,1599,1897,0,62,75,81,50,4,0,6927564,UNKNOWN,2026-08-28T08:30:26.820315+00:00,8113252,1208911,10612737,7035382,7520408,,1829,1887,1580,1888,False,OTC,高端疫苗,UNKNOWN,ordinary_stock,TWSE_T86+TPEX_DAILY_TRADE_HIS,6547,685,610,598,679,0,0,0,0,0,0,0,0,,755,648,689,717
2026-08-28,GOOD,0,2,125692,-26134,-18490,-32031,49779,350,1747,200,234,0,1,594214,426788,-340847,2607803,376241,510501,,1541,215,1461,1704,0,318,1744,162,236,0,1,559406,UNKNOWN,2026-08-28T08:30:26.820315+00:00,561154,-359337,4283272,436199,560280,,1573,218,1499,1702,False,OTC,長科*,UNKNOWN,ordinary_stock,TWSE_T86+TPEX_DAILY_TRADE_HIS,6548,129,611,82,680,0,0,-160500,160500,0,1707500,0,0,,1762,649,1579,718
2026-08-28,GOOD,0,0,-1000,1000,0,,0,1016,873,,1110,0,1,-4000,2000,-1000,,-1000,-1000,,874,1056,,821,0,1010,862,,1092,0,1,-5000,UNKNOWN,2026-08-28T08:30:26.820315+00:00,3000,-1000,,-1000,-1000,,876,1068,,838,False,OTC,勝品,UNKNOWN,ordinary_stock,TWSE_T86+TPEX_DAILY_TRADE_HIS,6556,686,612,,681,0,0,0,0,0,,0,0,,756,650,,719
2026-08-28,GOOD,0,0,8896,-8896,0,,0,1238,768,,1141,0,0,26000,-30000,0,,3000,-2000,,651,1153,,794,0,1275,765,,1122,0,0,34896,UNKNOWN,2026-08-28T08:30:26.820315+00:00,-38896,0,,3000,-2000,,616,1168,,816,False,OTC,欣普羅,UNKNOWN,ordinary_stock,TWSE_T86+TPEX_DAILY_TRADE_HIS,6560,687,613,,682,0,0,0,0,0,,0,0,,757,651,,720
2026-08-28,GOOD,0,1,3403,-647,-23,-14277,1378,696,577,983,712,8,0,8061,55999,4030,-36572,29030,32030,,1195,1385,678,1226,0,699,575,979,699,8,0,13464,UNKNOWN,2026-08-28T08:30:26.820315+00:00,57352,4007,-46784,31890,35408,,1192,1387,682,1239,False,OTC,是方,UNKNOWN,ordinary_stock,TWSE_T86+TPEX_DAILY_TRADE_HIS,6561,188,614,215,143,0,0,2000,2000,0,4065,2000,2000,,1696,652,1446,1780
2026-08-28,GOOD,0,1,15308,-6416,-222,-25510,4446,1152,1170,629,1333,0,2,-39002,-12082,-10012,159720,-22567,-25542,,739,792,1032,605,0,1199,1152,651,1306,0,2,-23694,UNKNOWN,2026-08-28T08:30:26.820315+00:00,-18498,-10234,134210,-17092,-21096,,692,810,1010,632,False,OTC,宏觀,UNKNOWN,ordinary_stock,TWSE_T86+TPEX_DAILY_TRADE_HIS,6568,688,615,599,683,0,0,0,0,0,0,0,0,,758,653,690,721
2026-08-28,GOOD,0,11,-1757,-43197,-236,-43546,-22477,644,991,889,1268,0,1,-105731,80369,-2690,7580,19319,-12681,,1247,971,772,670,0,783,980,959,1350,0,1,-107488,UNKNOWN,2026-08-28T08:30:26.820315+00:00,37172,-2926,-35966,3192,-35158,,1108,982,702,588,False,OTC,醫揚,UNKNOWN,ordinary_stock,TWSE_T86+TPEX_DAILY_TRADE_HIS,6569,689,616,600,684,0,0,0,0,0,0,0,0,,759,654,691,722
2026-08-28,GOOD,0,2,18733,-27375,-410,-7802,-4321,1408,1358,740,1408,0,2,25595,-133201,-33000,69023,-38803,-53803,,483,604,921,530,0,1435,1343,745,1414,0,2,44328,UNKNOWN,2026-08-28T08:30:26.820315+00:00,-160576,-33410,61221,-43147,-58124,,456,619,916,524,False,OTC,維田,UNKNOWN,ordinary_stock,TWSE_T86+TPEX_DAILY_TRADE_HIS,6570,690,617,601,685,0,0,0,0,0,0,0,0,,760,655,692,723
2026-08-28,GOOD,1,0,-212,-1622,2691,-60,-917,1307,1157,843,1096,0,2,56619,-57061,-9906,22865,-7906,-221,,584,805,818,842,0,1314,1112,823,1110,0,2,56407,UNKNOWN,2026-08-28T08:30:26.820315+00:00,-58683,-7215,22805,-5415,-1138,,577,850,838,828,False,OTC,霈方,UNKNOWN,ordinary_stock,TWSE_T86+TPEX_DAILY_TRADE_HIS,6574,691,618,602,686,0,0,0,0,0,0,0,0,,761,656,693,724
2026-08-28,GOOD,3,0,287,287,238,311,287,766,448,1064,748,3,0,13069,39061,15000,-84859,33065,26065,,1125,1514,597,1190,0,775,450,1049,745,3,0,13356,UNKNOWN,2026-08-28T08:30:26.820315+00:00,39348,15238,-84548,33352,26352,,1116,1512,612,1193,False,OTC,逸達,UNKNOWN,ordinary_stock,TWSE_T86+TPEX_DAILY_TRADE_HIS,6576,692,619,603,687,0,0,0,0,0,0,0,0,,762,657,694,725
2026-08-28,GOOD,0,0,-2754,-5412,0,-5235,-4083,1269,666,1077,649,3,0,136938,-38862,1013,-92784,37038,49038,,622,1296,584,1289,0,1285,665,1065,670,3,0,134184,UNKNOWN,2026-08-28T08:30:26.820315+00:00,-44274,1013,-98660,36038,44955,,606,1297,596,1268,False,OTC,勁豐,UNKNOWN,ordinary_stock,TWSE_T86+TPEX_DAILY_TRADE_HIS,6577,693,620,1338,688,0,0,0,0,0,-641,0,0,,763,658,323,726
2026-08-28,GOOD,0,0,48,-46,0,412,1,1171,1153,856,1253,0,3,-5000,-15000,-9000,17000,-18000,-10000,,721,811,804,687,0,1171,1135,842,1231,0,3,-4952,UNKNOWN,2026-08-28T08:30:26.820315+00:00,-15046,-9000,17412,-18000,-9999,,720,828,819,707,False,OTC,達邦蛋白,UNKNOWN,ordinary_stock,TWSE_T86+TPEX_DAILY_TRADE_HIS,6578,694,621,604,689,0,0,0,0,0,0,0,0,,764,659,695,727
2026-08-28,GOOD,2,0,82684,52594,46466,86466,67639,1406,1718,1418,793,0,1,168489,-131765,-266940,-1221340,14141,18362,,485,244,243,1145,0,1159,1677,1421,546,0,1,185173,UNKNOWN,2026-08-28T08:30:26.820315+00:00,-13171,-221474,-1227374,71161,86001,,732,285,240,1392,False,OTC,南俊國際,UNKNOWN,ordinary_stock,TWSE_T86+TPEX_DAILY_TRADE_HIS,6584,137,1832,1507,690,0,1,-66000,66000,-1000,-92500,-1000,0,,1754,113,154,728
2026-08-28,GOOD,3,0,-1226,-830,2,12354,-1028,1511,246,1359,1499,1,0,78123,-290493,107542,-787125,-439338,-106185,,380,1716,302,439,0,1511,248,1354,1495,1,0,76897,UNKNOWN,2026-08-28T08:30:26.820315+00:00,-291323,107544,-774771,-437991,-107213,,380,1714,307,443,False,OTC,東典光電,UNKNOWN,ordinary_stock,TWSE_T86+TPEX_DAILY_TRADE_HIS,6588,695,622,605,691,0,0,0,0,0,0,0,0,,765,660,696,729
2026-08-28,GOOD,0,0,0,0,0,,0,742,495,,756,3,0,4999,44999,10000,,17000,24999,,1149,1469,,1182,0,747,500,,755,3,0,4999,UNKNOWN,2026-08-28T08:30:26.820315+00:00,44999,10000,,17000,24999,,1143,1462,,1183,False,OTC,台灣銘板,UNKNOWN,ordinary_stock,TWSE_T86+TPEX_DAILY_TRADE_HIS,6593,696,623,,692,0,0,0,0,0,,0,0,,766,661,,730
2026-08-28,GOOD,0,0,1140,1956,0,7637,1548,418,1145,498,596,0,1,-168997,297733,-8750,351887,-1728,64368,,1473,817,1163,1342,0,419,1130,496,601,0,1,-167857,UNKNOWN,2026-08-28T08:30:26.820315+00:00,299689,-8750,359524,-1333,65916,,1472,832,1165,1337,False,OTC,寬宏藝術,UNKNOWN,ordinary_stock,TWSE_T86+TPEX_DAILY_TRADE_HIS,6596,697,624,606,693,0,0,0,0,0,0,0,0,,767,662,697,731
2026-08-28,GOOD,1,0,-331036,-41816,41190,63835,-186426,1244,1672,287,1625,0,1,-492925,-31105,-194999,1429476,-308298,-262015,,647,290,1374,313,0,1337,1619,278,1688,0,1,-823961,UNKNOWN,2026-08-28T08:30:26.820315+00:00,-72921,-153809,1493311,-287158,-448441,,554,343,1383,250,False,OTC,富強鑫,UNKNOWN,ordinary_stock,TWSE_T86+TPEX_DAILY_TRADE_HIS,6603,698,625,607,694,0,0,0,0,0,0,0,0,,768,663,698,732
2026-08-28,GOOD,0,1,-208,-208,-383,821,-208,456,1039,409,481,0,1,-818,245362,-3960,624868,68122,122272,,1435,923,1252,1457,0,454,1048,410,484,0,1,-1026,UNKNOWN,2026-08-28T08:30:26.820315+00:00,245154,-4343,625689,67899,122064,,1437,914,1251,1454,False,OTC,瀧澤科,UNKNOWN,ordinary_stock,TWSE_T86+TPEX_DAILY_TRADE_HIS,6609,699,626,608,695,0,0,0,0,0,0,0,0,,769,664,699,733
2026-08-28,GOOD,3,0,16668,11818,13982,12493,14243,1599,554,1484,1650,1,0,-76458,-557252,5055,-2131227,-230860,-316855,,292,1408,177,288,0,1601,427,1491,1633,1,0,-59790,UNKNOWN,2026-08-28T08:30:26.820315+00:00,-545434,19037,-2210032,-201895,-302612,,290,1535,170,305,False,OTC,朋億*,UNKNOWN,ordinary_stock,TWSE_T86+TPEX_DAILY_TRADE_HIS,6613,700,627,1506,696,0,0,0,0,0,-91298,0,0,,770,665,155,734
2026-08-28,GOOD,0,0,0,0,0,,0,1017,588,,1041,1,0,0,2000,4000,,4000,1000,,875,1376,,884,0,1024,583,,1040,1,0,0,UNKNOWN,2026-08-28T08:30:26.820315+00:00,2000,4000,,4000,1000,,866,1378,,889,False,OTC,慧智,UNKNOWN,ordinary_stock,TWSE_T86+TPEX_DAILY_TRADE_HIS,6615,701,628,,697,0,0,0,0,0,,0,0,,771,666,,735
2026-08-28,GOOD,1,0,199,-23,395,314,88,575,1720,1086,350,0,1,385225,121365,-270613,-102166,146910,253295,,1316,242,575,1588,0,588,1708,1070,357,0,1,385424,UNKNOWN,2026-08-28T08:30:26.820315+00:00,121342,-270218,-101852,147682,253383,,1303,254,591,1581,False,OTC,共信-KY,UNKNOWN,ordinary_stock,TWSE_T86+TPEX_DAILY_TRADE_HIS,6617,702,629,609,698,0,0,0,0,0,0,0,0,,772,667,700,736
2026-08-28,GOOD,3,0,114368,43126,73703,-425559,78747,1054,325,1309,807,3,0,34671,-363,47000,-557394,82215,17154,,837,1638,352,1131,0,761,238,1379,526,3,0,149039,UNKNOWN,2026-08-28T08:30:26.820315+00:00,42763,120703,-982953,185126,95901,,1130,1724,282,1412,False,OTC,漢達,UNKNOWN,ordinary_stock,TWSE_T86+TPEX_DAILY_TRADE_HIS,6620,703,630,610,699,0,0,0,0,0,0,0,0,,773,668,701,737
2026-08-28,GOOD,1,0,537,-393,110,,72,1267,769,,1325,0,0,-8000,-38000,0,,-15000,-23000,,623,1154,,611,0,1273,747,,1308,1,0,-7463,UNKNOWN,2026-08-28T08:30:26.820315+00:00,-38393,110,,-14917,-22928,,618,1215,,630,False,OTC,泰金-KY,UNKNOWN,ordinary_stock,TWSE_T86+TPEX_DAILY_TRADE_HIS,6629,704,631,,700,0,0,0,0,0,,0,0,,774,669,,738
2026-08-28,GOOD,0,1,-1145,-59,-786,-741,-602,1258,1175,988,1492,0,4,-165100,-34900,-11000,-38900,-94000,-100000,,633,784,673,447,0,1265,1163,969,1480,0,4,-166245,UNKNOWN,2026-08-28T08:30:26.820315+00:00,-34959,-11786,-39641,-94114,-100602,,626,799,692,458,False,OTC,醫影,UNKNOWN,ordinary_stock,TWSE_T86+TPEX_DAILY_TRADE_HIS,6637,705,632,611,701,0,0,0,0,0,0,0,0,,775,670,702,739
2026-08-28,GOOD,0,1,-16125,-6327,-5225,67728,-11226,1547,1368,1279,1543,0,2,83831,-378319,-35485,-473496,5768,-147244,,344,594,382,395,0,1541,1327,1240,1528,0,1,90706,UNKNOWN,2026-08-28T08:30:26.820315+00:00,-355646,-30710,-368768,41252,-132470,,350,635,421,410,False,OTC,均華,UNKNOWN,ordinary_stock,TWSE_T86+TPEX_DAILY_TRADE_HIS,6640,152,63,183,104,2,0,23000,29000,10000,37000,19000,26000,,1739,1899,1477,1834
2026-08-28,GOOD,3,0,24648,-11334,56,49823,6657,518,553,352,476,3,0,81800,168872,5070,903733,211042,125336,,1373,1409,1309,1462,0,530,551,347,467,3,0,106448,UNKNOWN,2026-08-28T08:30:26.820315+00:00,157538,5126,953556,223699,131993,,1361,1411,1314,1471,False,OTC,富致,UNKNOWN,ordinary_stock,TWSE_T86+TPEX_DAILY_TRADE_HIS,6642,706,633,612,702,0,0,0,0,0,0,0,0,,776,671,703,740
2026-08-28,GOOD,0,1,58298,-14644,-14963,44950,21827,1173,1064,1074,483,0,1,254118,-15744,-4734,-90104,121612,119187,,718,898,587,1455,0,1057,1241,1023,457,0,1,282416,UNKNOWN,2026-08-28T08:30:26.820315+00:00,-388,-19697,-66154,142548,141014,,834,721,638,1481,False,OTC,M31,UNKNOWN,ordinary_stock,TWSE_T86+TPEX_DAILY_TRADE_HIS,6643,151,634,1457,703,0,0,-30000,30000,0,-21000,0,0,,1740,672,204,741
2026-08-28,GOOD,0,0,63,-67,0,246,-2,1247,1096,1039,1311,0,4,-6000,-32000,-6000,-64000,-14000,-19000,,643,854,621,628,0,1251,1087,1019,1294,0,8,-5937,UNKNOWN,2026-08-28T08:30:26.820315+00:00,-32067,-6000,-63754,-14001,-19002,,640,869,642,644,False,OTC,台生材,UNKNOWN,ordinary_stock,TWSE_T86+TPEX_DAILY_TRADE_HIS,6649,707,635,613,704,0,0,0,0,0,0,0,0,,777,673,704,742
2026-08-28,GOOD,0,1,12130,-7044,-3209,41444,2543,492,289,580,441,1,0,105818,196500,68970,209311,158051,151159,,1399,1673,1081,1497,0,501,294,556,444,1,0,117948,UNKNOWN,2026-08-28T08:30:26.820315+00:00,189456,65761,250755,174287,153702,,1390,1668,1105,1494,False,OTC,全宇昕,UNKNOWN,ordinary_stock,TWSE_T86+TPEX_DAILY_TRADE_HIS,6651,708,636,614,705,0,0,0,0,0,0,0,0,,778,674,705,743
2026-08-28,GOOD,0,3,-3009,-2297,-1005,-2457,-2653,969,635,887,872,3,0,16000,6000,2000,8000,5000,11000,,917,1311,774,1059,0,1004,720,876,906,5,0,12991,UNKNOWN,2026-08-28T08:30:26.820315+00:00,3703,995,5543,2413,8347,,887,1242,785,1032,False,OTC,天正國際,UNKNOWN,ordinary_stock,TWSE_T86+TPEX_DAILY_TRADE_HIS,6654,709,637,615,706,0,0,0,0,0,0,0,0,,779,675,706,744
2026-08-28,GOOD,3,0,33378,-1772,808,13824,15803,1441,278,801,1639,3,0,-414806,-170694,74050,35868,128210,-292750,,450,1685,860,299,0,1445,276,766,1625,3,0,-381428,UNKNOWN,2026-08-28T08:30:26.820315+00:00,-172466,74858,49382,147738,-276947,,446,1686,895,313,False,OTC,群翊,UNKNOWN,ordinary_stock,TWSE_T86+TPEX_DAILY_TRADE_HIS,6664,710,638,1333,707,0,0,0,0,0,-310,0,0,,780,676,328,745
2026-08-28,GOOD,0,1,1748,-1406,-568,-5909,171,923,1258,1125,733,0,1,44211,11789,-20000,-149342,22000,28000,,968,704,536,1202,0,938,1245,1117,736,0,1,45959,UNKNOWN,2026-08-28T08:30:26.820315+00:00,10383,-20568,-155251,22041,28171,,953,717,544,1202,False,OTC,信紘科,UNKNOWN,ordinary_stock,TWSE_T86+TPEX_DAILY_TRADE_HIS,6667,711,639,616,708,0,0,0,0,0,0,0,0,,781,677,707,746
2026-08-28,GOOD,1,0,6331,-12919,243,-9308,-3294,611,1530,1318,1353,0,1,-161717,98461,-84997,-575215,-26698,-31628,,1280,432,343,585,0,648,1512,1324,1347,0,1,-155386,UNKNOWN,2026-08-28T08:30:26.820315+00:00,85542,-84754,-629523,-29399,-34922,,1243,450,337,591,False,OTC,鈺太,UNKNOWN,ordinary_stock,TWSE_T86+TPEX_DAILY_TRADE_HIS,6679,712,640,1478,709,0,0,0,0,0,-45000,0,0,,782,678,183,747
2026-08-28,GOOD,0,2,-43219,8607,-4287,-94500,-17306,616,1629,1348,1622,0,2,-598092,96542,-149800,-723093,-280145,-250775,,1275,333,313,316,0,1573,1750,1434,1718,0,2,-675211,UNKNOWN,2026-08-28T08:30:26.820315+00:00,-472951,-372087,-1429993,-549219,-574081,,318,212,227,220,False,OTC,雍智科技,UNKNOWN,ordinary_stock,TWSE_T86+TPEX_DAILY_TRADE_HIS,6683,1824,1928,1571,1879,0,1,-33900,-578100,-218000,-612400,-258000,-306000,,67,34,90,60
2026-08-28,GOOD,0,1,615,-1085,-950,-11085,-235,649,360,449,754,1,0,-27000,77000,34000,465494,6000,25000,,1241,1604,1212,1184,0,665,364,458,757,1,0,-26385,UNKNOWN,2026-08-28T08:30:26.820315+00:00,75915,33050,454409,5739,24765,,1226,1598,1203,1181,False,OTC,安格,UNKNOWN,ordinary_stock,TWSE_T86+TPEX_DAILY_TRADE_HIS,6684,713,641,617,710,0,0,0,0,0,0,0,0,,783,679,708,748
2026-08-28,GOOD,1,0,100,544,882,1066,322,680,449,695,604,2,0,61118,63298,15000,103177,19990,62208,,1211,1515,966,1334,0,687,448,682,606,2,0,61218,UNKNOWN,2026-08-28T08:30:26.820315+00:00,63842,15882,104243,20872,62530,,1204,1514,979,1332,False,OTC,安碁資訊,UNKNOWN,ordinary_stock,TWSE_T86+TPEX_DAILY_TRADE_HIS,6690,714,642,618,711,0,0,0,0,0,0,0,0,,784,680,709,749
2026-08-28,GOOD,1,0,84725,10373,37072,174977,47549,782,227,1489,623,1,0,76954,35536,131228,-2244526,79171,56245,,1109,1735,172,1315,0,611,208,1465,512,1,0,102679,UNKNOWN,2026-08-28T08:30:26.820315+00:00,104909,168300,-1827549,143682,103794,,1280,1754,196,1426,False,OTC,廣閎科,UNKNOWN,ordinary_stock,TWSE_T86+TPEX_DAILY_TRADE_HIS,6693,141,643,142,712,0,0,-59000,59000,0,242000,0,0,,1750,681,1519,750
2026-08-28,GOOD,0,1,-19,-47,-33,,-33,906,432,,797,1,0,22000,14000,18000,,12000,18000,,984,1530,,1136,0,911,435,,802,1,0,21981,UNKNOWN,2026-08-28T08:30:26.820315+00:00,13953,17967,,11967,17967,,980,1527,,1136,False,OTC,東捷資訊,UNKNOWN,ordinary_stock,TWSE_T86+TPEX_DAILY_TRADE_HIS,6697,715,644,,713,0,0,0,0,0,,0,0,,785,682,,751
2026-08-28,GOOD,1,0,-1521,-117,377,-659,-819,867,663,1096,1190,1,0,-27498,18020,1160,-112627,160,-4739,,1024,1299,565,748,0,881,655,1080,1179,1,0,-29019,UNKNOWN,2026-08-28T08:30:26.820315+00:00,17903,1537,-114486,-633,-5558,,1010,1307,581,759,False,OTC,軒郁,UNKNOWN,ordinary_stock,TWSE_T86+TPEX_DAILY_TRADE_HIS,6703,716,645,1358,714,0,0,0,0,0,-1200,0,0,,786,683,303,752
2026-08-28,GOOD,0,1,5763,8679,-2816,12782,7221,1354,367,1116,1580,3,0,-307877,-88693,32516,-133131,177725,-198285,,537,1595,545,358,0,1345,376,1087,1571,3,0,-302114,UNKNOWN,2026-08-28T08:30:26.820315+00:00,-80014,29700,-120349,180604,-191064,,546,1586,574,367,False,OTC,長聖,UNKNOWN,ordinary_stock,TWSE_T86+TPEX_DAILY_TRADE_HIS,6712,717,646,619,715,0,0,0,0,0,0,0,0,,787,684,710,753
2026-08-28,GOOD,1,0,1787,-2213,1441,2594,-213,327,424,275,480,1,0,-252447,497647,19037,1530410,-103533,122600,,1564,1538,1386,1458,0,333,420,276,482,1,0,-250660,UNKNOWN,2026-08-28T08:30:26.820315+00:00,495434,20478,1533004,-103492,122387,,1558,1542,1385,1456,False,OTC,應廣,UNKNOWN,ordinary_stock,TWSE_T86+TPEX_DAILY_TRADE_HIS,6716,718,647,620,716,0,0,0,0,0,0,0,0,,788,685,711,754
2026-08-28,GOOD,1,0,4353,3709,132,5216,4031,833,1008,691,1111,0,1,-26000,24000,-3000,105050,1000,-1000,,1055,947,970,822,0,818,979,677,987,0,1,-21647,UNKNOWN,2026-08-28T08:30:26.820315+00:00,27709,-2868,110266,2132,3031,,1073,983,984,951,False,OTC,久昌,UNKNOWN,ordinary_stock,TWSE_T86+TPEX_DAILY_TRADE_HIS,6720,719,648,621,717,0,0,0,0,0,0,0,0,,789,686,712,755
2026-08-28,GOOD,0,1,-807,-119,-1552,-5637,-463,1333,1326,1091,1405,0,2,-33182,-70704,-27933,-108884,-46933,-51943,,558,636,570,533,0,1336,1320,1081,1392,0,2,-33989,UNKNOWN,2026-08-28T08:30:26.820315+00:00,-70823,-29485,-114521,-46862,-52406,,555,642,580,546,False,OTC,矽科宏晟,UNKNOWN,ordinary_stock,TWSE_T86+TPEX_DAILY_TRADE_HIS,6725,720,649,622,718,0,0,0,0,0,0,0,0,,790,687,713,756
2026-08-28,GOOD,1,0,-119739,163603,23994,196823,21932,1676,1448,1404,541,0,1,1199548,-1024940,-53987,-1114933,-88639,87304,,215,514,257,1397,0,1663,1323,1374,504,0,1,1079809,UNKNOWN,2026-08-28T08:30:26.820315+00:00,-861337,-29993,-918110,-65083,109236,,228,639,287,1434,False,OTC,亞泰金屬,UNKNOWN,ordinary_stock,TWSE_T86+TPEX_DAILY_TRADE_HIS,6727,721,650,623,719,0,0,0,0,0,0,0,0,,791,688,714,757
2026-08-28,GOOD,0,0,0,0,0,0,0,997,770,859,1161,0,0,-9360,3360,0,16420,0,-3000,,894,1155,802,775,0,1007,766,843,1139,0,0,-9360,UNKNOWN,2026-08-28T08:30:26.820315+00:00,3360,0,16420,0,-3000,,884,1169,818,802,False,OTC,上洋,UNKNOWN,ordinary_stock,TWSE_T86+TPEX_DAILY_TRADE_HIS,6728,722,651,624,720,0,0,0,0,0,0,0,0,,792,689,715,758
2026-08-25,STALE,0,1,-2000,0,-2000,,-1000,1161,771,,1179,0,0,6000,-14000,0,,0,-4000,,724,1156,,756,3,1163,946,,1168,0,2,4000,UNKNOWN,2026-08-28T08:30:26.820315+00:00,-14000,-2000,,-2000,-5000,,725,1006,,766,True,OTC,常廣,UNKNOWN,ordinary_stock,TWSE_T86+TPEX_DAILY_TRADE_HIS,6730,723,652,,721,0,0,0,0,0,,0,0,,793,690,,759
2026-08-28,GOOD,1,0,3146,-4336,591,-6527,-595,1335,475,775,1172,3,0,66200,-73040,11051,50296,37367,-3420,,556,1487,886,766,0,1342,478,778,1157,3,0,69346,UNKNOWN,2026-08-28T08:30:26.820315+00:00,-77376,11642,43769,39167,-4015,,549,1484,883,781,False,OTC,昇佳電子,UNKNOWN,ordinary_stock,TWSE_T86+TPEX_DAILY_TRADE_HIS,6732,724,653,625,722,0,0,0,0,0,0,0,0,,794,691,716,760
2026-08-28,GOOD,1,0,730,132,50,95,431,688,304,1191,662,1,0,32000,60000,59000,-254226,90000,46000,,1202,1658,470,1274,0,693,305,1183,664,1,0,32730,UNKNOWN,2026-08-28T08:30:26.820315+00:00,60132,59050,-254131,90091,46431,,1198,1657,478,1274,False,OTC,博晟生醫,UNKNOWN,ordinary_stock,TWSE_T86+TPEX_DAILY_TRADE_HIS,6733,725,654,626,723,0,0,0,0,0,0,0,0,,795,692,717,761
2026-08-28,GOOD,0,2,-2824,-2666,-2002,-3535,-2745,612,1097,798,576,0,1,41677,98323,-6000,37323,69000,70000,,1279,855,863,1362,0,632,1127,800,599,0,1,38853,UNKNOWN,2026-08-28T08:30:26.820315+00:00,95657,-8002,33788,66716,67255,,1259,835,861,1339,False,OTC,美達科技,UNKNOWN,ordinary_stock,TWSE_T86+TPEX_DAILY_TRADE_HIS,6735,726,655,627,724,0,0,0,0,0,0,0,0,,796,693,718,762
2026-08-28,GOOD,0,1,30581,14833,-3995,23674,22707,1386,1605,1075,1475,0,1,-66613,-115281,-133952,-91494,-102952,-90947,,505,357,586,463,0,1378,1601,1050,1430,0,1,-34032,UNKNOWN,2026-08-28T08:30:26.820315+00:00,-102448,-137947,-84820,-77826,-68240,,513,361,611,508,False,OTC,竹陞科技,UNKNOWN,ordinary_stock,TWSE_T86+TPEX_DAILY_TRADE_HIS,6739,1645,656,1442,725,0,0,2000,-2000,0,-17000,0,0,,233,694,215,763
2026-08-28,GOOD,9,0,4900,6882,599,6713,5891,310,1113,330,340,0,1,-13213,556225,-6449,1057731,230742,271506,,1581,849,1331,1598,0,317,1082,333,344,0,1,-8313,UNKNOWN,2026-08-28T08:30:26.820315+00:00,563107,-5850,1064444,235172,277397,,1574,880,1328,1594,False,OTC,91APP*-KY,UNKNOWN,ordinary_stock,TWSE_T86+TPEX_DAILY_TRADE_HIS,6741,727,657,628,726,0,0,0,0,0,0,0,0,,797,695,719,764
2026-08-26,STALE,0,0,104,-236,0,,-66,1084,874,,1042,0,2,5000,-3000,-1000,,-2000,1000,,809,1057,,885,2,1088,863,,1051,0,3,5104,UNKNOWN,2026-08-28T08:30:26.820315+00:00,-3236,-1000,,-2065,934,,803,1069,,887,True,OTC,智聯服務,UNKNOWN,ordinary_stock,TWSE_T86+TPEX_DAILY_TRADE_HIS,6751,728,658,,727,0,0,0,0,0,,0,0,,798,696,,765
2026-08-28,GOOD,0,0,2247,-247,0,355,1000,795,689,770,921,10,0,-16000,32000,1000,53900,4000,8000,,1096,1251,891,1017,0,801,678,757,896,10,0,-13753,UNKNOWN,2026-08-28T08:30:26.820315+00:00,31753,1000,54255,4000,9000,,1090,1255,904,1040,False,OTC,叡揚,UNKNOWN,ordinary_stock,TWSE_T86+TPEX_DAILY_TRADE_HIS,6752,729,659,629,728,0,0,0,0,0,0,0,0,,799,697,720,766
2026-08-28,GOOD,1,0,-6922,14666,8748,75843,3872,503,372,1238,416,4,0,175585,185605,31729,-369883,152527,180595,,1388,1590,423,1522,0,491,337,1202,416,1,0,168663,UNKNOWN,2026-08-28T08:30:26.820315+00:00,200271,40477,-294040,172175,184467,,1400,1625,459,1522,False,OTC,穩得,UNKNOWN,ordinary_stock,TWSE_T86+TPEX_DAILY_TRADE_HIS,6761,730,660,630,729,0,0,0,0,0,0,0,0,,800,698,721,767
2026-08-25,STALE,0,0,,,0,,240,,940,,1131,0,3,,,-1829,,-3913,-1913,,,1022,,807,3,,927,,1112,0,3,,UNKNOWN,2026-08-28T08:30:26.820315+00:00,,-1829,,-3913,-1673,,,1035,,826,True,OTC,達亞,UNKNOWN,ordinary_stock,TWSE_T86+TPEX_DAILY_TRADE_HIS,6762,,661,,730,0,0,,,0,,0,0,,,699,,768
2026-08-28,GOOD,0,2,-1079,-1423,-412,-29453,-1251,682,1349,611,1305,0,1,-96931,62263,-32000,179671,18666,-17334,,1209,612,1050,633,0,675,1337,621,1216,0,1,-88010,UNKNOWN,2026-08-28T08:30:26.820315+00:00,70840,-32412,160218,27341,-8585,,1216,625,1040,722,False,OTC,綠界科技*,UNKNOWN,ordinary_stock,TWSE_T86+TPEX_DAILY_TRADE_HIS,6763,162,662,199,119,0,0,10000,10000,0,10000,10000,10000,,1726,700,1461,1816
2026-08-03,STALE,0,0,,,0,,,,636,,,1,0,,,2000,,,,,,1312,,,25,,628,,,1,0,,UNKNOWN,2026-08-28T08:30:26.820315+00:00,,2000,,,,,,1320,,,True,OTC,台微醫,UNKNOWN,ordinary_stock,TWSE_T86+TPEX_DAILY_TRADE_HIS,6767,,663,,,0,0,,,0,,,,,,701,,
2026-08-28,GOOD,0,5,-4473,-825,-332,-2760,-2649,693,1305,677,1332,0,2,-108090,58090,-25000,120030,-3000,-25000,,1198,654,984,606,0,701,1289,674,1320,0,2,-112563,UNKNOWN,2026-08-28T08:30:26.820315+00:00,57265,-25332,117270,-3575,-27649,,1190,673,987,618,False,OTC,昱展新藥,UNKNOWN,ordinary_stock,TWSE_T86+TPEX_DAILY_TRADE_HIS,6785,731,664,631,731,0,0,0,0,0,0,0,0,,801,702,722,769
2026-08-28,GOOD,0,1,9329,849,-8320,34131,5089,482,1268,453,477,0,1,39937,210615,-21777,455163,112170,125276,,1409,694,1208,1461,0,480,1325,446,473,0,1,48266,UNKNOWN,2026-08-28T08:30:26.820315+00:00,210464,-30097,480294,118462,129365,,1411,637,1215,1465,False,OTC,華景電,UNKNOWN,ordinary_stock,TWSE_T86+TPEX_DAILY_TRADE_HIS,6788,1622,665,1414,1722,0,0,-1000,-1000,0,-9000,0,-1000,,247,703,246,209
2026-08-28,GOOD,0,3,9,-235,-94,1475,-113,970,690,881,860,6,0,18000,6000,1000,9000,10000,12000,,918,1252,777,1076,0,990,726,866,866,6,0,18009,UNKNOWN,2026-08-28T08:30:26.820315+00:00,5765,906,10475,9887,11887,,901,1236,795,1072,False,OTC,虎門科技,UNKNOWN,ordinary_stock,TWSE_T86+TPEX_DAILY_TRADE_HIS,6791,732,666,632,732,0,0,0,0,0,0,0,0,,802,704,723,770
2026-08-28,GOOD,0,0,-3993,-3469,0,-9397,-3731,850,539,1131,1152,1,0,-26068,21792,6000,-154911,-1000,-2138,,1041,1417,530,786,0,874,543,1124,1183,1,0,-30061,UNKNOWN,2026-08-28T08:30:26.820315+00:00,18323,6000,-164308,-2021,-5869,,1017,1419,537,755,False,OTC,崑鼎,UNKNOWN,ordinary_stock,TWSE_T86+TPEX_DAILY_TRADE_HIS,6803,733,667,633,733,0,0,0,0,0,0,0,0,,803,705,724,771
2026-08-28,GOOD,0,0,0,0,0,-49000,0,1179,1138,882,755,0,1,66000,-16000,-8000,9000,26000,25000,,712,822,778,1185,0,1177,1122,971,753,0,1,66000,UNKNOWN,2026-08-28T08:30:26.820315+00:00,-16000,-8000,-40000,26000,25000,,713,839,690,1185,False,OTC,明係,UNKNOWN,ordinary_stock,TWSE_T86+TPEX_DAILY_TRADE_HIS,6804,734,668,634,734,0,0,0,0,0,0,0,0,,804,706,725,772
2026-08-28,GOOD,0,2,3412,-11234,-4607,-8259,-3911,1467,574,990,1060,1,0,201703,-199885,4965,-39427,-13187,909,,424,1388,671,878,0,1472,740,985,1140,1,0,205115,UNKNOWN,2026-08-28T08:30:26.820315+00:00,-211119,358,-47686,-17545,-3002,,419,1222,676,798,False,OTC,宏碁資訊,UNKNOWN,ordinary_stock,TWSE_T86+TPEX_DAILY_TRADE_HIS,6811,735,669,635,735,0,0,0,0,0,0,0,0,,805,707,726,773
2026-08-28,GOOD,1,0,-9137,-15661,25,-13523,-12399,514,1188,545,663,0,1,-79000,171000,-12000,267000,47000,46000,,1376,770,1116,1275,0,531,1168,554,707,0,2,-88137,UNKNOWN,2026-08-28T08:30:26.820315+00:00,155339,-11975,253477,34849,33601,,1360,794,1107,1231,False,OTC,聯寶,UNKNOWN,ordinary_stock,TWSE_T86+TPEX_DAILY_TRADE_HIS,6821,736,670,636,736,0,0,0,0,0,0,0,0,,806,708,727,774
2026-08-28,GOOD,0,3,-692,46,-263,-141,-323,1101,1045,946,1285,0,5,-25000,-5000,-4000,-15000,-8000,-15000,,788,907,715,652,0,1103,1047,926,1278,0,5,-25692,UNKNOWN,2026-08-28T08:30:26.820315+00:00,-4954,-4263,-15141,-8513,-15323,,788,915,735,660,False,OTC,濾能,UNKNOWN,ordinary_stock,TWSE_T86+TPEX_DAILY_TRADE_HIS,6823,737,671,637,737,0,0,0,0,0,0,0,0,,807,709,728,775
2026-08-28,GOOD,0,2,143675,-109851,-3767,-13913,16912,267,1495,309,241,0,1,200917,778563,-69337,1231686,509908,489740,,1624,467,1352,1697,0,290,1484,320,245,0,1,344592,UNKNOWN,2026-08-28T08:30:26.820315+00:00,668712,-73104,1217773,521530,506652,,1601,478,1341,1693,False,OTC,千附精密,UNKNOWN,ordinary_stock,TWSE_T86+TPEX_DAILY_TRADE_HIS,6829,738,672,638,738,0,0,0,0,0,0,0,0,,808,710,729,776
2026-08-28,GOOD,0,2,-25302,-29976,-1282,23107,-27639,718,1220,441,1428,0,2,-170589,49411,-15000,498411,-26916,-60589,,1173,742,1220,510,0,867,1216,431,1461,0,2,-195891,UNKNOWN,2026-08-28T08:30:26.820315+00:00,19435,-16282,521518,-48051,-88228,,1024,746,1230,477,False,OTC,東研信超,UNKNOWN,ordinary_stock,TWSE_T86+TPEX_DAILY_TRADE_HIS,6840,739,673,639,739,0,0,0,0,0,0,0,0,,809,711,730,777
2026-08-28,GOOD,1,0,503,-6073,160,18879,-2785,1450,321,1146,1490,2,0,-21716,-177596,48116,-179147,-30884,-99656,,441,1641,515,448,0,1459,321,1122,1483,2,0,-21213,UNKNOWN,2026-08-28T08:30:26.820315+00:00,-183669,48276,-160268,-31225,-102441,,432,1641,539,455,False,OTC,長佳智能,UNKNOWN,ordinary_stock,TWSE_T86+TPEX_DAILY_TRADE_HIS,6841,740,674,640,740,0,0,0,0,0,0,0,0,,810,712,731,778
2026-08-25,STALE,0,0,,,0,,0,,963,,1112,0,3,,,-2000,,-10000,-1000,,,993,,823,3,,947,,1093,0,3,,UNKNOWN,2026-08-28T08:30:26.820315+00:00,,-2000,,-10000,-1000,,,1007,,839,True,OTC,諾貝兒,UNKNOWN,ordinary_stock,TWSE_T86+TPEX_DAILY_TRADE_HIS,6844,,675,,741,0,0,,,0,,0,0,,,713,,779
2026-08-26,STALE,0,0,0,0,0,,0,1032,605,,1023,2,0,3000,1000,3000,,4000,2000,,861,1346,,914,2,1036,601,,1016,2,0,3000,UNKNOWN,2026-08-28T08:30:26.820315+00:00,1000,3000,,4000,2000,,853,1351,,914,True,OTC,數泓科,UNKNOWN,ordinary_stock,TWSE_T86+TPEX_DAILY_TRADE_HIS,6855,741,676,,742,0,0,0,0,0,,0,0,,811,714,,780
2026-08-28,GOOD,1,0,-3050,854,102,12722,-1098,1225,1038,855,1347,0,7,-33920,-25724,-3864,17276,-5822,-29822,,666,924,806,591,0,1224,1022,809,1334,0,7,-36970,UNKNOWN,2026-08-28T08:30:26.820315+00:00,-24870,-3762,29998,-5876,-30920,,667,940,852,604,False,OTC,伯特光,UNKNOWN,ordinary_stock,TWSE_T86+TPEX_DAILY_TRADE_HIS,6859,742,677,641,743,0,0,0,0,0,0,0,0,,812,715,732,781
2026-08-26,STALE,1,0,8,-2,3,,3,938,875,,861,0,1,14000,10000,-1000,,0,12000,,951,1058,,1077,2,947,839,,860,0,1,14008,UNKNOWN,2026-08-28T08:30:26.820315+00:00,9998,-997,,3,12003,,944,1123,,1078,True,OTC,偉康科技,UNKNOWN,ordinary_stock,TWSE_T86+TPEX_DAILY_TRADE_HIS,6865,743,678,,744,0,0,0,0,0,,0,0,,813,716,,782
2026-08-28,GOOD,0,1,4517,2685,-133,-9924,3601,1038,1130,1013,1281,0,5,-29480,460,-7592,-53540,-11510,-14510,,853,832,648,657,0,1008,1116,1018,1243,0,3,-24963,UNKNOWN,2026-08-28T08:30:26.820315+00:00,3145,-7725,-63464,-10776,-10909,,883,846,643,695,False,OTC,騰雲,UNKNOWN,ordinary_stock,TWSE_T86+TPEX_DAILY_TRADE_HIS,6870,744,679,642,745,0,0,0,0,0,0,0,0,,814,717,733,783
2026-08-28,GOOD,1,0,639,717,678,,678,1162,1098,,1270,0,4,-12000,-14000,-6000,,-13000,-13000,,725,856,,668,0,1160,1078,,1255,0,4,-11361,UNKNOWN,2026-08-28T08:30:26.820315+00:00,-13283,-5322,,-12322,-12322,,731,884,,683,False,OTC,浩宇生醫,UNKNOWN,ordinary_stock,TWSE_T86+TPEX_DAILY_TRADE_HIS,6872,745,680,,746,0,0,0,0,0,,0,0,,815,718,,784
2026-08-28,GOOD,0,1,2165,-2051,-57,128,57,810,1046,937,765,0,1,15000,29000,-4000,-11800,15000,22000,,1083,908,724,1172,0,819,1044,920,767,0,1,17165,UNKNOWN,2026-08-28T08:30:26.820315+00:00,26949,-4057,-11672,15293,22057,,1072,918,741,1171,False,OTC,倍力,UNKNOWN,ordinary_stock,TWSE_T86+TPEX_DAILY_TRADE_HIS,6874,746,681,643,747,0,0,0,0,0,0,0,0,,816,719,734,785
2026-08-28,GOOD,0,1,-92,-172,-58,410,-132,1043,964,1023,1213,0,2,-14000,0,-2000,-56000,-5000,-7000,,847,994,638,720,0,1054,971,1003,1202,0,2,-14092,UNKNOWN,2026-08-28T08:30:26.820315+00:00,-172,-2058,-55590,-4925,-7132,,837,991,658,736,False,OTC,國邑*,UNKNOWN,ordinary_stock,TWSE_T86+TPEX_DAILY_TRADE_HIS,6875,747,682,644,748,0,0,0,0,0,0,0,0,,817,720,735,786
2026-08-28,GOOD,0,2,911,-12811,-201,-24599,-5950,779,637,573,886,1,0,-16199,36555,2000,225312,20000,10178,,1112,1313,1088,1052,0,842,651,591,970,1,0,-15288,UNKNOWN,2026-08-28T08:30:26.820315+00:00,23744,1799,200713,19285,4228,,1049,1311,1070,968,False,OTC,鏵友益,UNKNOWN,ordinary_stock,TWSE_T86+TPEX_DAILY_TRADE_HIS,6877,748,683,645,749,0,0,0,0,0,0,0,0,,818,721,736,787
2026-08-28,GOOD,2,0,2112,-1478,1162,-1033,317,1245,566,994,1180,1,0,23365,-31365,5000,-43566,2000,-4000,,646,1398,667,757,0,1254,534,976,1149,1,0,25477,UNKNOWN,2026-08-28T08:30:26.820315+00:00,-32843,6162,-44599,3210,-3683,,637,1428,685,789,False,OTC,衛司特,UNKNOWN,ordinary_stock,TWSE_T86+TPEX_DAILY_TRADE_HIS,6894,749,684,646,750,0,0,0,0,0,0,0,0,,819,722,737,788
2026-08-28,GOOD,1,0,84,1024,175,-760,554,1368,1243,999,1407,0,2,-7897,-98223,-18000,-45721,-6060,-53060,,523,715,662,531,0,1371,1227,978,1393,0,2,-7813,UNKNOWN,2026-08-28T08:30:26.820315+00:00,-97199,-17825,-46481,-5818,-52506,,520,735,683,545,False,OTC,宏碩系統,UNKNOWN,ordinary_stock,TWSE_T86+TPEX_DAILY_TRADE_HIS,6895,750,685,647,751,0,0,0,0,0,0,0,0,,820,723,738,789
2026-08-28,GOOD,0,0,1640,-140,0,,750,988,876,,1043,0,2,-2000,4000,-1000,,6000,1000,,898,1059,,886,0,1003,864,,1031,0,2,-360,UNKNOWN,2026-08-28T08:30:26.820315+00:00,3860,-1000,,6700,1750,,888,1070,,907,False,OTC,創為精密,UNKNOWN,ordinary_stock,TWSE_T86+TPEX_DAILY_TRADE_HIS,6899,751,686,,752,0,0,0,0,0,,0,0,,821,724,,790
2026-08-28,GOOD,0,1,4860,-18922,-4546,-25263,-7031,1383,368,1243,482,3,0,349367,-110589,32233,-381654,164283,119389,,508,1594,418,1456,0,1407,381,1256,497,3,0,354127,UNKNOWN,2026-08-28T08:30:26.820315+00:00,-129611,27687,-407247,172291,112258,,484,1581,405,1441,False,OTC,巨漢,UNKNOWN,ordinary_stock,TWSE_T86+TPEX_DAILY_TRADE_HIS,6903,1613,687,1334,1713,0,0,-100,-100,0,-330,-100,-100,,278,725,327,225
2026-08-28,GOOD,1,0,982,39180,41689,84125,20081,1300,1491,1485,1316,0,1,11745,-53117,-67584,-2138972,-58894,-20686,,591,471,176,622,0,789,1292,1477,1082,0,1,-37273,UNKNOWN,2026-08-28T08:30:26.820315+00:00,36063,-25895,-2004847,-15001,-605,,1102,670,184,856,False,OTC,雅特力-KY,UNKNOWN,ordinary_stock,TWSE_T86+TPEX_DAILY_TRADE_HIS,6907,147,688,180,753,0,0,-50000,50000,0,50000,0,0,,1744,726,1481,791
2026-08-28,GOOD,0,0,0,0,0,,0,1033,877,,1205,0,4,-13000,1000,-1000,,-4000,-6000,,862,1060,,736,0,1037,865,,1186,0,4,-13000,UNKNOWN,2026-08-28T08:30:26.820315+00:00,1000,-1000,,-4000,-6000,,854,1071,,749,False,OTC,德鴻,UNKNOWN,ordinary_stock,TWSE_T86+TPEX_DAILY_TRADE_HIS,6910,752,689,,754,0,0,0,0,0,,0,0,,822,727,,792
2026-08-28,GOOD,1,0,50919,857,15399,64440,25888,425,361,226,436,3,0,22281,288479,33568,2125062,202728,155380,,1466,1601,1435,1502,0,430,318,233,422,3,0,73200,UNKNOWN,2026-08-28T08:30:26.820315+00:00,289336,48967,2198502,235018,181268,,1461,1644,1428,1516,False,OTC,鴻呈,UNKNOWN,ordinary_stock,TWSE_T86+TPEX_DAILY_TRADE_HIS,6913,753,690,202,755,0,0,0,0,0,9000,0,0,,823,728,1459,793
2026-08-28,GOOD,1,0,-14633,85767,9728,139115,35567,1373,665,461,768,2,0,145757,-103485,1036,430195,49106,21136,,518,1297,1200,1170,0,1191,493,421,627,2,0,131124,UNKNOWN,2026-08-28T08:30:26.820315+00:00,-17718,10764,569310,57869,56703,,700,1469,1240,1311,False,OTC,宸曜,UNKNOWN,ordinary_stock,TWSE_T86+TPEX_DAILY_TRADE_HIS,6922,754,691,648,756,0,0,0,0,0,0,0,0,,824,729,739,794
2026-08-28,GOOD,0,0,0,0,0,,0,820,691,,945,4,0,-14000,26000,1000,,5000,6000,,1070,1253,,987,0,826,679,,934,4,0,-14000,UNKNOWN,2026-08-28T08:30:26.820315+00:00,26000,1000,,5000,6000,,1065,1256,,1000,False,OTC,意藍,UNKNOWN,ordinary_stock,TWSE_T86+TPEX_DAILY_TRADE_HIS,6925,755,692,,757,0,0,0,0,0,,0,0,,825,730,,795
2026-08-28,GOOD,0,0,0,0,0,0,0,399,1497,452,324,0,1,252056,334136,-70654,459778,244186,293096,,1492,465,1209,1614,0,401,1480,455,331,0,1,252056,UNKNOWN,2026-08-28T08:30:26.820315+00:00,334136,-70654,459778,244186,293096,,1490,482,1206,1607,False,OTC,圓祥生技,UNKNOWN,ordinary_stock,TWSE_T86+TPEX_DAILY_TRADE_HIS,6945,756,693,649,758,0,0,0,0,0,0,0,0,,826,731,740,796
2026-08-28,GOOD,2,0,-1498,-344,107,2804,-921,619,470,678,601,6,0,30000,96000,12000,120000,51000,63000,,1273,1491,983,1336,0,633,470,668,609,6,0,28502,UNKNOWN,2026-08-28T08:30:26.820315+00:00,95656,12107,122804,50584,62079,,1258,1492,993,1329,False,OTC,家碩,UNKNOWN,ordinary_stock,TWSE_T86+TPEX_DAILY_TRADE_HIS,6953,757,694,650,759,0,0,0,0,0,0,0,0,,827,732,741,797
2026-08-28,GOOD,0,0,0,0,0,,0,932,692,,1030,1,0,-7004,10996,1000,,1000,1996,,959,1254,,908,0,936,680,,1026,1,0,-7004,UNKNOWN,2026-08-28T08:30:26.820315+00:00,10996,1000,,1000,1996,,955,1257,,912,False,OTC,旅天下,UNKNOWN,ordinary_stock,TWSE_T86+TPEX_DAILY_TRADE_HIS,6961,758,695,,760,0,0,0,0,0,,0,0,,828,733,,798
2026-08-28,GOOD,0,0,1060,548,0,333,804,807,455,706,757,1,0,18957,29043,14000,93043,22000,24000,,1084,1505,955,1179,0,807,459,691,756,1,0,20017,UNKNOWN,2026-08-28T08:30:26.820315+00:00,29591,14000,93376,22000,24804,,1084,1502,970,1182,False,OTC,汎瑋材料,UNKNOWN,ordinary_stock,TWSE_T86+TPEX_DAILY_TRADE_HIS,6967,759,696,651,761,0,0,0,0,0,0,0,0,,829,734,742,799
2026-08-28,GOOD,1,0,-738,-516,75,-312,-627,1262,1189,918,1351,0,1,-26000,-36000,-12000,-3500,-15000,-31000,,628,771,743,587,0,1268,1165,899,1336,0,1,-26738,UNKNOWN,2026-08-28T08:30:26.820315+00:00,-36516,-11925,-3812,-15543,-31627,,623,797,762,602,False,OTC,萬達寵物,UNKNOWN,ordinary_stock,TWSE_T86+TPEX_DAILY_TRADE_HIS,6968,760,697,652,762,0,0,0,0,0,0,0,0,,830,735,743,800
2026-08-28,GOOD,0,0,0,0,0,,0,811,878,,964,0,1,-18000,28000,-1000,,15000,5000,,1080,1061,,970,0,815,866,,949,0,1,-18000,UNKNOWN,2026-08-28T08:30:26.820315+00:00,28000,-1000,,15000,5000,,1074,1072,,980,False,OTC,惠民實業,UNKNOWN,ordinary_stock,TWSE_T86+TPEX_DAILY_TRADE_HIS,6971,761,698,,763,0,0,0,0,0,,0,0,,831,736,,801
2026-08-28,GOOD,0,1,-3,-3,-3,,-3,1068,567,,1000,1,0,8000,-2000,5000,,6000,3000,,821,1399,,930,0,1075,568,,1001,1,0,7997,UNKNOWN,2026-08-28T08:30:26.820315+00:00,-2003,4997,,5997,2997,,816,1394,,937,False,OTC,大井泵浦,UNKNOWN,ordinary_stock,TWSE_T86+TPEX_DAILY_TRADE_HIS,6982,762,699,,764,0,0,0,0,0,,0,0,,832,737,,802
2026-08-28,GOOD,0,1,4356,3588,-1021,4066,3972,855,517,820,1044,1,0,-18000,20000,8000,29000,-5000,1000,,1035,1441,840,887,0,844,527,803,962,1,0,-13644,UNKNOWN,2026-08-28T08:30:26.820315+00:00,23588,6979,33066,1545,4972,,1047,1435,858,976,False,OTC,華洋精機,UNKNOWN,ordinary_stock,TWSE_T86+TPEX_DAILY_TRADE_HIS,6983,763,700,653,765,0,0,0,0,0,0,0,0,,833,738,744,803
2026-08-28,GOOD,0,0,17000,-21000,0,-108000,-2000,784,879,748,789,0,1,3000,35000,-1000,66000,13000,19000,,1107,1062,914,1146,0,907,867,974,813,0,1,20000,UNKNOWN,2026-08-28T08:30:26.820315+00:00,14000,-1000,-42000,12000,17000,,982,1073,687,1126,False,OTC,和迅,UNKNOWN,ordinary_stock,TWSE_T86+TPEX_DAILY_TRADE_HIS,6986,764,701,654,766,0,0,0,0,0,0,0,0,,834,739,745,804
2026-08-28,GOOD,1,0,-159,2901,568,1542,1371,1308,1395,1065,1463,0,2,-100484,-57560,-40930,-85489,-39076,-79022,,583,567,596,475,0,1307,1375,1047,1445,0,2,-100643,UNKNOWN,2026-08-28T08:30:26.820315+00:00,-54659,-40362,-83947,-38438,-77651,,584,587,614,493,False,OTC,力領科技,UNKNOWN,ordinary_stock,TWSE_T86+TPEX_DAILY_TRADE_HIS,6996,765,702,655,767,0,0,0,0,0,0,0,0,,835,740,746,805
2026-08-25,STALE,0,0,,,0,,,,1047,,,0,2,,,-4000,,-5000,,,,909,,,3,,1026,,,0,2,,UNKNOWN,2026-08-28T08:30:26.820315+00:00,,-4000,,-5000,,,,921,,,True,OTC,博弘,UNKNOWN,ordinary_stock,TWSE_T86+TPEX_DAILY_TRADE_HIS,6997,,703,,,0,0,,,0,,0,,,,741,,
2026-08-28,GOOD,0,2,5196,2578,-1170,19679,3887,1553,1694,1308,1342,0,1,345188,-402156,-226530,-555366,9550,-28484,,338,268,353,596,0,1554,1682,1291,1312,0,1,350384,UNKNOWN,2026-08-28T08:30:26.820315+00:00,-399578,-227700,-535687,12478,-24597,,337,280,370,626,False,OTC,邑錡,UNKNOWN,ordinary_stock,TWSE_T86+TPEX_DAILY_TRADE_HIS,7402,766,704,656,768,0,0,0,0,0,0,0,0,,836,742,747,806
2026-08-28,GOOD,0,0,0,0,0,,0,1069,880,,1113,0,2,0,-2000,-1000,,-1000,-1000,,822,1063,,824,0,1072,868,,1094,0,2,0,UNKNOWN,2026-08-28T08:30:26.820315+00:00,-2000,-1000,,-1000,-1000,,818,1074,,840,False,OTC,碩網,UNKNOWN,ordinary_stock,TWSE_T86+TPEX_DAILY_TRADE_HIS,7547,767,705,,769,0,0,0,0,0,,0,0,,837,743,,807
2026-08-28,GOOD,0,3,-1916,-12970,-1240,-4739,-7443,687,1301,744,746,0,1,-6909,60381,-24725,67386,23285,26736,,1204,661,917,1192,0,733,1293,743,787,0,1,-8825,UNKNOWN,2026-08-28T08:30:26.820315+00:00,47411,-25965,62647,12829,19293,,1158,669,918,1151,False,OTC,意德士,UNKNOWN,ordinary_stock,TWSE_T86+TPEX_DAILY_TRADE_HIS,7556,768,706,657,770,0,0,0,0,0,0,0,0,,838,744,748,808
2026-08-28,GOOD,0,2,-402,-610,-334,,-506,237,693,,1075,1,0,-1010928,1010928,1000,,1000,0,,1654,1255,,855,0,244,733,,1081,1,0,-1011330,UNKNOWN,2026-08-28T08:30:26.820315+00:00,1010318,666,,1007,-506,,1647,1229,,857,False,OTC,樂意,UNKNOWN,ordinary_stock,TWSE_T86+TPEX_DAILY_TRADE_HIS,7584,769,707,,771,0,0,0,0,0,,0,0,,839,745,,809
2026-08-28,GOOD,0,0,-9,9,0,40,0,1163,881,903,1114,0,1,12000,-14000,-1000,2000,0,-1000,,726,1064,757,825,0,1162,869,888,1095,0,1,11991,UNKNOWN,2026-08-28T08:30:26.820315+00:00,-13991,-1000,2040,0,-1000,,729,1075,773,841,False,OTC,昶瑞機電,UNKNOWN,ordinary_stock,TWSE_T86+TPEX_DAILY_TRADE_HIS,7642,770,708,658,772,0,0,0,0,0,0,0,0,,840,746,749,810
2026-08-28,GOOD,0,0,125,1211,0,-1371,668,557,596,653,633,1,0,-24159,133375,3608,137548,34608,54608,,1334,1366,1008,1305,0,562,595,648,634,1,0,-24034,UNKNOWN,2026-08-28T08:30:26.820315+00:00,134586,3608,136177,34969,55276,,1329,1367,1013,1304,False,OTC,銳澤,UNKNOWN,ordinary_stock,TWSE_T86+TPEX_DAILY_TRADE_HIS,7703,771,709,659,773,0,0,0,0,0,0,0,0,,841,747,750,811
2026-08-28,GOOD,0,0,4121,-2121,0,,1000,887,506,,772,5,0,26000,16000,9000,,16000,21000,,1001,1458,,1166,0,913,509,,768,5,0,30121,UNKNOWN,2026-08-28T08:30:26.820315+00:00,13879,9000,,17000,22000,,978,1454,,1170,False,OTC,明遠精密,UNKNOWN,ordinary_stock,TWSE_T86+TPEX_DAILY_TRADE_HIS,7704,772,710,,774,0,0,0,0,0,,0,0,,842,748,,812
2026-08-28,GOOD,0,4,-685,-859,-128,513,-772,907,606,768,1001,3,0,-8000,14000,3000,54000,11000,3000,,985,1347,892,931,0,917,616,755,1011,3,0,-8685,UNKNOWN,2026-08-28T08:30:26.820315+00:00,13141,2872,54513,10581,2228,,974,1346,906,927,False,OTC,榮田,UNKNOWN,ordinary_stock,TWSE_T86+TPEX_DAILY_TRADE_HIS,7709,773,711,660,775,0,0,0,0,0,0,0,0,,843,749,751,813
2026-08-28,GOOD,1,0,33448,48740,18278,166391,41094,1561,1552,1293,1681,0,4,-419163,-428221,-97692,-504521,-305692,-423692,,330,410,368,257,0,1549,1503,1223,1665,0,4,-385715,UNKNOWN,2026-08-28T08:30:26.820315+00:00,-379481,-79414,-338130,-259220,-382598,,342,459,438,273,False,OTC,博盛半導體,UNKNOWN,ordinary_stock,TWSE_T86+TPEX_DAILY_TRADE_HIS,7712,774,712,661,776,0,0,0,0,0,0,0,0,,844,750,752,814
2026-08-28,GOOD,0,1,-21191,8031,-6615,17305,-6580,1444,1347,1236,1519,0,1,-70849,-172859,-31865,-363253,-59865,-121854,,447,615,425,419,0,1439,1363,1228,1523,0,1,-92040,UNKNOWN,2026-08-28T08:30:26.820315+00:00,-164828,-38480,-345948,-60394,-128434,,452,599,433,415,False,OTC,創泓科技,UNKNOWN,ordinary_stock,TWSE_T86+TPEX_DAILY_TRADE_HIS,7714,775,713,662,777,0,0,0,0,0,0,0,0,,845,751,753,815
2026-08-28,GOOD,1,0,1606,-426,549,-1380,590,702,524,598,640,3,0,50000,54000,7000,195000,74000,52000,,1187,1432,1063,1297,0,710,521,600,645,3,0,51606,UNKNOWN,2026-08-28T08:30:26.820315+00:00,53574,7549,193620,74519,52590,,1181,1441,1061,1293,False,OTC,裕山,UNKNOWN,ordinary_stock,TWSE_T86+TPEX_DAILY_TRADE_HIS,7715,776,714,663,778,0,0,0,0,0,0,0,0,,846,752,754,816
2026-08-28,GOOD,0,1,9325,933,-13,25271,5129,548,1131,549,454,0,1,144137,138073,-7845,261285,99085,141105,,1343,831,1112,1484,0,550,1118,529,451,0,1,153462,UNKNOWN,2026-08-28T08:30:26.820315+00:00,139006,-7858,286556,103247,146234,,1341,844,1132,1487,False,OTC,萊德光電-KY,UNKNOWN,ordinary_stock,TWSE_T86+TPEX_DAILY_TRADE_HIS,7717,777,715,664,779,0,0,0,0,0,0,0,0,,847,753,755,817
2026-08-28,GOOD,0,0,-46,-12,0,,-29,1034,694,,1076,1,0,-1000,1000,1000,,0,0,,863,1256,,856,0,1040,681,,1076,1,0,-1046,UNKNOWN,2026-08-28T08:30:26.820315+00:00,988,1000,,0,-29,,851,1258,,862,False,OTC,友鋮,UNKNOWN,ordinary_stock,TWSE_T86+TPEX_DAILY_TRADE_HIS,7718,778,716,,780,0,0,0,0,0,,0,0,,848,754,,818
2026-08-28,GOOD,0,0,0,0,0,0,0,715,882,948,832,0,2,-20000,50000,-1000,-16000,16000,15000,,1175,1065,713,1104,0,718,870,928,830,0,2,-20000,UNKNOWN,2026-08-28T08:30:26.820315+00:00,50000,-1000,-16000,16000,15000,,1172,1076,732,1103,False,OTC,築間,UNKNOWN,ordinary_stock,TWSE_T86+TPEX_DAILY_TRADE_HIS,7723,779,717,665,781,0,0,0,0,0,0,0,0,,849,755,756,819
2026-08-28,GOOD,1,0,2667,3967,975,3954,3317,885,1160,867,881,0,2,4500,16500,-10000,14515,6000,10500,,1006,793,794,1057,0,861,1139,839,846,0,2,7167,UNKNOWN,2026-08-28T08:30:26.820315+00:00,20467,-9025,18469,7482,13817,,1030,823,822,1092,False,OTC,光焱科技,UNKNOWN,ordinary_stock,TWSE_T86+TPEX_DAILY_TRADE_HIS,7728,780,718,666,782,0,0,0,0,0,0,0,0,,850,756,757,820
2026-08-28,GOOD,0,2,9723,-12015,-3436,-8103,-1146,504,287,708,710,1,0,-118104,183852,69124,91934,13253,32874,,1387,1675,953,1228,0,1567,1051,1322,1601,0,2,-5031,UNKNOWN,2026-08-28T08:30:26.820315+00:00,-449013,-4562,-619969,-150290,-227022,,324,911,339,337,False,OTC,印能科技,UNKNOWN,ordinary_stock,TWSE_T86+TPEX_DAILY_TRADE_HIS,7734,1826,1911,1579,1874,0,4,103350,-620850,-70250,-703800,-162750,-258750,,65,51,82,64
2026-08-28,GOOD,0,0,0,0,0,,0,859,518,,761,2,0,27000,19000,8000,,11000,23000,,1027,1442,,1175,0,869,515,,763,2,0,27000,UNKNOWN,2026-08-28T08:30:26.820315+00:00,19000,8000,,11000,23000,,1018,1445,,1175,False,OTC,東聯互動,UNKNOWN,ordinary_stock,TWSE_T86+TPEX_DAILY_TRADE_HIS,7738,781,719,,783,0,0,0,0,0,,0,0,,851,757,,821
2026-08-28,GOOD,0,0,,,0,,,,589,,,1,0,,,4000,,-1000,,,,1377,,,0,,584,,,1,0,,UNKNOWN,2026-08-28T08:30:26.820315+00:00,,4000,,-1000,,,,1379,,,False,OTC,金利食安,UNKNOWN,ordinary_stock,TWSE_T86+TPEX_DAILY_TRADE_HIS,7743,,720,,,0,0,,,0,,0,,,,758,,
2026-08-28,GOOD,2,0,-4215,15703,722,20029,5744,412,369,552,445,2,0,-5597,302369,32004,254719,108198,148386,,1479,1593,1109,1493,0,408,366,538,443,2,0,-9812,UNKNOWN,2026-08-28T08:30:26.820315+00:00,318072,32726,274748,113460,154130,,1483,1596,1123,1495,False,OTC,崴寶,UNKNOWN,ordinary_stock,TWSE_T86+TPEX_DAILY_TRADE_HIS,7744,782,721,667,784,0,0,0,0,0,0,0,0,,852,759,758,822
2026-08-28,GOOD,0,1,-66214,58246,-10170,60816,-3984,917,262,487,591,1,0,121103,12305,84011,383338,-50331,66704,,974,1700,1174,1347,0,695,279,577,350,2,0,467889,UNKNOWN,2026-08-28T08:30:26.820315+00:00,59551,73841,217154,12770,263720,,1196,1683,1084,1588,False,OTC,竑騰,UNKNOWN,ordinary_stock,TWSE_T86+TPEX_DAILY_TRADE_HIS,7751,1712,722,1536,75,0,0,413000,-11000,0,-227000,16000,201000,,179,760,125,1863
2026-08-28,GOOD,0,0,0,0,0,,0,1002,772,,978,0,0,5000,3000,0,,4000,4000,,884,1157,,953,0,1011,767,,973,0,0,5000,UNKNOWN,2026-08-28T08:30:26.820315+00:00,3000,0,,4000,4000,,877,1170,,958,False,OTC,星亞,UNKNOWN,ordinary_stock,TWSE_T86+TPEX_DAILY_TRADE_HIS,7753,783,723,,785,0,0,0,0,0,,0,0,,853,761,,823
2026-08-28,GOOD,0,0,0,0,0,,0,989,607,,892,2,0,16000,4000,3000,,6000,10000,,899,1348,,1043,0,1001,602,,881,2,0,16000,UNKNOWN,2026-08-28T08:30:26.820315+00:00,4000,3000,,6000,10000,,890,1352,,1052,False,OTC,金色三麥,UNKNOWN,ordinary_stock,TWSE_T86+TPEX_DAILY_TRADE_HIS,7757,784,724,,786,0,0,0,0,0,,0,0,,854,762,,824
2026-08-28,GOOD,0,0,1000,-1000,0,-3000,0,939,883,853,1002,0,4,-4000,10000,-1000,18029,-9000,3000,,952,1066,808,932,0,958,871,848,991,0,4,-3000,UNKNOWN,2026-08-28T08:30:26.820315+00:00,9000,-1000,15029,-9000,3000,,933,1077,813,941,False,OTC,仁大資訊,UNKNOWN,ordinary_stock,TWSE_T86+TPEX_DAILY_TRADE_HIS,7767,785,725,668,787,0,0,0,0,0,0,0,0,,855,763,759,825
2026-08-27,STALE,0,11,1000,-11000,-1000,,-5000,971,695,,922,2,0,10000,6000,1000,,3000,8000,,919,1257,,1018,1,1104,768,,992,0,0,11000,UNKNOWN,2026-08-28T08:30:26.820315+00:00,-5000,0,,0,3000,,784,1171,,942,True,OTC,君曜,UNKNOWN,ordinary_stock,TWSE_T86+TPEX_DAILY_TRADE_HIS,7770,786,726,,788,0,0,0,0,0,,0,0,,856,764,,826
2026-08-28,GOOD,1,0,2251,2251,455,2129,2251,625,540,682,628,1,0,16000,94000,6000,117000,38000,55000,,1267,1418,979,1309,0,629,532,671,624,1,0,18251,UNKNOWN,2026-08-28T08:30:26.820315+00:00,96251,6455,119129,40251,57251,,1262,1430,990,1314,False,OTC,耀穎,UNKNOWN,ordinary_stock,TWSE_T86+TPEX_DAILY_TRADE_HIS,7772,787,727,669,789,0,0,0,0,0,0,0,0,,857,765,760,827
2026-08-28,GOOD,0,2,23075,-76251,-15530,-113196,-26588,1642,1761,256,1733,0,1,-430270,-771730,-385000,1701065,1415000,-601000,,249,201,1405,205,0,1659,1760,271,1737,0,1,-407195,UNKNOWN,2026-08-28T08:30:26.820315+00:00,-847981,-400530,1587869,1438540,-627588,,232,202,1390,201,False,OTC,能率亞洲,UNKNOWN,ordinary_stock,TWSE_T86+TPEX_DAILY_TRADE_HIS,7777,788,728,670,790,0,0,0,0,0,0,0,0,,858,766,761,828
2026-08-28,GOOD,0,0,,,0,,0,,1075,,1228,0,1,,,-5000,,-5000,-8000,,,882,,709,0,,1062,,1209,0,1,,UNKNOWN,2026-08-28T08:30:26.820315+00:00,,-5000,,-5000,-8000,,,892,,728,False,OTC,光速火箭,UNKNOWN,ordinary_stock,TWSE_T86+TPEX_DAILY_TRADE_HIS,7782,,729,,791,0,0,,,0,,0,0,,,767,,829
2026-08-28,GOOD,1,0,-77743,82133,1315,103637,2195,1326,268,1258,545,1,0,237292,-65816,79540,-418711,117108,85738,,565,1694,403,1393,0,893,268,1214,544,1,0,159549,UNKNOWN,2026-08-28T08:30:26.820315+00:00,16317,80855,-315074,120127,87933,,998,1694,447,1394,False,OTC,安葆,UNKNOWN,ordinary_stock,TWSE_T86+TPEX_DAILY_TRADE_HIS,7792,789,730,671,792,0,0,0,0,0,0,0,0,,859,768,762,830
2026-08-20,STALE,0,0,0,0,0,,0,1109,884,,1003,0,1,12000,-6000,-1000,,1000,3000,,780,1067,,933,8,1120,872,,993,0,1,12000,UNKNOWN,2026-08-28T08:30:26.820315+00:00,-6000,-1000,,1000,3000,,769,1078,,943,True,OTC,宏碁智新,UNKNOWN,ordinary_stock,TWSE_T86+TPEX_DAILY_TRADE_HIS,7794,790,731,,793,0,0,0,0,0,,0,0,,860,769,,831
2026-08-28,GOOD,1,0,-26622,-6370,382,1572,-16496,1488,1133,337,1594,0,6,-178583,-245217,-7980,992100,-51980,-211900,,403,829,1324,344,0,1494,1114,342,1603,0,6,-205205,UNKNOWN,2026-08-28T08:30:26.820315+00:00,-251587,-7598,993672,-51875,-228396,,397,848,1319,335,False,OTC,威聯通,UNKNOWN,ordinary_stock,TWSE_T86+TPEX_DAILY_TRADE_HIS,7805,791,732,672,794,0,0,0,0,0,0,0,0,,861,770,763,832
2026-08-28,GOOD,6,0,11193,15201,3188,17367,13197,669,413,666,738,4,0,-11172,66828,21509,126001,38778,27828,,1222,1549,995,1200,0,656,393,636,683,4,0,21,UNKNOWN,2026-08-28T08:30:26.820315+00:00,82029,24697,143368,46343,41025,,1235,1569,1025,1255,False,OTC,捷創科技,UNKNOWN,ordinary_stock,TWSE_T86+TPEX_DAILY_TRADE_HIS,7810,792,733,673,795,0,0,0,0,0,0,0,0,,862,771,764,833
2026-08-28,GOOD,0,1,22000,-36000,-2000,-36000,-7000,1154,1099,969,1271,0,1,-13000,-13000,-6000,-30000,-9000,-13000,,734,857,692,669,0,1297,1123,1022,1298,0,1,9000,UNKNOWN,2026-08-28T08:30:26.820315+00:00,-49000,-8000,-66000,-16000,-20000,,594,840,639,638,False,OTC,海昌生技,UNKNOWN,ordinary_stock,TWSE_T86+TPEX_DAILY_TRADE_HIS,7814,793,734,674,796,0,0,0,0,0,0,0,0,,863,772,765,834
2026-08-28,GOOD,0,0,0,0,0,,0,1194,885,,965,0,1,29000,-19000,-1000,,-2000,5000,,696,1068,,971,0,1202,873,,950,0,1,29000,UNKNOWN,2026-08-28T08:30:26.820315+00:00,-19000,-1000,,-2000,5000,,688,1079,,981,False,OTC,精誠金融,UNKNOWN,ordinary_stock,TWSE_T86+TPEX_DAILY_TRADE_HIS,7819,794,735,,797,0,0,0,0,0,,0,0,,864,773,,835
2026-08-28,GOOD,0,0,1000,-1000,0,,0,1102,1009,,833,0,2,35000,-5000,-3000,,11000,15000,,789,948,,1105,0,1121,991,,831,0,2,36000,UNKNOWN,2026-08-28T08:30:26.820315+00:00,-6000,-3000,,11000,15000,,770,959,,1104,False,OTC,立盈,UNKNOWN,ordinary_stock,TWSE_T86+TPEX_DAILY_TRADE_HIS,7820,795,736,,798,0,0,0,0,0,,0,0,,865,774,,836
2026-08-28,GOOD,0,2,-10719,-4719,-2000,-21719,-7719,661,308,515,682,2,0,8911,71149,57487,318181,51637,40030,,1230,1654,1146,1256,0,705,309,532,714,2,0,9167,UNKNOWN,2026-08-28T08:30:26.820315+00:00,55455,55487,284787,49918,32311,,1186,1653,1129,1224,False,OTC,創新服務,UNKNOWN,ordinary_stock,TWSE_T86+TPEX_DAILY_TRADE_HIS,7828,1711,737,1426,799,0,0,10975,-10975,0,-11675,0,0,,180,775,235,837
2026-08-28,GOOD,0,1,-34,0,-17,0,-17,771,1278,763,1349,0,3,-99774,38026,-22094,56056,-68964,-30874,,1120,684,898,589,0,780,1260,750,1333,0,3,-99808,UNKNOWN,2026-08-28T08:30:26.820315+00:00,38026,-22111,56056,-68981,-30891,,1111,702,911,605,False,OTC,天能綠電,UNKNOWN,ordinary_stock,TWSE_T86+TPEX_DAILY_TRADE_HIS,7842,796,738,675,800,0,0,0,0,0,0,0,0,,866,776,766,838
2026-08-28,GOOD,0,2,-1160,-128,-300,-545,-644,834,773,827,750,0,0,28000,24000,0,27000,12000,26000,,1056,1158,832,1188,0,841,824,817,748,0,2,26840,UNKNOWN,2026-08-28T08:30:26.820315+00:00,23872,-300,26455,11697,25356,,1050,1139,844,1190,False,OTC,佑華,UNKNOWN,ordinary_stock,TWSE_T86+TPEX_DAILY_TRADE_HIS,8024,797,739,676,801,0,0,0,0,0,0,0,0,,867,777,767,839
2026-08-28,GOOD,0,6,100627,-189219,-1197,-230835,-44296,1595,1638,1289,1663,0,3,-156917,-546059,-159075,-502087,-484175,-351488,,296,324,372,275,0,1644,1626,1345,1668,0,3,-56290,UNKNOWN,2026-08-28T08:30:26.820315+00:00,-735278,-160272,-732922,-488641,-395784,,247,336,316,270,False,OTC,鈦昇,UNKNOWN,ordinary_stock,TWSE_T86+TPEX_DAILY_TRADE_HIS,8027,798,740,677,802,0,0,0,0,0,0,0,0,,868,778,768,840
2026-08-28,GOOD,0,5,565,-1791,-30,-12792,-613,1211,1199,1102,1286,0,3,-8000,-22000,-13000,-117869,-18000,-15000,,681,757,559,653,0,1221,1186,1097,1279,0,3,-7435,UNKNOWN,2026-08-28T08:30:26.820315+00:00,-23791,-13030,-130661,-18601,-15613,,670,776,564,659,False,OTC,光菱,UNKNOWN,ordinary_stock,TWSE_T86+TPEX_DAILY_TRADE_HIS,8032,799,741,678,803,0,0,0,0,0,0,0,0,,869,779,769,841
2026-08-28,GOOD,1,0,113,185,349,616,149,627,406,584,635,2,0,13050,93050,22050,204050,17050,53050,,1264,1556,1077,1303,0,639,409,589,643,2,0,13163,UNKNOWN,2026-08-28T08:30:26.820315+00:00,93235,22399,204666,17200,53199,,1251,1553,1072,1295,False,OTC,榮群,UNKNOWN,ordinary_stock,TWSE_T86+TPEX_DAILY_TRADE_HIS,8034,800,742,679,804,0,0,0,0,0,0,0,0,,870,780,770,842
2026-08-28,GOOD,0,1,1199,-175,-191,306,512,1319,1303,1025,1417,0,2,-48082,-63760,-24944,-56692,-36921,-55921,,572,659,636,521,0,1325,1287,1006,1401,0,2,-46883,UNKNOWN,2026-08-28T08:30:26.820315+00:00,-63935,-25135,-56386,-36582,-55409,,566,675,655,537,False,OTC,長園科,UNKNOWN,ordinary_stock,TWSE_T86+TPEX_DAILY_TRADE_HIS,8038,801,743,680,805,0,0,0,0,0,0,0,0,,871,781,771,843
2026-08-28,GOOD,0,1,-24294,-424,-1958,17206,-12359,298,216,369,333,3,0,-32907,599507,150000,829504,258300,283300,,1593,1745,1292,1605,0,306,220,364,346,3,0,-57201,UNKNOWN,2026-08-28T08:30:26.820315+00:00,599083,148042,846710,257904,270941,,1585,1742,1297,1592,False,OTC,九暘,UNKNOWN,ordinary_stock,TWSE_T86+TPEX_DAILY_TRADE_HIS,8040,802,744,681,806,0,0,0,0,0,0,0,0,,872,782,772,844
2026-08-28,GOOD,0,1,72519,16603,-20435,30581,44561,1771,1820,1578,1672,0,1,1981105,-2737201,-660775,-6417686,-604665,-378048,,120,142,83,266,0,1776,1822,1577,1650,0,1,2053624,UNKNOWN,2026-08-28T08:30:26.820315+00:00,-2720598,-681210,-6387105,-542219,-333487,,115,140,84,288,False,OTC,金山電,UNKNOWN,ordinary_stock,TWSE_T86+TPEX_DAILY_TRADE_HIS,8042,803,745,682,807,0,0,0,0,0,0,0,0,,873,783,773,845
2026-08-28,GOOD,3,0,85244,50756,17113,108287,68000,1601,306,1521,1623,1,0,55867,-559727,58037,-3077657,-11930,-251930,,290,1656,140,315,0,1587,273,1519,1564,2,0,141111,UNKNOWN,2026-08-28T08:30:26.820315+00:00,-508971,75150,-2969370,65128,-183930,,304,1689,142,374,False,OTC,蜜望實,UNKNOWN,ordinary_stock,TWSE_T86+TPEX_DAILY_TRADE_HIS,8043,804,746,683,808,0,0,0,0,0,0,0,0,,874,784,774,846
2026-08-28,GOOD,0,2,22119,-18689,-203,-28118,1715,1621,1244,1261,1632,0,6,130055,-683155,-18000,-427054,-238000,-276550,,270,716,400,306,0,1635,1231,1268,1623,0,6,152174,UNKNOWN,2026-08-28T08:30:26.820315+00:00,-701844,-18203,-455172,-235732,-274835,,256,731,393,315,False,OTC,網家,UNKNOWN,ordinary_stock,TWSE_T86+TPEX_DAILY_TRADE_HIS,8044,805,747,684,809,0,0,0,0,0,0,0,0,,875,785,775,847
2026-08-28,GOOD,0,0,1076,1174,0,,1125,1103,886,,1194,0,1,-5000,-5000,-1000,,-2000,-5000,,790,1069,,742,0,1093,874,,1151,0,1,-3924,UNKNOWN,2026-08-28T08:30:26.820315+00:00,-3826,-1000,,125,-3875,,798,1080,,787,False,OTC,星雲,UNKNOWN,ordinary_stock,TWSE_T86+TPEX_DAILY_TRADE_HIS,8047,806,748,,810,0,0,0,0,0,,0,0,,876,786,,848
2026-08-28,GOOD,0,2,1600,-3968,-65,-4039,-1184,1256,1200,1137,1326,0,1,-12106,-33894,-13000,-162226,-12000,-23000,,635,758,524,612,0,1270,1188,1125,1311,0,1,-10506,UNKNOWN,2026-08-28T08:30:26.820315+00:00,-37862,-13065,-166265,-11539,-24184,,621,774,536,627,False,OTC,德勝,UNKNOWN,ordinary_stock,TWSE_T86+TPEX_DAILY_TRADE_HIS,8048,807,749,685,811,0,0,0,0,0,0,0,0,,877,787,776,849
2026-08-28,GOOD,0,2,-558,0,-50,-40,-279,1535,541,1332,1391,3,0,268373,-356373,6000,-643485,40000,-44000,,356,1419,329,547,0,1543,547,1329,1379,3,0,267815,UNKNOWN,2026-08-28T08:30:26.820315+00:00,-356373,5950,-643525,40478,-44279,,348,1415,332,559,False,OTC,晶采,UNKNOWN,ordinary_stock,TWSE_T86+TPEX_DAILY_TRADE_HIS,8049,808,750,686,812,0,0,0,0,0,0,0,0,,878,788,777,850
2026-08-28,GOOD,0,2,78579,-80415,-2831,-321025,-918,1261,1306,1459,427,0,2,371813,-35803,-25000,-1765975,-114031,168005,,630,655,202,1511,0,1394,1310,1482,433,0,2,450392,UNKNOWN,2026-08-28T08:30:26.820315+00:00,-116218,-27831,-2087000,-116380,167087,,497,652,179,1505,False,OTC,廣積,UNKNOWN,ordinary_stock,TWSE_T86+TPEX_DAILY_TRADE_HIS,8050,809,751,687,813,0,0,0,0,0,0,0,0,,879,789,778,851
2026-08-28,GOOD,0,2,42752,-36014,-1439,-73431,3369,442,282,435,286,3,0,452707,269813,72393,535411,503480,361260,,1449,1680,1226,1652,0,462,284,460,296,3,0,493459,UNKNOWN,2026-08-28T08:30:26.820315+00:00,235799,70954,443980,508571,364629,,1429,1678,1201,1642,False,OTC,安國,UNKNOWN,ordinary_stock,TWSE_T86+TPEX_DAILY_TRADE_HIS,8054,189,752,1447,814,0,0,-2000,2000,0,-18000,0,0,,1697,790,213,852
2026-08-28,GOOD,0,2,1519,215,-445,-6302,867,549,1509,875,1452,0,2,-285000,137000,-75000,12000,-122000,-74000,,1342,452,787,483,0,552,1491,875,1439,0,2,-283481,UNKNOWN,2026-08-28T08:30:26.820315+00:00,137215,-75445,5698,-121594,-73133,,1339,471,786,498,False,OTC,凱碩,UNKNOWN,ordinary_stock,TWSE_T86+TPEX_DAILY_TRADE_HIS,8059,810,753,688,815,0,0,0,0,0,0,0,0,,880,791,779,853
2026-08-28,GOOD,0,2,36817,-26367,-10156,153671,5225,262,247,266,185,4,0,888888,804992,107227,1611284,711077,846940,,1629,1715,1395,1753,0,271,254,298,198,4,0,925705,UNKNOWN,2026-08-28T08:30:26.820315+00:00,778625,97071,1377955,752080,852165,,1620,1708,1363,1740,False,OTC,東捷,UNKNOWN,ordinary_stock,TWSE_T86+TPEX_DAILY_TRADE_HIS,8064,811,754,1553,816,0,0,0,0,0,-387000,0,0,,881,792,107,854
2026-08-28,GOOD,0,1,617,267,-201,,442,962,774,,1045,0,0,-5000,7000,0,,1000,1000,,928,1159,,888,0,973,819,,1035,0,1,-4383,UNKNOWN,2026-08-28T08:30:26.820315+00:00,7267,-201,,1594,1442,,918,1143,,903,False,OTC,來思達,UNKNOWN,ordinary_stock,TWSE_T86+TPEX_DAILY_TRADE_HIS,8066,812,755,,817,0,0,0,0,0,,0,0,,882,793,,855
2026-08-28,GOOD,0,0,902,436,0,-1355,669,785,1190,1005,688,0,1,43000,35000,-12000,-49395,19000,39000,,1108,772,656,1252,0,792,1170,992,687,0,1,43902,UNKNOWN,2026-08-28T08:30:26.820315+00:00,35436,-12000,-50750,19000,39669,,1099,789,669,1251,False,OTC,全達,UNKNOWN,ordinary_stock,TWSE_T86+TPEX_DAILY_TRADE_HIS,8068,813,756,689,818,0,0,0,0,0,0,0,0,,883,794,780,856
2026-08-28,GOOD,1,0,-149835,926647,405862,78099,388406,1855,1816,1643,1902,0,2,1519369,-10579083,-633589,-38784188,-2897582,-4529857,,36,146,18,36,0,1847,1683,1644,1892,0,2,1223561,UNKNOWN,2026-08-28T08:30:26.820315+00:00,-8860195,-227727,-39397385,-2112833,-3818317,,44,279,17,46,False,OTC,元太,UNKNOWN,ordinary_stock,TWSE_T86+TPEX_DAILY_TRADE_HIS,8069,78,757,1578,64,0,0,-145973,792241,0,-691296,335671,323134,,1813,795,83,1874
2026-08-28,GOOD,0,0,346,360,0,483,353,261,428,1180,229,6,0,253994,809058,18322,-234584,372382,531526,,1630,1534,481,1709,0,263,431,1176,240,6,0,254340,UNKNOWN,2026-08-28T08:30:26.820315+00:00,809418,18322,-234101,372805,531879,,1628,1531,485,1698,False,OTC,能率網通,UNKNOWN,ordinary_stock,TWSE_T86+TPEX_DAILY_TRADE_HIS,8071,814,758,690,819,0,0,0,0,0,0,0,0,,884,796,781,857
2026-08-28,GOOD,0,1,28513,-39737,-19898,-18140,-5612,319,499,366,249,5,0,401184,527588,9121,831692,185121,464386,,1572,1463,1295,1689,0,336,1154,373,262,0,1,429697,UNKNOWN,2026-08-28T08:30:26.820315+00:00,487851,-10777,813552,188427,458774,,1555,808,1288,1676,False,OTC,鉅橡,UNKNOWN,ordinary_stock,TWSE_T86+TPEX_DAILY_TRADE_HIS,8074,815,759,691,820,0,0,0,0,0,0,0,0,,885,797,782,858
2026-08-28,GOOD,0,1,1302,-8504,-44,-36146,-3601,409,1635,481,466,0,2,-51838,308358,-153978,395420,187260,128260,,1482,327,1180,1472,0,417,1620,497,479,0,2,-50536,UNKNOWN,2026-08-28T08:30:26.820315+00:00,299854,-154022,359274,187218,124659,,1474,342,1164,1459,False,OTC,伍豐,UNKNOWN,ordinary_stock,TWSE_T86+TPEX_DAILY_TRADE_HIS,8076,816,760,692,821,0,0,0,0,0,0,0,0,,886,798,783,859
2026-08-26,STALE,6,0,151,877,470,,514,888,775,,1077,0,0,-16000,16000,0,,0,0,,1002,1160,,857,2,891,737,,1058,7,0,-15849,UNKNOWN,2026-08-28T08:30:26.820315+00:00,16877,470,,510,514,,1000,1225,,880,True,OTC,泰霖,UNKNOWN,ordinary_stock,TWSE_T86+TPEX_DAILY_TRADE_HIS,8080,817,761,,822,0,0,0,0,0,,0,0,,887,799,,860
2026-08-28,GOOD,0,1,1207,593,-100,2833,900,1062,1217,1182,1464,0,1,-157939,-1939,-14952,-235104,-59952,-79939,,829,745,479,474,0,1065,1201,1174,1449,0,1,-156732,UNKNOWN,2026-08-28T08:30:26.820315+00:00,-1346,-15052,-232271,-59052,-79039,,826,761,487,489,False,OTC,瑞穎,UNKNOWN,ordinary_stock,TWSE_T86+TPEX_DAILY_TRADE_HIS,8083,818,762,693,823,0,0,0,0,0,0,0,0,,888,800,784,861
2026-08-28,GOOD,1,0,-4655,-499,82,-446,-2577,1523,1322,1197,1438,0,3,189868,-323732,-27000,-265732,-136932,-66932,,368,639,464,500,0,1527,1301,1188,1432,0,3,185213,UNKNOWN,2026-08-28T08:30:26.820315+00:00,-324231,-26918,-266178,-138936,-69509,,364,661,473,506,False,OTC,巨虹,UNKNOWN,ordinary_stock,TWSE_T86+TPEX_DAILY_TRADE_HIS,8084,819,763,694,824,0,0,0,0,0,0,0,0,,889,801,785,862
2026-08-28,GOOD,1,0,706,1032,923,1069,869,1403,317,1284,613,2,0,247041,-128961,50084,-480851,52040,59040,,488,1645,377,1325,0,1406,315,1276,616,1,0,247747,UNKNOWN,2026-08-28T08:30:26.820315+00:00,-127929,51007,-479782,53034,59909,,485,1647,385,1322,False,OTC,福華,UNKNOWN,ordinary_stock,TWSE_T86+TPEX_DAILY_TRADE_HIS,8085,820,764,695,825,0,0,0,0,0,0,0,0,,890,802,786,863
2026-08-28,GOOD,0,1,-180154,93646,-33008,101782,-43254,1856,1762,1622,1818,0,1,8040356,-10941276,-386117,-15105487,-1155699,-1450460,,35,200,39,120,0,1857,1768,1623,1822,0,1,7859702,UNKNOWN,2026-08-28T08:30:26.820315+00:00,-10847130,-419125,-15002705,-1172459,-1493714,,34,194,38,116,False,OTC,宏捷科,UNKNOWN,ordinary_stock,TWSE_T86+TPEX_DAILY_TRADE_HIS,8086,209,765,229,826,0,0,-500,500,0,1000,0,0,,1682,803,1430,864
2026-08-28,GOOD,0,1,-281,-313,-1103,336,-297,1485,1034,381,1513,0,1,4850,-239152,-3302,787534,45698,-117151,,406,928,1280,425,0,1486,1049,381,1510,0,1,4569,UNKNOWN,2026-08-28T08:30:26.820315+00:00,-239465,-4405,787870,45230,-117448,,405,913,1280,428,False,OTC,品安,UNKNOWN,ordinary_stock,TWSE_T86+TPEX_DAILY_TRADE_HIS,8088,821,766,696,827,0,0,0,0,0,0,0,0,,891,804,787,865
2026-08-28,GOOD,1,0,98,-478,37,-637,-190,642,1191,637,561,0,1,79000,81000,-12000,150018,68000,80000,,1249,773,1024,1378,0,657,1167,629,566,0,1,79098,UNKNOWN,2026-08-28T08:30:26.820315+00:00,80522,-11963,149381,68037,79810,,1234,795,1031,1372,False,OTC,康全電訊,UNKNOWN,ordinary_stock,TWSE_T86+TPEX_DAILY_TRADE_HIS,8089,822,767,697,828,0,0,0,0,0,0,0,0,,892,805,788,866
2026-08-28,GOOD,0,1,1304,-47298,-4732,-33044,-22997,525,1201,996,1189,0,2,-171174,162216,-13000,-44875,-11479,-4479,,1366,759,665,749,0,596,1226,1039,1318,0,2,-169870,UNKNOWN,2026-08-28T08:30:26.820315+00:00,114918,-17732,-77919,-14550,-27476,,1295,736,622,620,False,OTC,翔名,UNKNOWN,ordinary_stock,TWSE_T86+TPEX_DAILY_TRADE_HIS,8091,823,768,698,829,0,0,0,0,0,0,0,0,,893,806,789,867
2026-08-28,GOOD,1,0,446,242,49,,344,1158,736,,1279,1,0,-14583,-13583,919,,-17081,-14083,,733,1226,,659,0,1161,722,,1261,1,0,-14137,UNKNOWN,2026-08-28T08:30:26.820315+00:00,-13341,968,,-17186,-13739,,730,1240,,677,False,OTC,建暐,UNKNOWN,ordinary_stock,TWSE_T86+TPEX_DAILY_TRADE_HIS,8092,824,769,,830,0,0,0,0,0,,0,0,,894,807,,868
2026-08-28,GOOD,0,1,112926,-53390,-61200,79981,29768,1490,1745,1564,1807,0,3,-2330471,-247421,-332224,-5009432,-1732061,-1288946,,401,217,97,131,0,1515,1755,1564,1804,0,3,-2217545,UNKNOWN,2026-08-28T08:30:26.820315+00:00,-300811,-393424,-5290451,-1674696,-1259178,,376,207,97,134,False,OTC,擎亞,UNKNOWN,ordinary_stock,TWSE_T86+TPEX_DAILY_TRADE_HIS,8096,825,770,1550,831,0,0,0,0,0,-361000,0,0,,895,808,111,869
2026-08-28,GOOD,0,1,9293,-13293,-1000,-16911,-2000,786,409,1007,641,2,0,69403,34597,22000,-50403,23000,52000,,1105,1553,654,1298,0,853,416,1026,651,2,0,78696,UNKNOWN,2026-08-28T08:30:26.820315+00:00,21304,21000,-67314,22000,50000,,1038,1545,635,1286,False,OTC,常珵,UNKNOWN,ordinary_stock,TWSE_T86+TPEX_DAILY_TRADE_HIS,8097,826,771,699,832,0,0,0,0,0,0,0,0,,896,809,790,870
2026-08-28,GOOD,3,0,5996,13992,4122,17169,9994,252,1539,348,191,0,2,763322,879680,-90000,916693,797000,821501,,1639,421,1313,1747,0,255,1516,349,203,0,2,769318,UNKNOWN,2026-08-28T08:30:26.820315+00:00,893672,-85878,933862,807050,831495,,1636,446,1312,1735,False,OTC,大世科,UNKNOWN,ordinary_stock,TWSE_T86+TPEX_DAILY_TRADE_HIS,8099,827,772,700,833,0,0,0,0,0,0,0,0,,897,810,791,871
2026-08-28,GOOD,0,0,93,-91,0,-33,1,853,568,645,812,1,0,13001,20999,5000,144999,9000,17000,,1039,1400,1016,1123,0,858,563,635,811,1,0,13094,UNKNOWN,2026-08-28T08:30:26.820315+00:00,20908,5000,144966,9001,17001,,1033,1402,1026,1127,False,OTC,大億金茂,UNKNOWN,ordinary_stock,TWSE_T86+TPEX_DAILY_TRADE_HIS,8107,828,773,701,834,0,0,0,0,0,0,0,0,,898,811,792,872
2026-08-28,GOOD,0,2,-26848,-4968,-1366,13947,-15908,1708,1408,1415,1442,0,2,1136325,-1272711,-44000,-1192346,-40193,-68193,,183,555,246,496,0,1713,1397,1412,1458,0,2,1109477,UNKNOWN,2026-08-28T08:30:26.820315+00:00,-1277679,-45366,-1182399,-53984,-84101,,178,565,249,480,False,OTC,博大,UNKNOWN,ordinary_stock,TWSE_T86+TPEX_DAILY_TRADE_HIS,8109,829,774,1391,835,0,0,0,0,0,-4000,0,0,,899,812,267,873
2026-08-28,GOOD,0,1,-268876,157668,-309298,244,-55604,1345,1225,1205,1691,0,1,-846578,-82458,-15953,-287335,-164037,-464518,,546,737,456,247,0,668,1732,1200,1703,0,1,-1115454,UNKNOWN,2026-08-28T08:30:26.820315+00:00,75210,-325251,-287091,-402038,-520122,,1223,230,461,235,False,OTC,立碁,UNKNOWN,ordinary_stock,TWSE_T86+TPEX_DAILY_TRADE_HIS,8111,830,775,702,836,0,0,0,0,0,0,0,0,,900,813,793,874
2026-08-28,GOOD,0,1,-31255,-23875,-629,14083,-27565,1509,1565,1356,1409,0,1,179284,-287122,-103400,-774440,63751,-53919,,382,397,305,529,0,1520,1548,1350,1456,0,1,148029,UNKNOWN,2026-08-28T08:30:26.820315+00:00,-310997,-104029,-760357,65889,-81484,,371,414,311,482,False,OTC,越峰,UNKNOWN,ordinary_stock,TWSE_T86+TPEX_DAILY_TRADE_HIS,8121,831,776,703,837,0,0,0,0,0,0,0,0,,901,814,794,875
2026-08-28,GOOD,0,1,-31,-7031,-1836,5126,-3531,491,393,799,347,4,0,317936,197024,25181,37291,259956,257480,,1400,1569,862,1591,0,500,403,784,356,4,0,317905,UNKNOWN,2026-08-28T08:30:26.820315+00:00,189993,23345,42417,258603,253949,,1391,1559,877,1582,False,OTC,正淩,UNKNOWN,ordinary_stock,TWSE_T86+TPEX_DAILY_TRADE_HIS,8147,832,777,704,838,0,0,0,0,0,0,0,0,,902,815,795,876
2026-08-28,GOOD,0,1,130256,22086,-7863,236910,76171,1671,363,1441,1709,1,0,-61296,-968808,33347,-1549805,-555232,-515052,,220,1599,220,229,0,1678,391,1438,1684,1,0,68960,UNKNOWN,2026-08-28T08:30:26.820315+00:00,-946722,25484,-1447227,-447343,-438881,,213,1571,223,254,False,OTC,博智,UNKNOWN,ordinary_stock,TWSE_T86+TPEX_DAILY_TRADE_HIS,8155,833,778,1521,839,0,0,0,0,0,-134332,0,0,,903,816,140,877
2026-08-28,GOOD,3,0,593,-27,167,-25338,283,754,351,998,632,2,0,67751,41751,36000,-45249,24000,54751,,1137,1609,663,1306,0,766,351,1032,636,2,0,68344,UNKNOWN,2026-08-28T08:30:26.820315+00:00,41724,36167,-70587,24283,55034,,1125,1611,629,1302,False,OTC,天宇,UNKNOWN,ordinary_stock,TWSE_T86+TPEX_DAILY_TRADE_HIS,8171,834,779,705,840,0,0,0,0,0,0,0,0,,904,817,796,878
2026-08-28,GOOD,1,0,457,101,797,697,279,835,776,709,725,0,0,36000,24000,0,91000,15000,30000,,1057,1161,952,1215,0,838,727,695,724,1,0,36457,UNKNOWN,2026-08-28T08:30:26.820315+00:00,24101,797,91697,14932,30279,,1053,1235,966,1214,False,OTC,智捷,UNKNOWN,ordinary_stock,TWSE_T86+TPEX_DAILY_TRADE_HIS,8176,835,780,706,841,0,0,0,0,0,0,0,0,,905,818,797,879
2026-08-28,GOOD,4,0,-3844,6790,410,751,1473,411,222,949,384,4,0,127945,302395,135120,-16761,225120,215170,,1480,1740,712,1554,0,410,227,930,385,4,0,124101,UNKNOWN,2026-08-28T08:30:26.820315+00:00,309185,135530,-16010,227681,216643,,1481,1735,731,1553,False,OTC,加高,UNKNOWN,ordinary_stock,TWSE_T86+TPEX_DAILY_TRADE_HIS,8182,836,781,707,842,0,0,0,0,0,0,0,0,,906,819,798,880
2026-08-28,GOOD,0,3,198265,-199201,-126,-191741,-468,383,392,445,385,4,0,63001,364999,26000,487049,174000,214000,,1508,1571,1216,1553,0,518,390,524,389,4,0,261266,UNKNOWN,2026-08-28T08:30:26.820315+00:00,165798,25874,295308,151121,213532,,1373,1572,1137,1549,False,OTC,精星,UNKNOWN,ordinary_stock,TWSE_T86+TPEX_DAILY_TRADE_HIS,8183,837,782,708,843,0,0,0,0,0,0,0,0,,907,820,799,881
2026-08-28,GOOD,0,3,6746,-1838,-2813,18756,2454,1090,1208,1298,1484,0,2,-191990,-3434,-13870,-514353,-109720,-97712,,801,754,363,454,0,1113,1217,1280,1471,0,3,-185244,UNKNOWN,2026-08-28T08:30:26.820315+00:00,-5272,-16683,-495597,-121119,-95258,,778,745,381,467,False,OTC,巨有科技,UNKNOWN,ordinary_stock,TWSE_T86+TPEX_DAILY_TRADE_HIS,8227,838,783,709,844,0,0,0,0,0,0,0,0,,908,821,800,882
2026-08-28,GOOD,0,1,-15191,33387,-1934,85705,9098,1570,1610,222,246,0,1,1402831,-457401,-136508,2205998,417496,472715,,321,352,1439,1692,0,1560,1603,229,257,0,1,1387640,UNKNOWN,2026-08-28T08:30:26.820315+00:00,-424014,-138442,2291703,431067,481813,,331,359,1432,1681,False,OTC,新漢,UNKNOWN,ordinary_stock,TWSE_T86+TPEX_DAILY_TRADE_HIS,8234,839,784,710,845,0,0,0,0,0,0,0,0,,909,822,801,883
2026-08-28,GOOD,0,2,1535,3599,-2195,6861,2567,1577,1540,1017,1716,0,5,-613311,-474489,-90000,-54303,-511900,-543900,,314,422,644,222,0,1572,1531,984,1711,0,5,-611776,UNKNOWN,2026-08-28T08:30:26.820315+00:00,-470890,-92195,-47442,-510250,-541333,,319,431,677,227,False,OTC,華宏,UNKNOWN,ordinary_stock,TWSE_T86+TPEX_DAILY_TRADE_HIS,8240,840,785,711,846,0,0,0,0,0,0,0,0,,910,823,802,884
2026-08-28,GOOD,1,0,33042,-41180,6267,-42349,-4069,755,1486,491,500,0,1,184660,41492,-66525,370534,45363,113076,,1136,476,1170,1438,0,1045,1449,513,505,0,1,217702,UNKNOWN,2026-08-28T08:30:26.820315+00:00,312,-60258,328185,47679,109007,,846,513,1148,1433,False,OTC,朋程,UNKNOWN,ordinary_stock,TWSE_T86+TPEX_DAILY_TRADE_HIS,8255,841,786,712,847,0,0,0,0,0,0,0,0,,911,824,803,885
2026-08-27,STALE,0,0,,,0,,0,,696,,1115,2,0,,,1000,,1000,-1000,,,1258,,826,1,,682,,1096,2,0,,UNKNOWN,2026-08-28T08:30:26.820315+00:00,,1000,,1000,-1000,,,1259,,842,True,OTC,全景軟體,UNKNOWN,ordinary_stock,TWSE_T86+TPEX_DAILY_TRADE_HIS,8272,,787,,848,0,0,,,0,,0,0,,,825,,886
2026-08-28,GOOD,0,0,0,0,0,,0,1233,1211,,1195,0,1,19000,-29000,-14000,,-13000,-5000,,657,749,,743,0,1238,1195,,1169,0,1,19000,UNKNOWN,2026-08-28T08:30:26.820315+00:00,-29000,-14000,,-13000,-5000,,652,766,,767,False,OTC,商丞,UNKNOWN,ordinary_stock,TWSE_T86+TPEX_DAILY_TRADE_HIS,8277,842,788,,849,0,0,0,0,0,,0,0,,912,826,,887
2026-08-28,GOOD,0,0,0,0,0,,0,999,519,,1256,2,0,-24980,3020,8000,,10020,-10980,,892,1443,,682,0,1009,516,,1244,2,0,-24980,UNKNOWN,2026-08-28T08:30:26.820315+00:00,3020,8000,,10020,-10980,,882,1446,,694,False,OTC,生展,UNKNOWN,ordinary_stock,TWSE_T86+TPEX_DAILY_TRADE_HIS,8279,843,789,,850,0,0,0,0,0,,0,0,,913,827,,888
2026-08-28,GOOD,0,0,3000,-1000,0,,1000,856,887,,1024,0,1,-16000,20000,-1000,,2000,2000,,1036,1070,,915,0,870,875,,994,0,1,-13000,UNKNOWN,2026-08-28T08:30:26.820315+00:00,19000,-1000,,3000,3000,,1019,1081,,944,False,OTC,三竹,UNKNOWN,ordinary_stock,TWSE_T86+TPEX_DAILY_TRADE_HIS,8284,844,790,,851,0,0,0,0,0,,0,0,,914,828,,889
2026-08-28,GOOD,0,2,-56058,61264,-496,79261,2603,353,280,599,363,2,0,51645,422421,73000,194734,177170,237033,,1538,1682,1062,1575,0,338,281,541,367,2,0,-4413,UNKNOWN,2026-08-28T08:30:26.820315+00:00,483685,72504,273995,179735,239636,,1553,1681,1120,1571,False,OTC,泰藝,UNKNOWN,ordinary_stock,TWSE_T86+TPEX_DAILY_TRADE_HIS,8289,845,791,713,852,0,0,0,0,0,0,0,0,,915,829,804,890
2026-08-28,GOOD,0,1,-160822,70310,-70187,-799215,-45256,177,1418,448,138,0,1,1292216,1746456,-47632,468492,571401,1519336,,1714,544,1213,1800,0,254,1574,1503,154,0,1,1918237,UNKNOWN,2026-08-28T08:30:26.820315+00:00,894401,-120819,-2531499,621651,1406319,,1637,388,158,1784,False,OTC,群聯,UNKNOWN,ordinary_stock,TWSE_T86+TPEX_DAILY_TRADE_HIS,8299,1833,1862,1615,1843,0,4,786843,-922365,-3000,-2200776,-54538,-67761,,58,100,46,95
2026-08-28,GOOD,1,0,530,548,115,524,539,880,777,901,1229,0,0,-33000,17000,0,2864,-6000,-8000,,1009,1162,760,710,0,884,745,883,1203,1,0,-32470,UNKNOWN,2026-08-28T08:30:26.820315+00:00,17548,115,3388,-5862,-7461,,1007,1217,778,735,False,OTC,恒耀,UNKNOWN,ordinary_stock,TWSE_T86+TPEX_DAILY_TRADE_HIS,8349,846,792,714,853,0,0,0,0,0,0,0,0,,916,830,805,891
2026-08-28,GOOD,1,0,-292,156,70,,-68,925,1076,,873,0,1,10998,11002,-5000,,16000,11000,,966,883,,1060,0,931,1055,,874,0,1,10706,UNKNOWN,2026-08-28T08:30:26.820315+00:00,11158,-4930,,16569,10932,,960,907,,1064,False,OTC,冠好,UNKNOWN,ordinary_stock,TWSE_T86+TPEX_DAILY_TRADE_HIS,8354,847,793,,854,0,0,0,0,0,,0,0,,917,831,,892
2026-08-28,GOOD,2,0,430466,-1425816,160303,-1198567,-497675,1803,1878,1629,133,0,1,6895501,-3724317,-1193453,-20545034,3499202,1585592,,88,84,32,1805,0,1824,1867,1641,192,0,1,6999367,UNKNOWN,2026-08-28T08:30:26.820315+00:00,-5097533,-1134150,-32834801,3653704,950917,,67,95,20,1746,False,OTC,金居,UNKNOWN,ordinary_stock,TWSE_T86+TPEX_DAILY_TRADE_HIS,8358,144,1915,1654,1861,0,1,-326600,52600,-101000,-11091200,-125000,-137000,,1747,47,7,77
2026-08-28,GOOD,0,1,91498,-129146,-11373,-176790,-18824,1783,1861,1563,1794,0,2,979520,-3210154,-986000,-4960792,-418692,-1115317,,108,101,98,144,0,1791,1852,1562,1793,0,2,1071018,UNKNOWN,2026-08-28T08:30:26.820315+00:00,-3339300,-997373,-5137582,-387716,-1134141,,100,110,99,145,False,OTC,千附,UNKNOWN,ordinary_stock,TWSE_T86+TPEX_DAILY_TRADE_HIS,8383,848,794,715,855,0,0,0,0,0,0,0,0,,918,832,806,893
2026-08-28,GOOD,0,2,-836,-18022,-1560,55632,-9429,1551,1581,1343,1629,0,1,-138564,-395460,-118000,-694488,109975,-267012,,340,381,318,309,0,1555,1569,1327,1624,0,1,-139400,UNKNOWN,2026-08-28T08:30:26.820315+00:00,-413482,-119560,-638856,90541,-276441,,336,393,334,314,False,OTC,金益鼎,UNKNOWN,ordinary_stock,TWSE_T86+TPEX_DAILY_TRADE_HIS,8390,849,795,716,856,0,0,0,0,0,0,0,0,,919,833,807,894
2026-08-27,STALE,0,0,192,192,0,,192,805,697,,1162,1,0,-36000,30000,1000,,-2000,-3000,,1090,1259,,776,1,805,683,,1131,1,0,-35808,UNKNOWN,2026-08-28T08:30:26.820315+00:00,30192,1000,,-2053,-2808,,1086,1260,,807,True,OTC,白紗科,UNKNOWN,ordinary_stock,TWSE_T86+TPEX_DAILY_TRADE_HIS,8401,850,796,,857,0,0,0,0,0,,0,0,,920,834,,895
2026-08-28,GOOD,0,0,0,0,0,0,0,602,1312,650,1383,0,4,-187361,103361,-26000,139258,-44000,-42000,,1289,648,1011,555,0,614,1295,645,1365,0,4,-187361,UNKNOWN,2026-08-28T08:30:26.820315+00:00,103361,-26000,139258,-44000,-42000,,1277,664,1016,573,False,OTC,盛弘,UNKNOWN,ordinary_stock,TWSE_T86+TPEX_DAILY_TRADE_HIS,8403,851,797,717,858,0,0,0,0,0,0,0,0,,921,835,808,896
2026-08-28,GOOD,0,1,6482,6596,-105,13062,6539,928,778,841,813,0,0,23000,11000,0,23000,7000,17000,,962,1163,819,1124,0,883,813,796,762,0,2,29482,UNKNOWN,2026-08-28T08:30:26.820315+00:00,17596,-105,36062,6804,23539,,1008,1149,865,1176,False,OTC,森田,UNKNOWN,ordinary_stock,TWSE_T86+TPEX_DAILY_TRADE_HIS,8410,852,798,718,859,0,0,0,0,0,0,0,0,,922,836,809,897
2026-08-28,GOOD,0,1,-3175,-16539,-196,-18796,-9857,533,1717,316,1703,0,1,-1162353,154781,-266870,1194494,-431786,-503786,,1358,245,1345,235,0,551,1705,399,1701,0,1,-1165528,UNKNOWN,2026-08-28T08:30:26.820315+00:00,138242,-267066,702698,-438842,-513643,,1340,257,1262,237,False,OTC,大國鋼,UNKNOWN,ordinary_stock,TWSE_T86+TPEX_DAILY_TRADE_HIS,8415,853,799,1561,860,0,0,0,0,0,-473000,0,0,,923,837,100,898
2026-08-28,GOOD,0,2,-741,-647,-574,16014,-694,523,1239,572,743,0,1,-109050,163050,-17000,225441,-1000,27000,,1368,724,1089,1195,0,524,1225,562,746,0,1,-109791,UNKNOWN,2026-08-28T08:30:26.820315+00:00,162403,-17574,241455,-1920,26306,,1367,737,1099,1192,False,OTC,旭源,UNKNOWN,ordinary_stock,TWSE_T86+TPEX_DAILY_TRADE_HIS,8421,854,800,719,861,0,0,0,0,0,0,0,0,,924,838,810,899
2026-08-28,GOOD,0,0,4176,3836,0,,4006,990,888,,1242,0,3,-22000,4000,-1000,,-8000,-9000,,900,1071,,695,0,969,876,,1167,0,6,-17824,UNKNOWN,2026-08-28T08:30:26.820315+00:00,7836,-1000,,-3993,-4994,,922,1082,,771,False,OTC,惠普,UNKNOWN,ordinary_stock,TWSE_T86+TPEX_DAILY_TRADE_HIS,8424,855,801,,862,0,0,0,0,0,,0,0,,925,839,,900
2026-08-28,GOOD,0,0,-1109,-115,0,,-612,963,779,,780,0,0,33000,7000,0,,26000,20000,,929,1164,,1157,0,978,769,,786,0,0,31891,UNKNOWN,2026-08-28T08:30:26.820315+00:00,6885,0,,25388,19388,,913,1172,,1152,False,OTC,紅木-KY,UNKNOWN,ordinary_stock,TWSE_T86+TPEX_DAILY_TRADE_HIS,8426,856,802,,863,0,0,0,0,0,,0,0,,926,840,,901
2026-08-28,GOOD,2,0,12431,-4795,2671,-10336,3818,1222,1387,753,778,0,1,64728,-24712,-39999,63699,27008,20008,,669,575,908,1160,0,1242,1357,758,761,0,1,77159,UNKNOWN,2026-08-28T08:30:26.820315+00:00,-29507,-37328,53363,30676,23826,,649,605,903,1177,False,OTC,匯鑽科,UNKNOWN,ordinary_stock,TWSE_T86+TPEX_DAILY_TRADE_HIS,8431,857,803,720,864,0,0,0,0,0,0,0,0,,927,841,811,902
2026-08-28,GOOD,0,0,91,-101,0,,-5,1142,965,,1004,0,1,17000,-11000,-2000,,3000,3000,,748,995,,934,0,1148,948,,1002,0,1,17091,UNKNOWN,2026-08-28T08:30:26.820315+00:00,-11101,-2000,,3000,2995,,743,1008,,936,False,OTC,東生華,UNKNOWN,ordinary_stock,TWSE_T86+TPEX_DAILY_TRADE_HIS,8432,858,804,,865,0,0,0,0,0,,0,0,,928,842,,903
2026-08-27,STALE,0,0,799,799,0,,799,860,608,,814,1,0,15000,19000,3000,,2000,17000,,1028,1349,,1125,1,865,603,,806,1,0,15799,UNKNOWN,2026-08-28T08:30:26.820315+00:00,19799,3000,,2000,17799,,1026,1353,,1132,True,OTC,弘帆,UNKNOWN,ordinary_stock,TWSE_T86+TPEX_DAILY_TRADE_HIS,8433,859,805,,866,0,0,0,0,0,,0,0,,929,843,,904
2026-08-28,GOOD,0,1,-202,-516,-256,,-359,919,507,,893,2,0,8000,12000,9000,,10000,10000,,971,1459,,1044,0,928,513,,893,2,0,7798,UNKNOWN,2026-08-28T08:30:26.820315+00:00,11484,8744,,9744,9641,,963,1449,,1045,False,OTC,鉅邁,UNKNOWN,ordinary_stock,TWSE_T86+TPEX_DAILY_TRADE_HIS,8435,860,806,,867,0,0,0,0,0,,0,0,,930,844,,905
2026-08-28,GOOD,0,5,-84457,34199,-2777,186127,-25129,1747,1770,1541,1768,0,14,355972,-1941972,-413000,-3751990,-581000,-793000,,144,192,120,170,0,1736,1745,1523,1699,0,2,590200,UNKNOWN,2026-08-28T08:30:26.820315+00:00,-1597088,-362777,-3058178,-394894,-503444,,155,217,138,239,False,OTC,大江,UNKNOWN,ordinary_stock,TWSE_T86+TPEX_DAILY_TRADE_HIS,8436,112,49,115,68,5,0,318685,310685,53000,507685,201683,314685,,1779,1913,1546,1870
2026-08-28,GOOD,3,0,-284,514,150,,115,824,542,,766,2,0,18001,25999,6000,,8000,22000,,1067,1420,,1173,0,821,535,,766,6,0,17717,UNKNOWN,2026-08-28T08:30:26.820315+00:00,26513,6150,,8620,22115,,1070,1427,,1172,False,OTC,大地-KY,UNKNOWN,ordinary_stock,TWSE_T86+TPEX_DAILY_TRADE_HIS,8437,861,807,,868,0,0,0,0,0,,0,0,,931,845,,906
2026-08-28,GOOD,0,0,-978,44,0,-370,-467,540,1048,642,581,0,1,-10001,147999,-4000,145998,8000,68999,,1351,910,1019,1357,0,539,1027,634,589,0,1,-10979,UNKNOWN,2026-08-28T08:30:26.820315+00:00,148043,-4000,145628,8125,68532,,1352,922,1027,1349,False,OTC,綠電,UNKNOWN,ordinary_stock,TWSE_T86+TPEX_DAILY_TRADE_HIS,8440,862,808,721,869,0,0,0,0,0,0,0,0,,932,846,812,907
2026-08-28,GOOD,0,1,557,-765,-5,-492,-104,626,471,721,675,9,0,-8000,94000,12000,83437,25000,43000,,1268,1492,940,1264,0,640,474,705,676,9,0,-7443,UNKNOWN,2026-08-28T08:30:26.820315+00:00,93235,11995,82945,24995,42896,,1252,1488,956,1262,False,OTC,華研,UNKNOWN,ordinary_stock,TWSE_T86+TPEX_DAILY_TRADE_HIS,8446,863,809,722,870,0,0,0,0,0,0,0,0,,933,847,813,908
2026-08-28,GOOD,1,0,-130,110,653,-1182,-10,1104,889,923,1142,0,1,1000,-5000,-1000,-4000,1000,-2000,,791,1072,737,795,0,1102,826,903,1127,0,1,870,UNKNOWN,2026-08-28T08:30:26.820315+00:00,-4890,-347,-5182,1241,-2010,,789,1136,758,811,False,OTC,霹靂,UNKNOWN,ordinary_stock,TWSE_T86+TPEX_DAILY_TRADE_HIS,8450,864,810,723,871,0,0,0,0,0,0,0,0,,934,848,814,909
2026-08-28,GOOD,1,0,-961,-841,80,,-901,1003,780,,1116,0,0,-5000,3000,0,,0,-1000,,885,1165,,827,0,1021,750,,1114,1,0,-5961,UNKNOWN,2026-08-28T08:30:26.820315+00:00,2159,80,,-119,-1901,,870,1212,,824,False,OTC,夠麻吉,UNKNOWN,ordinary_stock,TWSE_T86+TPEX_DAILY_TRADE_HIS,8472,865,811,,872,0,0,0,0,0,,0,0,,935,849,,910
2026-08-14,STALE,2,0,,,46,,696,,781,,798,0,0,,,0,,11000,18000,,,1166,,1137,14,,754,,793,5,0,,UNKNOWN,2026-08-28T08:30:26.820315+00:00,,46,,11228,18696,,,1208,,1145,True,OTC,創業家,UNKNOWN,ordinary_stock,TWSE_T86+TPEX_DAILY_TRADE_HIS,8477,,812,,873,0,0,,,0,,0,0,,,850,,911
2026-08-28,GOOD,0,0,1541,191,0,,866,812,638,,781,1,0,12001,27999,2000,,4000,20000,,1079,1314,,1158,0,813,629,,774,3,0,13542,UNKNOWN,2026-08-28T08:30:26.820315+00:00,28190,2000,,4498,20866,,1078,1321,,1164,False,OTC,三貝德,UNKNOWN,ordinary_stock,TWSE_T86+TPEX_DAILY_TRADE_HIS,8489,866,813,,874,0,0,0,0,0,,0,0,,936,851,,912
2026-08-28,GOOD,0,2,5134,-5236,-454,,-51,1044,639,,1025,1,0,4000,0,2000,,1000,2000,,848,1315,,916,0,1111,654,,1028,1,0,9134,UNKNOWN,2026-08-28T08:30:26.820315+00:00,-5236,1546,,420,1949,,780,1308,,910,False,OTC,裕國,UNKNOWN,ordinary_stock,TWSE_T86+TPEX_DAILY_TRADE_HIS,8905,867,814,,875,0,0,0,0,0,,0,0,,937,852,,913
2026-08-28,GOOD,0,0,-10,-10,0,-427,-10,730,890,804,822,0,1,-15000,47000,-1000,34000,3000,16000,,1160,1073,856,1115,0,739,877,801,823,0,1,-15010,UNKNOWN,2026-08-28T08:30:26.820315+00:00,46990,-1000,33573,3000,15990,,1152,1083,860,1115,False,OTC,花王,UNKNOWN,ordinary_stock,TWSE_T86+TPEX_DAILY_TRADE_HIS,8906,868,815,724,876,0,0,0,0,0,0,0,0,,938,853,815,914
2026-08-28,GOOD,0,1,-730,444,-94,466,-143,761,525,707,815,6,0,-5999,39999,7000,91999,12000,17000,,1130,1433,954,1126,0,771,529,693,817,6,0,-6729,UNKNOWN,2026-08-28T08:30:26.820315+00:00,40443,6906,92465,11906,16857,,1120,1433,968,1121,False,OTC,欣雄,UNKNOWN,ordinary_stock,TWSE_T86+TPEX_DAILY_TRADE_HIS,8908,869,816,725,877,0,0,0,0,0,0,0,0,,939,854,816,915
2026-08-28,GOOD,3,0,2598,3836,180,13318,3217,1139,891,1252,644,0,1,113589,-10901,-1000,-405770,43000,51344,,752,1074,409,1294,0,1130,835,1249,638,0,1,116187,UNKNOWN,2026-08-28T08:30:26.820315+00:00,-7065,-820,-392452,46218,54561,,761,1127,412,1300,False,OTC,光隆,UNKNOWN,ordinary_stock,TWSE_T86+TPEX_DAILY_TRADE_HIS,8916,870,817,726,878,0,0,0,0,0,0,0,0,,940,855,817,916
2026-08-28,GOOD,0,2,-5748,-5056,-2321,-4777,-5402,816,640,1037,808,3,0,7838,26202,2000,-62785,20000,17020,,1075,1316,624,1130,0,854,825,1031,869,0,1,2090,UNKNOWN,2026-08-28T08:30:26.820315+00:00,21146,-321,-70025,16291,11618,,1037,1137,630,1069,False,OTC,大田,UNKNOWN,ordinary_stock,TWSE_T86+TPEX_DAILY_TRADE_HIS,8924,871,818,1379,879,0,0,0,0,0,-2463,0,0,,941,856,282,917
2026-08-28,GOOD,0,0,-104,104,0,923,0,402,834,379,479,0,1,-75098,320900,-99,789699,78901,122901,,1489,1128,1282,1459,0,404,810,379,481,0,1,-75202,UNKNOWN,2026-08-28T08:30:26.820315+00:00,321004,-99,790622,78901,122901,,1487,1152,1282,1457,False,OTC,北基,UNKNOWN,ordinary_stock,TWSE_T86+TPEX_DAILY_TRADE_HIS,8927,872,819,727,880,0,0,0,0,0,0,0,0,,942,857,818,918
2026-08-28,GOOD,2,0,2183,2093,57,2237,2138,861,543,776,848,2,0,7000,19000,6000,50000,5000,13000,,1029,1421,885,1087,0,855,538,761,829,2,0,9183,UNKNOWN,2026-08-28T08:30:26.820315+00:00,21093,6057,52237,6851,15138,,1036,1424,900,1109,False,OTC,鉅明,UNKNOWN,ordinary_stock,TWSE_T86+TPEX_DAILY_TRADE_HIS,8928,873,820,728,881,0,0,0,0,0,0,0,0,,943,858,819,919
2026-08-28,GOOD,0,1,659,205,-221,405,432,830,641,930,929,10,0,-11000,25000,2000,-5980,5000,7000,,1063,1317,731,1007,0,832,652,904,918,10,0,-10341,UNKNOWN,2026-08-28T08:30:26.820315+00:00,25205,1779,-5575,4771,7432,,1059,1310,757,1020,False,OTC,富堡,UNKNOWN,ordinary_stock,TWSE_T86+TPEX_DAILY_TRADE_HIS,8929,874,821,729,882,0,0,0,0,0,0,0,0,,944,859,820,920
2026-08-28,GOOD,0,1,2984,-5382,-1064,,-1199,1085,1100,,1163,0,1,-3000,-3000,-6000,,-10000,-3000,,810,858,,777,0,1137,1109,,1161,0,1,-16,UNKNOWN,2026-08-28T08:30:26.820315+00:00,-8382,-7064,,-10335,-4199,,754,853,,777,False,OTC,青鋼,UNKNOWN,ordinary_stock,TWSE_T86+TPEX_DAILY_TRADE_HIS,8930,875,822,,883,0,0,0,0,0,,0,0,,945,860,,921
2026-08-28,GOOD,0,4,4138,-4474,-248,,-168,869,782,,1046,0,0,-16000,18000,0,,1000,1000,,1015,1167,,889,0,916,821,,1054,0,2,-11862,UNKNOWN,2026-08-28T08:30:26.820315+00:00,13526,-248,,315,832,,975,1141,,884,False,OTC,大汽電,UNKNOWN,ordinary_stock,TWSE_T86+TPEX_DAILY_TRADE_HIS,8931,876,823,,884,0,0,0,0,0,,0,0,,946,861,,922
2026-08-28,GOOD,0,1,1554680,-1662670,-1190108,-844209,-53995,98,1636,134,193,0,2,-2688636,4278462,-158516,5340994,-1387251,794913,,1793,326,1527,1745,0,148,1885,160,210,0,2,-1133056,UNKNOWN,2026-08-28T08:30:26.820315+00:00,2614892,-1348624,4495385,-1258329,740918,,1743,77,1501,1728,False,OTC,智通*,UNKNOWN,ordinary_stock,TWSE_T86+TPEX_DAILY_TRADE_HIS,8932,1621,824,1361,885,0,0,900,-900,0,-1400,0,0,,270,862,300,923
2026-08-28,GOOD,0,0,0,0,0,,0,555,966,,478,0,1,116000,134000,-2000,,126000,125000,,1336,996,,1460,0,566,949,,477,0,1,116000,UNKNOWN,2026-08-28T08:30:26.820315+00:00,134000,-2000,,126000,125000,,1325,1009,,1461,False,OTC,愛地雅,UNKNOWN,ordinary_stock,TWSE_T86+TPEX_DAILY_TRADE_HIS,8933,877,825,,886,0,0,0,0,0,,0,0,,947,863,,924
2026-08-28,GOOD,0,0,11,-17,0,-308,-3,1417,1333,1237,1376,0,4,66000,-146000,-29000,-367499,-38000,-40000,,474,627,424,562,0,1425,1313,1239,1361,0,4,66011,UNKNOWN,2026-08-28T08:30:26.820315+00:00,-146017,-29000,-367807,-38001,-40003,,466,647,422,577,False,OTC,邦泰,UNKNOWN,ordinary_stock,TWSE_T86+TPEX_DAILY_TRADE_HIS,8935,878,826,730,887,0,0,0,0,0,0,0,0,,948,864,821,925
2026-08-28,GOOD,4,0,-194545,540759,40121,1318007,173107,1645,232,1527,360,2,0,1278716,-800716,127000,-3129615,358000,239000,,246,1730,134,1578,0,1504,210,1466,283,3,0,1086978,UNKNOWN,2026-08-28T08:30:26.820315+00:00,-281150,167121,-1850801,424562,402914,,387,1752,195,1655,False,OTC,國統,UNKNOWN,ordinary_stock,TWSE_T86+TPEX_DAILY_TRADE_HIS,8936,1728,827,1474,1787,0,0,2807,-21193,0,-39193,-9193,-9193,,163,865,187,151
2026-08-28,GOOD,1,0,-1103989,-1115847,90,-1125984,-1109918,1355,352,1001,1536,1,0,-191000,-89000,36000,-47000,-49000,-140000,,535,1610,660,402,0,1706,352,1410,1803,1,0,-1294989,UNKNOWN,2026-08-28T08:30:26.820315+00:00,-1204847,36090,-1172984,-1157958,-1249918,,185,1610,251,135,False,OTC,合騏*,UNKNOWN,ordinary_stock,TWSE_T86+TPEX_DAILY_TRADE_HIS,8937,879,828,731,888,0,0,0,0,0,0,0,0,,949,866,822,926
2026-08-28,GOOD,0,1,-7365,-5129,-2560,-16609,-6247,1198,1154,1184,747,0,1,72209,-19763,-9000,-245585,27000,26223,,693,812,477,1191,0,1225,1162,1190,781,0,1,64844,UNKNOWN,2026-08-28T08:30:26.820315+00:00,-24892,-11560,-266522,21338,19976,,666,800,471,1157,False,OTC,明安,UNKNOWN,ordinary_stock,TWSE_T86+TPEX_DAILY_TRADE_HIS,8938,880,829,1395,889,0,0,0,0,0,-4328,0,0,,950,867,266,927
2026-08-28,GOOD,0,0,0,0,0,,0,953,892,,1026,0,2,-4000,8000,-1000,,0,2000,,935,1075,,917,0,962,878,,1017,0,2,-4000,UNKNOWN,2026-08-28T08:30:26.820315+00:00,8000,-1000,,0,2000,,925,1084,,915,False,OTC,關中,UNKNOWN,ordinary_stock,TWSE_T86+TPEX_DAILY_TRADE_HIS,8941,881,830,,890,0,0,0,0,0,,0,0,,951,868,,928
2026-08-28,GOOD,3,0,8203,5477,990,13256,6840,360,1272,276,369,0,2,50108,412960,-22000,1526559,148000,231534,,1531,688,1385,1569,0,365,1252,275,370,0,2,58311,UNKNOWN,2026-08-28T08:30:26.820315+00:00,418437,-21010,1539815,153805,238374,,1526,710,1386,1568,False,OTC,森鉅,UNKNOWN,ordinary_stock,TWSE_T86+TPEX_DAILY_TRADE_HIS,8942,882,831,732,891,0,0,0,0,0,0,0,0,,952,869,823,929
2026-08-28,GOOD,0,0,177,-665,0,1191,-244,896,1010,790,894,0,2,5000,15000,-3000,42000,-7000,10000,,995,949,871,1045,0,904,992,780,892,0,3,5177,UNKNOWN,2026-08-28T08:30:26.820315+00:00,14335,-3000,43191,-7246,9756,,987,960,881,1046,False,OTC,琉園,UNKNOWN,ordinary_stock,TWSE_T86+TPEX_DAILY_TRADE_HIS,9949,883,832,733,892,0,0,0,0,0,0,0,0,,953,870,824,930
2026-08-28,GOOD,0,0,,,0,,-164,,1049,,1181,0,1,,,-4000,,-4000,-4000,,,911,,758,0,,1028,,1159,0,1,,UNKNOWN,2026-08-28T08:30:26.820315+00:00,,-4000,,-4049,-4164,,,923,,779,False,OTC,萬國通,UNKNOWN,ordinary_stock,TWSE_T86+TPEX_DAILY_TRADE_HIS,9950,,833,,893,0,0,,,0,,0,0,,,871,,931
2026-08-28,GOOD,0,1,-2088,105788,-169,109915,51850,1143,642,986,1331,1,0,-37000,-11000,2000,-38000,-15000,-24000,,749,1318,674,608,0,635,650,723,741,1,0,-39088,UNKNOWN,2026-08-28T08:30:26.820315+00:00,94788,1831,71915,25850,27850,,1256,1312,938,1197,False,OTC,皇田,UNKNOWN,ordinary_stock,TWSE_T86+TPEX_DAILY_TRADE_HIS,9951,884,834,734,894,0,0,0,0,0,0,0,0,,954,872,825,932
2026-08-19,STALE,0,0,-5135,-4855,0,,-4995,1144,967,,1164,0,3,5000,-11000,-2000,,-4000,-3000,,750,997,,778,9,1176,950,,1207,0,4,-135,UNKNOWN,2026-08-28T08:30:26.820315+00:00,-15855,-2000,,-3995,-7995,,715,1010,,731,True,OTC,邁達康,UNKNOWN,ordinary_stock,TWSE_T86+TPEX_DAILY_TRADE_HIS,9960,885,835,,895,0,0,0,0,0,,0,0,,955,873,,933
2026-08-28,GOOD,0,2,528,488,-47,,508,1190,643,,1275,1,0,-10000,-18000,2000,,-3000,-14000,,703,1319,,664,0,1190,649,,1260,1,0,-9472,UNKNOWN,2026-08-28T08:30:26.820315+00:00,-17512,1953,,-2947,-13492,,701,1313,,678,False,OTC,有益,UNKNOWN,ordinary_stock,TWSE_T86+TPEX_DAILY_TRADE_HIS,9962,886,836,,896,0,0,0,0,0,,0,0,,956,874,,934
2026-08-28,GOOD,0,0,0,0,0,0,0,,,,,3,0,12983935,26762135,16607000,96825399,34750135,19873035,,,,,,0,,,,,3,0,19757815,UNKNOWN,2026-08-28T08:30:26.820315+00:00,40004169,24467551,191748327,50173448,29880992,,,,,,False,TSE,主動國泰動能高息,UNKNOWN,ETF,TWSE_T86+TPEX_DAILY_TRADE_HIS,00400A,,,,,0,0,0,0,0,0,0,0,,,,,
2026-08-28,GOOD,0,0,0,0,0,0,0,,,,,4,0,-2602600,7008600,505000,12629800,4246000,2203000,,,,,,0,,,,,3,0,2156857,UNKNOWN,2026-08-28T08:30:26.820315+00:00,4254229,1156002,-10402210,4602462,3205543,,,,,,False,TSE,主動摩根台灣鑫收,UNKNOWN,ETF,TWSE_T86+TPEX_DAILY_TRADE_HIS,00401A,,,,,0,0,0,0,0,0,0,0,,,,,
2026-08-28,GOOD,0,0,0,0,0,0,0,,,,,0,5,-5153356,-498392,-41800,4251504,-1486800,-2825874,,,,,,0,,,,,2,0,-15700336,UNKNOWN,2026-08-28T08:30:26.820315+00:00,6837304,259995,53205303,-2961545,-4431516,,,,,,False,TSE,主動安聯美國科技,UNKNOWN,ETF,TWSE_T86+TPEX_DAILY_TRADE_HIS,00402A,,,,,0,0,0,0,0,0,0,0,,,,,
2026-08-28,GOOD,0,0,0,0,0,0,0,,,,,3,0,200087669,292382655,146021213,770081130,290285152,246235162,,,,,,0,,,,,3,0,462922166,UNKNOWN,2026-08-28T08:30:26.820315+00:00,832095282,352824476,2189732722,722432288,647508724,,,,,,False,TSE,主動統一升級50,UNKNOWN,ETF,TWSE_T86+TPEX_DAILY_TRADE_HIS,00403A,,,,,0,0,0,0,0,0,0,0,,,,,
2026-08-28,GOOD,0,0,0,0,0,0,0,,,,,1,0,-885900,-1645900,1516000,2254100,620100,-1265900,,,,,,0,,,,,3,0,684902,UNKNOWN,2026-08-28T08:30:26.820315+00:00,7121940,2253284,26309030,3980505,3903421,,,,,,False,TSE,主動聯博動能50,UNKNOWN,ETF,TWSE_T86+TPEX_DAILY_TRADE_HIS,00404A,,,,,0,0,0,0,0,0,0,0,,,,,
2026-08-28,GOOD,0,0,0,0,0,0,0,,,,,1,0,-17521890,16693800,6375164,106435613,10980845,-414045,,,,,,0,,,,,3,0,-40017807,UNKNOWN,2026-08-28T08:30:26.820315+00:00,205434975,40410899,332710596,99281838,82708584,,,,,,False,TSE,主動富邦台灣龍耀,UNKNOWN,ETF,TWSE_T86+TPEX_DAILY_TRADE_HIS,00405A,,,,,0,0,0,0,0,0,0,0,,,,,
2026-08-28,GOOD,0,0,0,0,0,0,0,,,,,1,0,23185379,22403057,140300,18481807,28392451,22794218,,,,,,0,,,,,0,9,146506491,UNKNOWN,2026-08-28T08:30:26.820315+00:00,-937172011,-52297176,-911538704,-154702123,-395332760,,,,,,False,TSE,主動中信台灣收益,UNKNOWN,ETF,TWSE_T86+TPEX_DAILY_TRADE_HIS,00406A,,,,,0,0,0,0,0,0,0,0,,,,,
2026-08-28,GOOD,0,0,0,0,0,0,0,,,,,3,0,-2145141,6612411,10791000,91891160,16759982,2233635,,,,,,0,,,,,3,0,108010046,UNKNOWN,2026-08-28T08:30:26.820315+00:00,160011548,76580859,572449209,139472571,134010797,,,,,,False,TSE,主動凱基台灣,UNKNOWN,ETF,TWSE_T86+TPEX_DAILY_TRADE_HIS,00407A,,,,,0,0,0,0,0,0,0,0,,,,,
2026-08-28,GOOD,0,0,0,0,0,0,0,,,,,0,0,6047,6047,0,-85953,2047,6047,,,,,,0,,,,,4,0,581568,UNKNOWN,2026-08-28T08:30:26.820315+00:00,4669350,1219962,24068491,2727735,2625459,,,,,,False,TSE,主動第一金優股息,UNKNOWN,ETF,TWSE_T86+TPEX_DAILY_TRADE_HIS,00408A,,,,,0,0,0,0,0,0,0,0,,,,,
2026-08-28,GOOD,0,0,0,0,0,0,0,,,,,0,2,-87300,-176700,-383000,-1219400,721000,-132000,,,,,,0,,,,,1,0,-3672030,UNKNOWN,2026-08-28T08:30:26.820315+00:00,-8876660,1823509,149497786,-6138553,-6274345,,,,,,False,TSE,主動永豐科技趨勢,UNKNOWN,ETF,TWSE_T86+TPEX_DAILY_TRADE_HIS,00410A,,,,,0,0,0,0,0,0,0,0,,,,,
2026-08-28,GOOD,0,0,0,0,0,0,0,1882,4,1,8,3,0,83513013,-33460129,41108708,185958856,71723669,25026442,,9,1958,1660,1930,0,1860,4,7,3,3,0,142733847,UNKNOWN,2026-08-28T08:30:26.820315+00:00,-11386527,37114348,134615490,109984692,65673660,,31,1958,1654,1935,False,TSE,元大台灣50,UNKNOWN,ordinary_stock,TWSE_T86+TPEX_DAILY_TRADE_HIS,0050,12,837,10,8,0,0,460000,10260000,0,34409000,3160000,5360000,,1879,875,1651,1930
2026-08-28,GOOD,0,0,0,0,0,0,0,1053,740,892,1130,1,0,-2430,-170,165,6766,-835,-1300,,838,1222,769,808,0,882,514,658,663,3,0,77249,UNKNOWN,2026-08-28T08:30:26.820315+00:00,17623,8165,126956,45726,47436,,1009,1448,1003,1275,False,TSE,元大中型100,UNKNOWN,ordinary_stock,TWSE_T86+TPEX_DAILY_TRADE_HIS,0051,887,838,735,897,0,0,0,0,0,0,0,0,,957,876,826,935
2026-08-28,GOOD,0,0,0,0,0,0,0,35,21,29,48,2,0,163739,14916299,5609911,38059867,8622413,7540019,,1856,1941,1632,1890,0,26,21,18,20,4,0,10937409,UNKNOWN,2026-08-28T08:30:26.820315+00:00,22494691,6775514,94301931,17446608,16716050,,1865,1941,1643,1918,False,TSE,富邦科技,UNKNOWN,ordinary_stock,TWSE_T86+TPEX_DAILY_TRADE_HIS,0052,1828,1893,1535,1849,0,1,520000,-680000,-30000,-205000,-30000,-80000,,63,70,126,90
2026-08-28,GOOD,0,0,0,0,0,0,0,998,745,953,1097,3,0,-4984,3034,2,-19836,2010,-975,,893,1217,708,841,0,1507,1140,1063,1488,0,2,77938,UNKNOWN,2026-08-28T08:30:26.820315+00:00,-288236,-9289,-98239,-19212,-105149,,384,822,598,450,False,TSE,元大電子,UNKNOWN,ordinary_stock,TWSE_T86+TPEX_DAILY_TRADE_HIS,0053,888,839,736,898,0,0,0,0,0,0,0,0,,958,877,827,936
2026-08-28,GOOD,0,0,0,0,0,0,0,1596,229,1374,1631,1,0,11537,-549423,130000,-895898,-21943,-268943,,295,1733,287,307,0,836,197,973,545,1,0,149464,UNKNOWN,2026-08-28T08:30:26.820315+00:00,24732,188579,-41877,-8812,87098,,1055,1765,688,1393,False,TSE,元大MSCI金融,UNKNOWN,ordinary_stock,TWSE_T86+TPEX_DAILY_TRADE_HIS,0055,889,840,166,899,0,0,0,0,0,109000,0,0,,959,878,1495,937
2026-08-28,GOOD,0,0,0,0,0,0,0,1611,39,16,29,3,0,25094752,-604862,2600001,86488658,18040425,12244945,,280,1923,1645,1909,0,20,16,1,5,3,0,68572007,UNKNOWN,2026-08-28T08:30:26.820315+00:00,34838053,9137359,226589034,56929555,51705030,,1871,1946,1660,1933,False,TSE,元大高股息,UNKNOWN,ordinary_stock,TWSE_T86+TPEX_DAILY_TRADE_HIS,0056,87,841,65,55,0,0,310000,590000,0,2690000,190000,450000,,1804,879,1596,1883
2026-08-28,GOOD,0,0,0,0,0,0,0,1039,746,900,1062,2,0,-2,18,1,2953,2,8,,852,1216,761,876,0,1287,666,975,1339,1,0,-20950,UNKNOWN,2026-08-28T08:30:26.820315+00:00,-45134,1001,-44049,-7998,-33042,,604,1296,686,599,False,TSE,富邦摩台,UNKNOWN,ordinary_stock,TWSE_T86+TPEX_DAILY_TRADE_HIS,0057,890,842,737,900,0,0,0,0,0,0,0,0,,960,880,828,938
2026-08-28,GOOD,0,0,0,0,0,0,0,1351,569,1240,1583,2,0,-315900,-86100,5000,-376000,-46000,-201000,,540,1401,421,355,0,1374,1233,411,1474,0,1,-96102,UNKNOWN,2026-08-28T08:30:26.820315+00:00,-99596,-18755,622444,-17266,-97849,,517,729,1250,464,False,TSE,元大寶滬深,UNKNOWN,ordinary_stock,TWSE_T86+TPEX_DAILY_TRADE_HIS,0061,891,843,738,901,0,0,0,0,0,0,0,0,,961,881,829,939
2026-08-28,GOOD,0,0,0,0,0,0,0,,,,,3,0,2012,-1980,2,-4975,16,16,,,,,,0,,,,,1,0,36702,UNKNOWN,2026-08-28T08:30:26.820315+00:00,-46586,1933,-1691,-7866,-4942,,,,,,False,TSE,元大MSCI台灣,UNKNOWN,warrant,TWSE_T86+TPEX_DAILY_TRADE_HIS,006203,,,,,0,0,0,0,0,0,0,0,,,,,
2026-08-28,GOOD,0,0,0,0,0,,0,,,,,0,0,-10000,-10000,0,,-1000,-10000,,,,,,0,,,,,3,0,2903,UNKNOWN,2026-08-28T08:30:26.820315+00:00,2749,2393,,5211,2826,,,,,,False,TSE,永豐臺灣加權,UNKNOWN,warrant,TWSE_T86+TPEX_DAILY_TRADE_HIS,006204,,,,,0,0,0,0,0,,0,0,,,,,
2026-08-28,GOOD,0,0,0,0,0,0,0,,,,,0,0,34000,-126000,0,-423600,15000,-46000,,,,,,0,,,,,0,1,224091,UNKNOWN,2026-08-28T08:30:26.820315+00:00,-72107,-22048,1528059,91005,75992,,,,,,False,TSE,富邦上証,UNKNOWN,warrant,TWSE_T86+TPEX_DAILY_TRADE_HIS,006205,,,,,0,0,-23000,57000,0,255000,17000,17000,,,,,
2026-08-28,GOOD,0,0,0,0,0,0,0,,,,,0,4,-81055,7055,-2000,-28918,-33000,-37000,,,,,,0,,,,,0,1,32372,UNKNOWN,2026-08-28T08:30:26.820315+00:00,82432,-2948,237435,61101,57402,,,,,,False,TSE,元大上證50,UNKNOWN,warrant,TWSE_T86+TPEX_DAILY_TRADE_HIS,006206,,,,,0,0,0,0,0,0,0,0,,,,,
2026-08-28,GOOD,0,0,0,0,0,0,0,,,,,0,0,-6905,-8305,0,92089,-34705,-7605,,,,,,0,,,,,0,2,17651,UNKNOWN,2026-08-28T08:30:26.820315+00:00,-41287,-1195,18545,1212,-11818,,,,,,False,TSE,復華滬深,UNKNOWN,warrant,TWSE_T86+TPEX_DAILY_TRADE_HIS,006207,,,,,0,0,0,0,0,0,0,0,,,,,
2026-08-28,GOOD,0,0,0,0,0,0,0,,,,,2,0,-392215,-1127473,93134,963664,-75906,-759844,,,,,,0,,,,,3,0,3455540,UNKNOWN,2026-08-28T08:30:26.820315+00:00,-1240910,876566,-2521819,2034138,1107315,,,,,,False,TSE,富邦台50,UNKNOWN,warrant,TWSE_T86+TPEX_DAILY_TRADE_HIS,006208,,,,,0,0,850000,-824000,0,-783000,13000,13000,,,,,
2026-08-28,GOOD,0,0,0,0,0,0,0,,,,,3,0,7066539,-7957727,1578514,149783054,14216890,-445594,,,,,,0,,,,,3,0,146702675,UNKNOWN,2026-08-28T08:30:26.820315+00:00,163422643,43614880,596093830,188444659,155062659,,,,,,False,TSE,元大台灣50正2,UNKNOWN,ETF,TWSE_T86+TPEX_DAILY_TRADE_HIS,00631L,,,,,0,0,0,0,0,0,0,0,,,,,
2026-08-28,GOOD,0,0,0,0,0,0,0,,,,,0,4,-36789143,-12045143,-3643143,200742057,-21936143,-24417143,,,,,,0,,,,,0,3,-149581726,UNKNOWN,2026-08-28T08:30:26.820315+00:00,-38710792,-41174456,-490593095,-186159101,-94146259,,,,,,False,TSE,元大台灣50反1,UNKNOWN,ETF,TWSE_T86+TPEX_DAILY_TRADE_HIS,00632R,,,,,0,0,0,0,0,0,0,0,,,,,
2026-08-28,GOOD,0,0,0,0,0,0,0,,,,,3,0,136000,-414000,8000,-176000,16000,-139000,,,,,,0,,,,,1,0,-1273492,UNKNOWN,2026-08-28T08:30:26.820315+00:00,-2881114,454693,545068,679718,-2077303,,,,,,False,TSE,富邦上証正2,UNKNOWN,ETF,TWSE_T86+TPEX_DAILY_TRADE_HIS,00633L,,,,,0,0,0,0,0,0,0,0,,,,,
2026-08-28,GOOD,0,0,0,0,0,0,0,,,,,0,1,-1206000,-1394000,-1000,-766000,-1000,-1300000,,,,,,0,,,,,0,1,546497,UNKNOWN,2026-08-28T08:30:26.820315+00:00,-1521337,-13200,-1184042,19490,-487420,,,,,,False,TSE,富邦上証反1,UNKNOWN,ETF,TWSE_T86+TPEX_DAILY_TRADE_HIS,00634R,,,,,0,0,0,0,0,0,0,0,,,,,
2026-08-28,GOOD,0,0,0,0,0,0,0,,,,,2,0,-721596,-189034,69630,1790448,-55120,-455315,,,,,,0,,,,,1,0,-5139856,UNKNOWN,2026-08-28T08:30:26.820315+00:00,4280666,61395,9556242,2295354,-429595,,,,,,False,TSE,期元大S&P黃金,UNKNOWN,ETF,TWSE_T86+TPEX_DAILY_TRADE_HIS,00635U,,,,,0,0,0,0,0,0,0,0,,,,,
2026-08-28,GOOD,0,0,0,0,0,0,0,,,,,0,1,90662,-114662,-5000,-220561,-8000,-12000,,,,,,0,,,,,3,0,636591,UNKNOWN,2026-08-28T08:30:26.820315+00:00,399603,499926,1518125,585213,518097,,,,,,False,TSE,國泰中國A50,UNKNOWN,ETF,TWSE_T86+TPEX_DAILY_TRADE_HIS,00636,,,,,0,0,0,0,0,0,0,0,,,,,
2026-08-20,STALE,0,0,0,0,0,,0,,,,,0,0,0,0,0,,0,0,,,,,,8,,,,,0,0,-100,UNKNOWN,2026-08-28T08:30:26.820315+00:00,100,0,,0,0,,,,,,True,TSE,國泰中國A50+U,UNKNOWN,ETF,TWSE_T86+TPEX_DAILY_TRADE_HIS,00636K,,,,,0,0,0,0,0,,0,0,,,,,
2026-08-28,GOOD,0,0,0,0,0,0,0,,,,,2,0,-3562000,-286000,55000,-2571000,334000,-1924000,,,,,,0,,,,,4,0,1546966,UNKNOWN,2026-08-28T08:30:26.820315+00:00,-13886476,2158322,-2258184,8733401,-6169755,,,,,,False,TSE,元大滬深300正2,UNKNOWN,ETF,TWSE_T86+TPEX_DAILY_TRADE_HIS,00637L,,,,,0,0,0,0,0,0,0,0,,,,,
2026-08-28,GOOD,0,0,0,0,0,0,0,,,,,0,0,-182000,-20000,0,10000,-112000,-101000,,,,,,0,,,,,0,1,121728,UNKNOWN,2026-08-28T08:30:26.820315+00:00,278262,-7000,414641,39000,199995,,,,,,False,TSE,元大滬深300反1,UNKNOWN,ETF,TWSE_T86+TPEX_DAILY_TRADE_HIS,00638R,,,,,0,0,0,0,0,0,0,0,,,,,
2026-08-28,GOOD,0,0,0,0,0,0,0,,,,,0,1,59862,-61862,-2000,-286805,-1000,-1000,,,,,,0,,,,,0,1,-966612,UNKNOWN,2026-08-28T08:30:26.820315+00:00,460678,-51575,532496,77332,-252967,,,,,,False,TSE,富邦深100,UNKNOWN,ETF,TWSE_T86+TPEX_DAILY_TRADE_HIS,00639,,,,,0,0,0,0,0,0,0,0,,,,,
2026-08-28,GOOD,0,0,0,0,0,0,0,,,,,0,0,-58000,-116000,0,-72000,1000,-87000,,,,,,0,,,,,7,0,400178,UNKNOWN,2026-08-28T08:30:26.820315+00:00,-75018,54244,159145,69774,162580,,,,,,False,TSE,富邦日本正2,UNKNOWN,ETF,TWSE_T86+TPEX_DAILY_TRADE_HIS,00640L,,,,,0,0,0,0,0,0,0,0,,,,,
2026-08-28,GOOD,0,0,0,0,0,0,0,,,,,0,0,0,0,0,0,0,0,,,,,,0,,,,,0,1,-2090722,UNKNOWN,2026-08-28T08:30:26.820315+00:00,1471334,-540230,-7463242,496859,-309694,,,,,,False,TSE,富邦日本反1,UNKNOWN,ETF,TWSE_T86+TPEX_DAILY_TRADE_HIS,00641R,,,,,0,0,0,0,0,0,0,0,,,,,
2026-08-28,GOOD,0,0,0,0,0,0,0,,,,,0,2,160634,65976,-11051,-288594,99900,113305,,,,,,0,,,,,2,0,-1885139,UNKNOWN,2026-08-28T08:30:26.820315+00:00,7744371,694972,9825812,1487432,2929616,,,,,,False,TSE,期元大S&P石油,UNKNOWN,ETF,TWSE_T86+TPEX_DAILY_TRADE_HIS,00642U,,,,,0,0,0,0,0,0,0,0,,,,,
2026-08-28,GOOD,0,0,0,0,0,0,0,,,,,1,0,51000,-191000,7000,-74000,-119000,-70000,,,,,,0,,,,,0,1,142241,UNKNOWN,2026-08-28T08:30:26.820315+00:00,-110153,-96291,501210,201366,16044,,,,,,False,TSE,群益深証中小,UNKNOWN,ETF,TWSE_T86+TPEX_DAILY_TRADE_HIS,00643,,,,,0,0,0,0,0,0,0,0,,,,,
2026-08-28,GOOD,0,0,0,0,0,0,0,,,,,1,0,-47401,-69367,2122,126034,-57632,-58384,,,,,,0,,,,,1,0,166683,UNKNOWN,2026-08-28T08:30:26.820315+00:00,-51567,20140,92683,-16627,57558,,,,,,False,TSE,富邦日本,UNKNOWN,ETF,TWSE_T86+TPEX_DAILY_TRADE_HIS,00645,,,,,0,0,0,240000,0,408000,120000,120000,,,,,
2026-08-28,GOOD,0,0,0,0,0,0,0,,,,,0,4,-197380,-130936,-89657,-2611393,-165723,-164158,,,,,,0,,,,,0,7,-4296815,UNKNOWN,2026-08-28T08:30:26.820315+00:00,-15391171,-3347350,-33133228,-7683858,-9843993,,,,,,False,TSE,元大S&P500,UNKNOWN,ETF,TWSE_T86+TPEX_DAILY_TRADE_HIS,00646,,,,,0,0,910000,10000,0,230000,300000,460000,,,,,
2026-08-28,GOOD,0,0,0,0,0,0,0,,,,,0,2,27000,-33000,-1000,-108000,-2000,-3000,,,,,,0,,,,,0,4,-3340,UNKNOWN,2026-08-28T08:30:26.820315+00:00,-160716,-17006,-129888,-32297,-82028,,,,,,False,TSE,元大S&P500正2,UNKNOWN,ETF,TWSE_T86+TPEX_DAILY_TRADE_HIS,00647L,,,,,0,0,0,0,0,0,0,0,,,,,
2026-08-28,GOOD,0,0,0,0,0,0,0,,,,,0,0,0,0,0,0,0,0,,,,,,0,,,,,1,0,2878613,UNKNOWN,2026-08-28T08:30:26.820315+00:00,3208525,165880,1051031,310930,3043569,,,,,,False,TSE,元大S&P500反1,UNKNOWN,ETF,TWSE_T86+TPEX_DAILY_TRADE_HIS,00648R,,,,,0,0,0,0,0,0,0,0,,,,,
2026-08-28,GOOD,0,0,0,0,0,0,0,,,,,1,0,-627000,401000,31000,-1316000,-6000,-113000,,,,,,0,,,,,1,0,-2970817,UNKNOWN,2026-08-28T08:30:26.820315+00:00,2877659,125639,2895893,380205,-46579,,,,,,False,TSE,復華香港正2,UNKNOWN,ETF,TWSE_T86+TPEX_DAILY_TRADE_HIS,00650L,,,,,0,0,0,0,0,0,0,0,,,,,
2026-08-28,GOOD,0,0,0,0,0,0,0,,,,,0,0,16000,54000,0,331000,35000,35000,,,,,,0,,,,,5,0,582901,UNKNOWN,2026-08-28T08:30:26.820315+00:00,325477,55230,550921,282499,454189,,,,,,False,TSE,復華香港反1,UNKNOWN,ETF,TWSE_T86+TPEX_DAILY_TRADE_HIS,00651R,,,,,0,0,0,0,0,0,0,0,,,,,
2026-08-28,GOOD,0,0,0,0,0,0,0,,,,,0,0,-83852,-25852,0,85073,14148,-54852,,,,,,0,,,,,0,3,51656,UNKNOWN,2026-08-28T08:30:26.820315+00:00,8136,-40363,1061073,-65563,29896,,,,,,False,TSE,富邦印度,UNKNOWN,ETF,TWSE_T86+TPEX_DAILY_TRADE_HIS,00652,,,,,0,0,0,200000,0,413000,100000,100000,,,,,
2026-08-28,GOOD,0,0,0,0,0,0,0,,,,,5,0,61000,55000,15000,298000,46000,58000,,,,,,0,,,,,4,0,109085,UNKNOWN,2026-08-28T08:30:26.820315+00:00,62481,22128,1271118,72727,85783,,,,,,False,TSE,富邦印度正2,UNKNOWN,ETF,TWSE_T86+TPEX_DAILY_TRADE_HIS,00653L,,,,,0,0,0,0,0,0,0,0,,,,,
2026-08-28,GOOD,0,0,0,0,0,0,0,,,,,0,1,-1000,-1000,-1000,-1000,-1000,-1000,,,,,,0,,,,,4,0,52994,UNKNOWN,2026-08-28T08:30:26.820315+00:00,48974,39000,374002,47984,50984,,,,,,False,TSE,富邦印度反1,UNKNOWN,ETF,TWSE_T86+TPEX_DAILY_TRADE_HIS,00654R,,,,,0,0,0,0,0,0,0,0,,,,,
2026-08-28,GOOD,0,0,0,0,0,0,0,,,,,1,0,48000,-102000,1000,-383000,-17000,-27000,,,,,,0,,,,,4,0,259728,UNKNOWN,2026-08-28T08:30:26.820315+00:00,-626014,69522,-1317477,225917,-183143,,,,,,False,TSE,國泰中國A50正2,UNKNOWN,ETF,TWSE_T86+TPEX_DAILY_TRADE_HIS,00655L,,,,,0,0,0,0,0,0,0,0,,,,,
2026-08-28,GOOD,0,0,0,0,0,0,0,,,,,0,0,85000,185000,0,226000,-380000,135000,,,,,,0,,,,,0,1,-956128,UNKNOWN,2026-08-28T08:30:26.820315+00:00,-975908,-502516,-999807,-973018,-966018,,,,,,False,TSE,國泰中國A50反1,UNKNOWN,ETF,TWSE_T86+TPEX_DAILY_TRADE_HIS,00656R,,,,,0,0,0,0,0,0,0,0,,,,,
2026-08-28,GOOD,0,0,0,0,0,0,0,,,,,0,1,-91012,-104988,-1000,-241095,-98000,-98000,,,,,,0,,,,,0,1,18742,UNKNOWN,2026-08-28T08:30:26.820315+00:00,-3002,-805,49121,13488,7870,,,,,,False,TSE,國泰日經225,UNKNOWN,ETF,TWSE_T86+TPEX_DAILY_TRADE_HIS,00657,,,,,0,0,0,0,0,0,0,0,,,,,
2026-08-20,STALE,0,0,0,0,0,,0,,,,,0,0,0,0,0,,0,0,,,,,,8,,,,,0,0,0,UNKNOWN,2026-08-28T08:30:26.820315+00:00,0,0,,0,0,,,,,,True,TSE,國泰日經225+U,UNKNOWN,ETF,TWSE_T86+TPEX_DAILY_TRADE_HIS,00657K,,,,,0,0,0,0,0,,0,0,,,,,
2026-08-28,GOOD,0,0,0,0,0,0,0,,,,,0,0,-3000,1000,0,-800,-1000,-1000,,,,,,0,,,,,0,1,-296000,UNKNOWN,2026-08-28T08:30:26.820315+00:00,316000,-7000,263200,0,10000,,,,,,False,TSE,元大歐洲50,UNKNOWN,ETF,TWSE_T86+TPEX_DAILY_TRADE_HIS,00660,,,,,0,0,0,0,0,0,0,0,,,,,
2026-08-28,GOOD,0,0,0,0,0,0,0,,,,,1,0,-88000,20000,3000,47070,-30000,-34000,,,,,,0,,,,,2,0,-279468,UNKNOWN,2026-08-28T08:30:26.820315+00:00,251284,7107,106917,4577,-14092,,,,,,False,TSE,元大日經225,UNKNOWN,ETF,TWSE_T86+TPEX_DAILY_TRADE_HIS,00661,,,,,0,0,0,0,0,0,0,0,,,,,
2026-08-28,GOOD,0,0,0,0,0,0,0,,,,,0,1,498808,72056,-23898,-5363758,-356343,285432,,,,,,0,,,,,0,7,-5301215,UNKNOWN,2026-08-28T08:30:26.820315+00:00,-6543685,-679890,-24927045,-4179365,-5922450,,,,,,False,TSE,富邦NASDAQ,UNKNOWN,ETF,TWSE_T86+TPEX_DAILY_TRADE_HIS,00662,,,,,0,0,20000,340000,0,512000,180000,180000,,,,,
2026-08-28,GOOD,0,0,0,0,0,0,0,,,,,2,0,1217020,385020,532000,2185550,809000,801020,,,,,,0,,,,,3,0,5419153,UNKNOWN,2026-08-28T08:30:26.820315+00:00,5301533,2259526,24144921,6084944,5360343,,,,,,False,TSE,國泰臺灣加權正2,UNKNOWN,ETF,TWSE_T86+TPEX_DAILY_TRADE_HIS,00663L,,,,,0,0,0,0,0,0,0,0,,,,,
2026-08-28,GOOD,0,0,0,0,0,0,0,,,,,0,0,-5000,-5000,0,-1586000,0,-5000,,,,,,0,,,,,0,3,7579874,UNKNOWN,2026-08-28T08:30:26.820315+00:00,-73860680,-10027327,-154730120,-25822716,-33140403,,,,,,False,TSE,國泰臺灣加權反1,UNKNOWN,ETF,TWSE_T86+TPEX_DAILY_TRADE_HIS,00664R,,,,,0,0,0,0,0,0,0,0,,,,,
2026-08-28,GOOD,0,0,0,0,0,0,0,,,,,1,0,-4513000,573000,227000,-2261000,-397000,-1970000,,,,,,0,,,,,1,0,-10177562,UNKNOWN,2026-08-28T08:30:26.820315+00:00,13234678,2291022,5652853,5595349,1528558,,,,,,False,TSE,富邦恒生國企正2,UNKNOWN,ETF,TWSE_T86+TPEX_DAILY_TRADE_HIS,00665L,,,,,0,0,0,0,0,0,0,0,,,,,
2026-08-28,GOOD,0,0,0,0,0,0,0,,,,,0,0,-394000,-354000,0,-207000,-384000,-374000,,,,,,0,,,,,0,4,-1484939,UNKNOWN,2026-08-28T08:30:26.820315+00:00,-1263545,-1602,-2247835,-987992,-1374242,,,,,,False,TSE,富邦恒生國企反1,UNKNOWN,ETF,TWSE_T86+TPEX_DAILY_TRADE_HIS,00666R,,,,,0,0,0,0,0,0,0,0,,,,,
2026-08-28,GOOD,0,0,0,0,0,0,0,,,,,0,0,176155,-175825,0,12327,15,165,,,,,,0,,,,,1,0,37653,UNKNOWN,2026-08-28T08:30:26.820315+00:00,-64587,932,-103077,-3769,-13467,,,,,,False,TSE,國泰美國道瓊,UNKNOWN,ETF,TWSE_T86+TPEX_DAILY_TRADE_HIS,00668,,,,,0,0,0,0,0,0,0,0,,,,,
2026-08-20,STALE,0,0,0,0,0,,0,,,,,0,0,0,0,0,,0,0,,,,,,8,,,,,0,0,0,UNKNOWN,2026-08-28T08:30:26.820315+00:00,0,0,,0,0,,,,,,True,TSE,國泰美國道瓊+U,UNKNOWN,ETF,TWSE_T86+TPEX_DAILY_TRADE_HIS,00668K,,,,,0,0,0,0,0,,0,0,,,,,
2026-08-28,GOOD,0,0,0,0,0,0,0,,,,,0,0,-13000,31000,0,-45000,3000,9000,,,,,,0,,,,,2,0,-461363,UNKNOWN,2026-08-28T08:30:26.820315+00:00,-148891,84028,-857671,144723,-305127,,,,,,False,TSE,國泰美國道瓊反1,UNKNOWN,ETF,TWSE_T86+TPEX_DAILY_TRADE_HIS,00669R,,,,,0,0,0,0,0,0,0,0,,,,,
2026-08-28,GOOD,0,0,0,0,0,0,0,,,,,1,0,-51066,16878,2972,98878,-7066,-17094,,,,,,0,,,,,0,8,-888744,UNKNOWN,2026-08-28T08:30:26.820315+00:00,-682764,-7555,273513,-542374,-785754,,,,,,False,TSE,富邦NASDAQ正2,UNKNOWN,ETF,TWSE_T86+TPEX_DAILY_TRADE_HIS,00670L,,,,,0,0,0,0,0,0,0,0,,,,,
2026-08-28,GOOD,0,0,0,0,0,0,0,,,,,0,1,-2000,-2000,-12000,-88000,-12000,-2000,,,,,,0,,,,,4,0,18889640,UNKNOWN,2026-08-28T08:30:26.820315+00:00,11370522,11415606,12810998,14732395,15130081,,,,,,False,TSE,富邦NASDAQ反1,UNKNOWN,ETF,TWSE_T86+TPEX_DAILY_TRADE_HIS,00671R,,,,,0,0,0,0,0,0,0,0,,,,,
2026-08-28,GOOD,0,0,0,0,0,0,0,,,,,1,0,128000,-28000,40000,-389000,100000,50000,,,,,,0,,,,,0,1,71374732,UNKNOWN,2026-08-28T08:30:26.820315+00:00,-66605924,-4293109,-89007746,13832523,2384404,,,,,,False,TSE,期元大S&P原油反1,UNKNOWN,ETF,TWSE_T86+TPEX_DAILY_TRADE_HIS,00673R,,,,,0,0,0,0,0,0,0,0,,,,,
2026-08-28,GOOD,0,0,0,0,0,0,0,,,,,2,0,7000,-5000,1000,-9000,3000,1000,,,,,,0,,,,,2,0,442746,UNKNOWN,2026-08-28T08:30:26.820315+00:00,-102634,92027,-256382,178403,170056,,,,,,False,TSE,期元大S&P黃金反1,UNKNOWN,ETF,TWSE_T86+TPEX_DAILY_TRADE_HIS,00674R,,,,,0,0,0,0,0,0,0,0,,,,,
2026-08-28,GOOD,0,0,0,0,0,0,0,,,,,2,0,76800,19200,28000,150200,55000,48000,,,,,,0,,,,,3,0,155405,UNKNOWN,2026-08-28T08:30:26.820315+00:00,1873165,259426,5686492,1154779,1014285,,,,,,False,TSE,富邦臺灣加權正2,UNKNOWN,ETF,TWSE_T86+TPEX_DAILY_TRADE_HIS,00675L,,,,,0,0,0,0,0,0,0,0,,,,,
2026-08-28,GOOD,0,0,0,0,0,0,0,,,,,1,0,-102000,156000,27000,-527000,27000,27000,,,,,,0,,,,,0,3,-5457119,UNKNOWN,2026-08-28T08:30:26.820315+00:00,-4351829,-1442834,-31990412,-7225184,-4904474,,,,,,False,TSE,富邦臺灣加權反1,UNKNOWN,ETF,TWSE_T86+TPEX_DAILY_TRADE_HIS,00676R,,,,,0,0,0,0,0,0,0,0,,,,,
2026-08-28,GOOD,0,0,0,0,0,0,0,,,,,0,2,203145,159145,-25000,-6678,7000,181145,,,,,,0,,,,,1,0,52226,UNKNOWN,2026-08-28T08:30:26.820315+00:00,-10558,27942,-99868,79444,20834,,,,,,False,TSE,群益那斯達克生技,UNKNOWN,ETF,TWSE_T86+TPEX_DAILY_TRADE_HIS,00678,,,,,0,0,0,0,0,0,0,0,,,,,
2026-08-28,GOOD,0,0,0,0,0,0,0,,,,,1,0,-446000,1338000,446000,4614000,446000,446000,,,,,,0,,,,,5,0,-4580616,UNKNOWN,2026-08-28T08:30:26.820315+00:00,36568988,1434698,46909750,12727416,15994186,,,,,,False,TSE,元大美債20正2,UNKNOWN,ETF,TWSE_T86+TPEX_DAILY_TRADE_HIS,00680L,,,,,0,0,0,0,0,0,0,0,,,,,
2026-08-28,GOOD,0,0,0,0,0,0,0,,,,,0,0,-303000,-97000,0,64000,-200000,-200000,,,,,,0,,,,,0,1,6049,UNKNOWN,2026-08-28T08:30:26.820315+00:00,-8331,-1,-346,-141,-1141,,,,,,False,TSE,元大美債20反1,UNKNOWN,ETF,TWSE_T86+TPEX_DAILY_TRADE_HIS,00681R,,,,,0,0,0,0,0,0,0,0,,,,,
2026-08-28,GOOD,0,0,0,0,0,,0,,,,,0,0,0,0,0,,0,0,,,,,,0,,,,,0,1,-40980,UNKNOWN,2026-08-28T08:30:26.820315+00:00,42596,-3000,,1000,808,,,,,,False,TSE,期元大美元指數,UNKNOWN,ETF,TWSE_T86+TPEX_DAILY_TRADE_HIS,00682U,,,,,0,0,0,0,0,,0,0,,,,,
2026-08-26,STALE,0,0,0,0,0,,0,,,,,0,0,133000,57000,0,,95000,95000,,,,,,2,,,,,0,3,-245219,UNKNOWN,2026-08-28T08:30:26.820315+00:00,250259,-2010,,-11010,2520,,,,,,True,TSE,期元大美元指正2,UNKNOWN,ETF,TWSE_T86+TPEX_DAILY_TRADE_HIS,00683L,,,,,0,0,0,0,0,,0,0,,,,,
2026-08-25,STALE,0,0,0,0,0,,0,,,,,0,0,0,0,0,,0,0,,,,,,3,,,,,0,1,45399,UNKNOWN,2026-08-28T08:30:26.820315+00:00,75401,-1000,,4000,60400,,,,,,True,TSE,期元大美元指反1,UNKNOWN,ETF,TWSE_T86+TPEX_DAILY_TRADE_HIS,00684R,,,,,0,0,0,0,0,,0,0,,,,,
2026-08-28,GOOD,0,0,0,0,0,0,0,,,,,2,0,10795806,3594374,9740000,15199376,12382789,7195090,,,,,,0,,,,,3,0,232193965,UNKNOWN,2026-08-28T08:30:26.820315+00:00,124795745,43542063,630103081,236562956,178494855,,,,,,False,TSE,群益臺灣加權正2,UNKNOWN,ETF,TWSE_T86+TPEX_DAILY_TRADE_HIS,00685L,,,,,0,0,0,0,0,0,0,0,,,,,
2026-08-28,GOOD,0,0,0,0,0,0,0,,,,,0,0,-1000,27000,0,27000,5000,13000,,,,,,0,,,,,0,4,-15546321,UNKNOWN,2026-08-28T08:30:26.820315+00:00,-16861901,-4652500,-46590407,-13690111,-16204111,,,,,,False,TSE,群益臺灣加權反1,UNKNOWN,ETF,TWSE_T86+TPEX_DAILY_TRADE_HIS,00686R,,,,,0,0,0,0,0,0,0,0,,,,,
2026-08-28,GOOD,0,0,0,0,0,0,0,,,,,0,2,2092000,-2690000,-73000,-3745000,291000,-299000,,,,,,0,,,,,5,0,8053613,UNKNOWN,2026-08-28T08:30:26.820315+00:00,12973373,479437,13874622,7157502,10513493,,,,,,False,TSE,國泰20年美債正2,UNKNOWN,ETF,TWSE_T86+TPEX_DAILY_TRADE_HIS,00688L,,,,,0,0,0,0,0,0,0,0,,,,,
2026-08-28,GOOD,0,0,0,0,0,,0,,,,,0,0,0,0,0,,0,0,,,,,,0,,,,,0,0,39676,UNKNOWN,2026-08-28T08:30:26.820315+00:00,-4152,0,,-4200,17762,,,,,,False,TSE,國泰20年美債反1,UNKNOWN,ETF,TWSE_T86+TPEX_DAILY_TRADE_HIS,00689R,,,,,0,0,0,0,0,,0,0,,,,,
2026-08-28,GOOD,0,0,0,0,0,0,0,,,,,0,4,20985,-43113,-1078,-26292,-6064,-11064,,,,,,0,,,,,1,0,754115,UNKNOWN,2026-08-28T08:30:26.820315+00:00,-480223,255480,-71614,339715,136946,,,,,,False,TSE,兆豐藍籌30,UNKNOWN,ETF,TWSE_T86+TPEX_DAILY_TRADE_HIS,00690,,,,,0,0,0,0,0,0,0,0,,,,,
2026-08-28,GOOD,0,0,0,0,0,0,0,,,,,2,0,234845,-340469,122006,-2213,-54982,-52812,,,,,,0,,,,,3,0,654055,UNKNOWN,2026-08-28T08:30:26.820315+00:00,70621,156637,635445,490863,362338,,,,,,False,TSE,富邦公司治理,UNKNOWN,ETF,TWSE_T86+TPEX_DAILY_TRADE_HIS,00692,,,,,0,0,0,0,0,0,0,0,,,,,
2026-08-28,GOOD,0,0,0,0,0,0,0,,,,,0,18,-826000,-1284000,-111000,-1877000,-728000,-1055000,,,,,,0,,,,,0,2,-1117749,UNKNOWN,2026-08-28T08:30:26.820315+00:00,-339901,-218106,-1114283,-410007,-728825,,,,,,False,TSE,期街口S&P黃豆,UNKNOWN,ETF,TWSE_T86+TPEX_DAILY_TRADE_HIS,00693U,,,,,0,0,0,0,0,0,0,0,,,,,
2026-08-28,GOOD,0,0,0,0,0,0,0,,,,,0,2,247000,171000,-61000,541025,-12000,209000,,,,,,0,,,,,9,0,229496,UNKNOWN,2026-08-28T08:30:26.820315+00:00,437398,79762,897279,121658,333447,,,,,,False,TSE,富邦恒生國企,UNKNOWN,ETF,TWSE_T86+TPEX_DAILY_TRADE_HIS,00700,,,,,0,0,0,0,0,0,0,0,,,,,
2026-08-28,GOOD,0,0,0,0,0,0,0,,,,,1,0,-245015,215035,232000,-799014,-4990,-14990,,,,,,0,,,,,1,0,1705773,UNKNOWN,2026-08-28T08:30:26.820315+00:00,-845713,314662,-2751132,274757,430030,,,,,,False,TSE,國泰股利精選30,UNKNOWN,ETF,TWSE_T86+TPEX_DAILY_TRADE_HIS,00701,,,,,0,0,0,0,0,0,0,0,,,,,
2026-08-28,GOOD,0,0,0,0,0,0,0,,,,,0,0,-120,120,0,120,0,0,,,,,,0,,,,,0,1,-748,UNKNOWN,2026-08-28T08:30:26.820315+00:00,19596,-57,218568,-909,9424,,,,,,False,TSE,國泰標普低波高息,UNKNOWN,ETF,TWSE_T86+TPEX_DAILY_TRADE_HIS,00702,,,,,0,0,0,0,0,0,0,0,,,,,
2026-08-28,GOOD,0,0,0,0,0,0,0,,,,,0,0,0,0,0,0,0,0,,,,,,0,,,,,3,0,1428,UNKNOWN,2026-08-28T08:30:26.820315+00:00,219998,59058,254786,122259,110713,,,,,,False,TSE,台新MSCI中國,UNKNOWN,ETF,TWSE_T86+TPEX_DAILY_TRADE_HIS,00703,,,,,0,0,0,0,0,0,0,0,,,,,
2026-08-28,GOOD,0,0,0,0,0,0,0,,,,,0,0,-6000,24000,0,-110000,5000,9000,,,,,,0,,,,,0,2,-977218,UNKNOWN,2026-08-28T08:30:26.820315+00:00,372760,-623904,10095877,-522107,-302229,,,,,,False,TSE,期元大S&P日圓正2,UNKNOWN,ETF,TWSE_T86+TPEX_DAILY_TRADE_HIS,00706L,,,,,0,0,0,0,0,0,0,0,,,,,
2026-08-13,STALE,0,0,,,0,,0,,,,,0,0,,,0,,0,0,,,,,,15,,,,,0,0,,UNKNOWN,2026-08-28T08:30:26.820315+00:00,,0,,4000,11499,,,,,,True,TSE,期元大S&P日圓反1,UNKNOWN,ETF,TWSE_T86+TPEX_DAILY_TRADE_HIS,00707R,,,,,0,0,,,0,,0,0,,,,,
2026-08-28,GOOD,0,0,0,0,0,0,0,,,,,1,0,-186740,-4740,40300,-552740,-196020,-95740,,,,,,0,,,,,0,3,-5350513,UNKNOWN,2026-08-28T08:30:26.820315+00:00,-2448181,-793008,-5642958,-2676657,-3899347,,,,,,False,TSE,期元大S&P黃金正2,UNKNOWN,ETF,TWSE_T86+TPEX_DAILY_TRADE_HIS,00708L,,,,,0,0,0,0,0,-37000,0,0,,,,,
2026-08-28,GOOD,0,0,0,0,0,0,0,,,,,1,0,197,-3759,219,4762,-1781,-1781,,,,,,0,,,,,0,1,-430231,UNKNOWN,2026-08-28T08:30:26.820315+00:00,741477,-9809,1524898,34090,155623,,,,,,False,TSE,富邦歐洲,UNKNOWN,ETF,TWSE_T86+TPEX_DAILY_TRADE_HIS,00709,,,,,0,0,-49000,191000,0,537000,71000,71000,,,,,
2026-08-28,GOOD,0,0,0,0,0,0,0,,,,,0,1,94000,-226000,-14000,-442519,-11000,-66000,,,,,,0,,,,,0,2,-181330,UNKNOWN,2026-08-28T08:30:26.820315+00:00,-136578,-103411,-59234,-151631,-158954,,,,,,False,TSE,復華彭博非投等債,UNKNOWN,ETF,TWSE_T86+TPEX_DAILY_TRADE_HIS,00710B,,,,,0,0,0,0,0,0,0,0,,,,,
2026-08-28,GOOD,0,0,0,0,0,0,0,,,,,0,1,13000,-29000,-3000,9600,-7000,-8000,,,,,,0,,,,,0,2,16008,UNKNOWN,2026-08-28T08:30:26.820315+00:00,-856,-1986,6575,8545,7576,,,,,,False,TSE,復華彭博新興債,UNKNOWN,ETF,TWSE_T86+TPEX_DAILY_TRADE_HIS,00711B,,,,,0,0,0,0,0,0,0,0,,,,,
2026-08-28,GOOD,0,0,0,0,0,0,0,,,,,0,6,-37535789,-30409649,-5269900,-49827539,-29606719,-33972719,,,,,,0,,,,,0,6,-114922357,UNKNOWN,2026-08-28T08:30:26.820315+00:00,-102289727,-25450215,-129382228,-100715431,-108606042,,,,,,False,TSE,復華富時不動產,UNKNOWN,ETF,TWSE_T86+TPEX_DAILY_TRADE_HIS,00712,,,,,0,0,0,0,0,0,0,0,,,,,
2026-08-28,GOOD,0,0,0,0,0,0,0,,,,,0,2,-3205751,3313927,-20050,1628593,-194425,54088,,,,,,0,,,,,0,1,-2231101,UNKNOWN,2026-08-28T08:30:26.820315+00:00,28056749,-409578,21799508,3265226,12912824,,,,,,False,TSE,元大台灣高息低波,UNKNOWN,ETF,TWSE_T86+TPEX_DAILY_TRADE_HIS,00713,,,,,4,0,4170000,4260000,145000,4305000,2185000,4215000,,,,,
2026-08-28,GOOD,0,0,0,0,0,0,0,,,,,0,0,-330000,-528000,0,-767000,-429000,-429000,,,,,,0,,,,,0,3,-173341,UNKNOWN,2026-08-28T08:30:26.820315+00:00,-165827,-75872,-410463,-176723,-169584,,,,,,False,TSE,群益道瓊美國地產,UNKNOWN,ETF,TWSE_T86+TPEX_DAILY_TRADE_HIS,00714,,,,,0,0,0,0,0,0,0,0,,,,,
2026-08-28,GOOD,0,0,0,0,0,0,0,,,,,1,0,843801,3741999,54000,6948999,336000,2292900,,,,,,0,,,,,1,0,-6274139,UNKNOWN,2026-08-28T08:30:26.820315+00:00,15025299,1883490,24855271,-318256,4375580,,,,,,False,TSE,期街口布蘭特正2,UNKNOWN,ETF,TWSE_T86+TPEX_DAILY_TRADE_HIS,00715L,,,,,0,0,0,0,0,0,0,0,,,,,
2026-08-28,GOOD,0,0,0,0,0,0,0,,,,,0,1,130000,296000,-24000,2905000,190000,213000,,,,,,0,,,,,0,1,34215,UNKNOWN,2026-08-28T08:30:26.820315+00:00,121785,-3000,2719406,53000,78000,,,,,,False,TSE,富邦美國特別股,UNKNOWN,ETF,TWSE_T86+TPEX_DAILY_TRADE_HIS,00717,,,,,0,0,0,0,0,0,0,0,,,,,
2026-08-28,GOOD,0,0,0,0,0,0,0,,,,,1,0,368000,324000,254000,269400,366000,346000,,,,,,0,,,,,0,2,169662,UNKNOWN,2026-08-28T08:30:26.820315+00:00,-273660,-34210,-106952,-29101,-51999,,,,,,False,TSE,第一金工業30,UNKNOWN,ETF,TWSE_T86+TPEX_DAILY_TRADE_HIS,00728,,,,,0,0,0,0,0,0,0,0,,,,,
2026-08-28,GOOD,0,0,0,0,0,0,0,,,,,0,4,-46950,-30950,-2000,345050,-28950,-38950,,,,,,0,,,,,3,0,95040,UNKNOWN,2026-08-28T08:30:26.820315+00:00,136356,7178,735079,80215,115698,,,,,,False,TSE,富邦臺灣優質高息,UNKNOWN,ETF,TWSE_T86+TPEX_DAILY_TRADE_HIS,00730,,,,,0,0,0,0,0,0,0,0,,,,,
2026-08-28,GOOD,0,0,0,0,0,0,0,,,,,3,0,295000,165000,23000,433042,237000,230000,,,,,,0,,,,,4,0,148802,UNKNOWN,2026-08-28T08:30:26.820315+00:00,299554,30835,400070,99520,224178,,,,,,False,TSE,復華富時高息低波,UNKNOWN,ETF,TWSE_T86+TPEX_DAILY_TRADE_HIS,00731,,,,,0,0,0,0,0,0,0,0,,,,,
2026-08-28,GOOD,0,0,0,0,0,0,0,,,,,3,0,71001,163149,41000,1481425,107075,117075,,,,,,0,,,,,5,0,-54521,UNKNOWN,2026-08-28T08:30:26.820315+00:00,1051307,103922,2246135,459219,498393,,,,,,False,TSE,富邦臺灣中小,UNKNOWN,ETF,TWSE_T86+TPEX_DAILY_TRADE_HIS,00733,,,,,0,0,0,0,0,0,0,0,,,,,
2026-08-28,GOOD,0,0,0,0,0,0,0,,,,,3,0,-999264,1339862,109950,-1121138,401950,170299,,,,,,0,,,,,3,0,508773,UNKNOWN,2026-08-28T08:30:26.820315+00:00,3720601,433055,395103,2265989,2114687,,,,,,False,TSE,國泰臺韓科技,UNKNOWN,ETF,TWSE_T86+TPEX_DAILY_TRADE_HIS,00735,,,,,0,0,0,0,0,0,0,0,,,,,
2026-08-28,GOOD,0,0,0,0,0,0,0,,,,,0,0,1000,-1000,0,0,0,0,,,,,,0,,,,,1,0,8000,UNKNOWN,2026-08-28T08:30:26.820315+00:00,16000,1000,33000,13000,12000,,,,,,False,TSE,國泰新興市場,UNKNOWN,ETF,TWSE_T86+TPEX_DAILY_TRADE_HIS,00736,,,,,0,0,0,0,0,0,0,0,,,,,
2026-08-28,GOOD,0,0,0,0,0,0,0,,,,,2,0,131900,102100,122000,-8900,126000,117000,,,,,,0,,,,,1,0,419228,UNKNOWN,2026-08-28T08:30:26.820315+00:00,366858,410519,559680,389961,393043,,,,,,False,TSE,國泰AI機器人,UNKNOWN,ETF,TWSE_T86+TPEX_DAILY_TRADE_HIS,00737,,,,,0,0,0,0,0,0,0,0,,,,,
2026-08-28,GOOD,0,0,0,0,0,0,0,,,,,0,2,-2366724,-1102868,-38950,-1867847,16050,-1734796,,,,,,0,,,,,0,2,-4056754,UNKNOWN,2026-08-28T08:30:26.820315+00:00,-52660,-229604,3413703,-235598,-2054707,,,,,,False,TSE,期元大道瓊白銀,UNKNOWN,ETF,TWSE_T86+TPEX_DAILY_TRADE_HIS,00738U,,,,,0,0,0,0,0,0,0,0,,,,,
2026-08-28,GOOD,0,0,0,0,0,0,0,,,,,1,0,32000,36000,37000,81159,33000,34000,,,,,,0,,,,,4,0,-28633,UNKNOWN,2026-08-28T08:30:26.820315+00:00,83567,30681,273765,55353,27467,,,,,,False,TSE,元大MSCI A股,UNKNOWN,ETF,TWSE_T86+TPEX_DAILY_TRADE_HIS,00739,,,,,0,0,0,0,0,0,0,0,,,,,
2026-08-28,GOOD,0,0,0,0,0,0,0,,,,,0,1,3086,-512966,-21000,-927143,133000,-254940,,,,,,0,,,,,0,1,199742,UNKNOWN,2026-08-28T08:30:26.820315+00:00,-1364112,-241186,2407361,-123047,-582185,,,,,,False,TSE,中信中國50,UNKNOWN,ETF,TWSE_T86+TPEX_DAILY_TRADE_HIS,00752,,,,,0,0,0,0,0,-1000000,0,0,,,,,
2026-08-28,GOOD,0,0,0,0,0,0,0,,,,,4,0,7026000,1182000,1654000,-11754000,4226000,4104000,,,,,,0,,,,,1,0,-1243798,UNKNOWN,2026-08-28T08:30:26.820315+00:00,-5228502,778042,11389328,3913034,-3236150,,,,,,False,TSE,中信中國50正2,UNKNOWN,ETF,TWSE_T86+TPEX_DAILY_TRADE_HIS,00753L,,,,,0,0,0,0,0,0,0,0,,,,,
2026-08-28,GOOD,0,0,0,0,0,0,0,,,,,1,0,-1436642,2334802,108700,-483623,105028,449080,,,,,,0,,,,,1,0,-4937420,UNKNOWN,2026-08-28T08:30:26.820315+00:00,8194426,1001337,3939611,733573,1628503,,,,,,False,TSE,統一FANG+,UNKNOWN,ETF,TWSE_T86+TPEX_DAILY_TRADE_HIS,00757,,,,,0,0,0,0,0,0,0,0,,,,,
2026-08-28,GOOD,0,0,0,0,0,0,0,,,,,0,1,-155108,-242892,-128000,-41041,-64000,-199000,,,,,,0,,,,,2,0,-15395,UNKNOWN,2026-08-28T08:30:26.820315+00:00,20337,1155,298318,-11879,2471,,,,,,False,TSE,元大全球AI,UNKNOWN,ETF,TWSE_T86+TPEX_DAILY_TRADE_HIS,00762,,,,,0,0,0,0,0,0,0,0,,,,,
2026-08-28,GOOD,0,0,0,0,0,0,0,,,,,0,1,278000,-60000,-1000,-450000,3000,109000,,,,,,0,,,,,0,2,229653,UNKNOWN,2026-08-28T08:30:26.820315+00:00,-973293,-105374,-428043,-288464,-371820,,,,,,False,TSE,期街口道瓊銅,UNKNOWN,ETF,TWSE_T86+TPEX_DAILY_TRADE_HIS,00763U,,,,,0,0,0,0,0,0,0,0,,,,,
2026-08-28,GOOD,0,0,0,0,0,0,0,,,,,0,2,10850,-20950,-3000,120936,-1050,-5050,,,,,,0,,,,,0,10,-99749,UNKNOWN,2026-08-28T08:30:26.820315+00:00,-871165,-25807,-385986,-324433,-485457,,,,,,False,TSE,國泰北美科技,UNKNOWN,ETF,TWSE_T86+TPEX_DAILY_TRADE_HIS,00770,,,,,0,0,0,0,0,0,0,0,,,,,
2026-08-28,GOOD,0,0,0,0,0,0,0,,,,,0,0,0,0,0,0,0,0,,,,,,0,,,,,0,2,125883,UNKNOWN,2026-08-28T08:30:26.820315+00:00,-132687,-21002,-275098,-10032,-3402,,,,,,False,TSE,元大US高息特別股,UNKNOWN,ETF,TWSE_T86+TPEX_DAILY_TRADE_HIS,00771,,,,,0,0,0,0,0,0,0,0,,,,,
2026-08-28,GOOD,0,0,0,0,0,0,0,,,,,0,0,-99000,-99000,0,-388000,-22000,-99000,,,,,,0,,,,,0,0,-6577,UNKNOWN,2026-08-28T08:30:26.820315+00:00,3067,0,-2435,-901,-1755,,,,,,False,TSE,台新投等債15+,UNKNOWN,ETF,TWSE_T86+TPEX_DAILY_TRADE_HIS,00775B,,,,,0,0,0,0,0,0,0,0,,,,,
2026-08-28,GOOD,0,0,0,0,0,0,0,,,,,0,0,-28000,-52000,0,-88000,0,-40000,,,,,,0,,,,,4,0,183334,UNKNOWN,2026-08-28T08:30:26.820315+00:00,-122,7034,12966,93555,91606,,,,,,False,TSE,富邦中証500,UNKNOWN,ETF,TWSE_T86+TPEX_DAILY_TRADE_HIS,00783,,,,,0,0,0,0,0,0,0,0,,,,,
2026-08-28,GOOD,0,0,0,0,0,0,0,,,,,0,8,-5434483,-12670743,-1835853,-6309034,-5782843,-9052613,,,,,,0,,,,,0,8,-15269544,UNKNOWN,2026-08-28T08:30:26.820315+00:00,-25901036,-3920689,-23734782,-12810540,-20585290,,,,,,False,TSE,國泰費城半導體,UNKNOWN,ETF,TWSE_T86+TPEX_DAILY_TRADE_HIS,00830,,,,,0,0,0,0,0,558000,0,0,,,,,
2026-08-28,GOOD,0,0,0,0,0,0,0,,,,,1,0,-103801,-230199,10000,-552619,-153000,-167000,,,,,,0,,,,,3,0,1539933,UNKNOWN,2026-08-28T08:30:26.820315+00:00,46251,262960,1561214,838562,793092,,,,,,False,TSE,元大臺灣ESG永續,UNKNOWN,ETF,TWSE_T86+TPEX_DAILY_TRADE_HIS,00850,,,,,0,1,944000,1006000,-10000,1502000,940000,975000,,,,,
2026-08-28,GOOD,0,0,0,0,0,,0,,,,,0,1,935,-2935,-1000,,-1000,-1000,,,,,,0,,,,,0,1,-37065,UNKNOWN,2026-08-28T08:30:26.820315+00:00,33065,-1000,,1000,-2000,,,,,,False,TSE,台新全球AI,UNKNOWN,ETF,TWSE_T86+TPEX_DAILY_TRADE_HIS,00851,,,,,0,0,0,0,0,,0,0,,,,,
2026-08-28,GOOD,0,0,0,0,0,0,0,,,,,0,0,55000,-55000,0,-63000,0,0,,,,,,0,,,,,0,1,213889,UNKNOWN,2026-08-28T08:30:26.820315+00:00,-40309,-7000,-7607,18594,86790,,,,,,False,TSE,國泰美國道瓊正2,UNKNOWN,ETF,TWSE_T86+TPEX_DAILY_TRADE_HIS,00852L,,,,,0,0,0,0,0,0,0,0,,,,,
2026-08-28,GOOD,0,0,0,0,0,0,0,,,,,2,0,-14000,126026,20000,111048,66003,56013,,,,,,0,,,,,2,0,-47470,UNKNOWN,2026-08-28T08:30:26.820315+00:00,-10714,20155,534937,10407,-29092,,,,,,False,TSE,元大全球未來通訊,UNKNOWN,ETF,TWSE_T86+TPEX_DAILY_TRADE_HIS,00861,,,,,0,0,0,0,0,0,0,0,,,,,
2026-08-28,GOOD,0,0,0,0,0,0,0,,,,,0,2,513900,-591900,-110000,-2851625,-126000,-39000,,,,,,0,,,,,0,20,-2592573,UNKNOWN,2026-08-28T08:30:26.820315+00:00,-16572357,-1906436,-30402276,-5889858,-9582465,,,,,,False,TSE,國泰US短期公債,UNKNOWN,ETF,TWSE_T86+TPEX_DAILY_TRADE_HIS,00865B,,,,,0,0,0,0,0,0,0,0,,,,,
2026-08-28,GOOD,0,0,0,0,0,0,0,,,,,0,0,308883,-308831,0,-305913,9,26,,,,,,0,,,,,1,0,521677,UNKNOWN,2026-08-28T08:30:26.820315+00:00,-781107,46415,-836901,-75881,-129715,,,,,,False,TSE,國泰網路資安,UNKNOWN,ETF,TWSE_T86+TPEX_DAILY_TRADE_HIS,00875,,,,,0,0,0,0,0,0,0,0,,,,,
2026-08-28,GOOD,0,0,0,0,0,0,0,,,,,3,0,116026,-61690,18000,204350,150000,27168,,,,,,0,,,,,2,0,90076,UNKNOWN,2026-08-28T08:30:26.820315+00:00,-940422,40440,-582856,1631,-425173,,,,,,False,TSE,元大全球5G,UNKNOWN,ETF,TWSE_T86+TPEX_DAILY_TRADE_HIS,00876,,,,,0,0,0,0,0,0,0,0,,,,,
2026-08-28,GOOD,0,0,0,0,0,0,0,,,,,7,0,47046382,9736278,11532249,-52675418,21214285,28391330,,,,,,0,,,,,1,0,255479254,UNKNOWN,2026-08-28T08:30:26.820315+00:00,-197613380,16803848,-459484972,24600547,28932937,,,,,,False,TSE,國泰永續高股息,UNKNOWN,ETF,TWSE_T86+TPEX_DAILY_TRADE_HIS,00878,,,,,0,0,-200000,-200000,0,-200000,0,-200000,,,,,
2026-08-28,GOOD,0,0,0,0,0,0,0,,,,,4,0,8407471,12644843,5663054,-25436133,9849169,10526157,,,,,,0,,,,,3,0,208705054,UNKNOWN,2026-08-28T08:30:26.820315+00:00,-241181656,4992155,-527100017,7933961,-16238301,,,,,,False,TSE,國泰台灣科技龍頭,UNKNOWN,ETF,TWSE_T86+TPEX_DAILY_TRADE_HIS,00881,,,,,0,0,-1500000,-1500000,0,0,0,-1500000,,,,,
2026-08-28,GOOD,0,0,0,0,0,0,0,,,,,0,2,-889583,2063117,-734000,-4545046,-913233,586767,,,,,,0,,,,,0,2,-1988914,UNKNOWN,2026-08-28T08:30:26.820315+00:00,7106024,-503206,-8715425,-1579674,2558555,,,,,,False,TSE,中信中國高股息,UNKNOWN,ETF,TWSE_T86+TPEX_DAILY_TRADE_HIS,00882,,,,,0,0,0,0,0,0,0,0,,,,,
2026-08-28,GOOD,0,0,0,0,0,0,0,,,,,9,0,6768771,5324405,678000,2784883,2353000,6046588,,,,,,0,,,,,7,0,10695915,UNKNOWN,2026-08-28T08:30:26.820315+00:00,5972527,582655,10449556,2817207,8334221,,,,,,False,TSE,富邦越南,UNKNOWN,ETF,TWSE_T86+TPEX_DAILY_TRADE_HIS,00885,,,,,0,0,0,0,0,0,0,0,,,,,
2026-08-28,GOOD,0,0,0,0,0,0,0,,,,,1,0,474555,-148471,2096877,-31560007,2719827,163042,,,,,,0,,,,,1,0,73666756,UNKNOWN,2026-08-28T08:30:26.820315+00:00,-78269354,4074739,-177733317,7401756,-2301299,,,,,,False,TSE,中信關鍵半導體,UNKNOWN,ETF,TWSE_T86+TPEX_DAILY_TRADE_HIS,00891,,,,,0,0,0,0,0,0,0,0,,,,,
2026-08-28,GOOD,0,0,0,0,0,0,0,,,,,0,1,-933600,894490,-238985,2931971,-13930,-19555,,,,,,0,,,,,3,0,679722,UNKNOWN,2026-08-28T08:30:26.820315+00:00,1627578,559340,8747666,1346712,1153650,,,,,,False,TSE,富邦台灣半導體,UNKNOWN,ETF,TWSE_T86+TPEX_DAILY_TRADE_HIS,00892,,,,,0,0,0,0,0,0,0,0,,,,,
2026-08-28,GOOD,0,0,0,0,0,0,0,,,,,2,0,595857,974043,934,931303,261934,784950,,,,,,0,,,,,3,0,101014,UNKNOWN,2026-08-28T08:30:26.820315+00:00,176098,72125,2433116,224405,138556,,,,,,False,TSE,國泰智能電動車,UNKNOWN,ETF,TWSE_T86+TPEX_DAILY_TRADE_HIS,00893,,,,,0,0,0,0,0,0,0,0,,,,,
2026-08-28,GOOD,0,0,0,0,0,0,0,,,,,1,0,426865,-38865,274000,429197,349000,194000,,,,,,0,,,,,3,0,3713430,UNKNOWN,2026-08-28T08:30:26.820315+00:00,-3249474,536069,-3812169,978240,231978,,,,,,False,TSE,中信小資高價30,UNKNOWN,ETF,TWSE_T86+TPEX_DAILY_TRADE_HIS,00894,,,,,0,0,0,0,0,0,0,0,,,,,
2026-08-28,GOOD,0,0,0,0,0,0,0,,,,,0,3,351987,728043,-4000,629115,-17005,540015,,,,,,0,,,,,1,0,-26639,UNKNOWN,2026-08-28T08:30:26.820315+00:00,298713,51727,1782506,20494,136037,,,,,,False,TSE,富邦未來車,UNKNOWN,ETF,TWSE_T86+TPEX_DAILY_TRADE_HIS,00895,,,,,0,0,0,0,0,0,0,0,,,,,
2026-08-28,GOOD,0,0,0,0,0,0,0,,,,,0,1,1028350,-3566050,-25000,-391710,108000,-1268850,,,,,,0,,,,,3,0,3610887,UNKNOWN,2026-08-28T08:30:26.820315+00:00,-4272417,384127,4863449,1435710,-330765,,,,,,False,TSE,中信綠能及電動車,UNKNOWN,ETF,TWSE_T86+TPEX_DAILY_TRADE_HIS,00896,,,,,0,0,0,0,0,0,0,0,,,,,
2026-08-28,GOOD,0,0,0,0,0,0,0,,,,,0,1,-1514400,637600,-226900,1665600,89600,-438400,,,,,,0,,,,,1,0,-2351258,UNKNOWN,2026-08-28T08:30:26.820315+00:00,3453524,81847,6862881,386219,551133,,,,,,False,TSE,富邦基因免疫生技,UNKNOWN,ETF,TWSE_T86+TPEX_DAILY_TRADE_HIS,00897,,,,,0,0,0,0,0,0,0,0,,,,,
2026-08-28,GOOD,0,0,0,0,0,0,0,,,,,7,0,-870700,3971300,154000,15417300,1106300,1550300,,,,,,0,,,,,20,0,-2606781,UNKNOWN,2026-08-28T08:30:26.820315+00:00,8636741,406320,22283050,2150004,3014980,,,,,,False,TSE,國泰基因免疫革命,UNKNOWN,ETF,TWSE_T86+TPEX_DAILY_TRADE_HIS,00898,,,,,0,0,0,0,0,0,0,0,,,,,
2026-08-28,GOOD,0,0,0,0,0,0,0,,,,,1,0,3000,-5000,1000,-6000,0,-1000,,,,,,0,,,,,2,0,39927,UNKNOWN,2026-08-28T08:30:26.820315+00:00,32443,11113,226870,6556,36185,,,,,,False,TSE,FT潔淨能源,UNKNOWN,ETF,TWSE_T86+TPEX_DAILY_TRADE_HIS,00899,,,,,0,0,0,0,0,0,0,0,,,,,
2026-08-28,GOOD,0,0,0,0,0,0,0,,,,,20,0,-291597,9625171,750787,28312381,3312787,4666787,,,,,,0,,,,,20,0,4013252,UNKNOWN,2026-08-28T08:30:26.820315+00:00,31365082,1886381,62104438,12191562,17689167,,,,,,False,TSE,富邦特選高股息30,UNKNOWN,ETF,TWSE_T86+TPEX_DAILY_TRADE_HIS,00900,,,,,0,0,5000000,5000000,0,10000000,2500000,5000000,,,,,
2026-08-28,GOOD,0,0,0,0,0,0,0,,,,,1,0,-211000,127000,79000,-419999,32000,-42000,,,,,,0,,,,,1,0,15073,UNKNOWN,2026-08-28T08:30:26.820315+00:00,329185,14807,801679,179407,172129,,,,,,False,TSE,永豐智能車供應鏈,UNKNOWN,ETF,TWSE_T86+TPEX_DAILY_TRADE_HIS,00901,,,,,0,0,0,0,0,0,0,0,,,,,
2026-08-28,GOOD,0,0,0,0,0,0,0,,,,,0,1,-529000,109000,-15000,1213000,-229000,-210000,,,,,,0,,,,,2,0,-39299,UNKNOWN,2026-08-28T08:30:26.820315+00:00,921145,162142,3648505,183755,440923,,,,,,False,TSE,中信電池及儲能,UNKNOWN,ETF,TWSE_T86+TPEX_DAILY_TRADE_HIS,00902,,,,,0,0,0,0,0,0,0,0,,,,,
2026-08-28,GOOD,0,0,0,0,0,0,0,,,,,0,1,243000,49000,-145000,-1012000,146000,146000,,,,,,0,,,,,18,0,-119174,UNKNOWN,2026-08-28T08:30:26.820315+00:00,207580,1845,754864,22863,44203,,,,,,False,TSE,富邦元宇宙,UNKNOWN,ETF,TWSE_T86+TPEX_DAILY_TRADE_HIS,00903,,,,,0,0,0,0,0,0,0,0,,,,,
2026-08-28,GOOD,0,0,0,0,0,0,0,,,,,4,0,151848,612200,204000,1684174,313000,382024,,,,,,0,,,,,3,0,706212,UNKNOWN,2026-08-28T08:30:26.820315+00:00,1342950,203816,3784624,973934,1024581,,,,,,False,TSE,台新臺灣半導體30,UNKNOWN,ETF,TWSE_T86+TPEX_DAILY_TRADE_HIS,00904,,,,,0,0,0,0,0,0,0,0,,,,,
2026-08-28,GOOD,0,0,0,0,0,0,0,,,,,1,0,-731477,-408523,115000,-162214,-31000,-570000,,,,,,0,,,,,3,0,535308,UNKNOWN,2026-08-28T08:30:26.820315+00:00,472030,310221,2272806,812802,503669,,,,,,False,TSE,FT臺灣Smart,UNKNOWN,ETF,TWSE_T86+TPEX_DAILY_TRADE_HIS,00905,,,,,0,0,0,0,0,0,0,0,,,,,
2026-08-28,GOOD,0,0,0,0,0,0,0,,,,,2,0,-958000,-568000,14000,-791888,-212000,-763000,,,,,,0,,,,,0,1,-4026793,UNKNOWN,2026-08-28T08:30:26.820315+00:00,-1177135,-324693,-978385,-845742,-2601964,,,,,,False,TSE,永豐優息存股,UNKNOWN,ETF,TWSE_T86+TPEX_DAILY_TRADE_HIS,00907,,,,,0,0,0,0,0,0,0,0,,,,,
2026-08-28,GOOD,0,0,0,0,0,0,0,,,,,0,0,-396000,-86000,0,-429000,-240000,-241000,,,,,,0,,,,,0,1,1371,UNKNOWN,2026-08-28T08:30:26.820315+00:00,47989,-5331,166206,52103,24680,,,,,,False,TSE,富邦入息REITs+,UNKNOWN,ETF,TWSE_T86+TPEX_DAILY_TRADE_HIS,00908,,,,,0,0,0,0,0,0,0,0,,,,,
2026-08-28,GOOD,0,0,0,0,0,0,0,,,,,4,0,1429921,968299,376000,1536147,500010,1199110,,,,,,0,,,,,4,0,1634517,UNKNOWN,2026-08-28T08:30:26.820315+00:00,873269,676143,1213926,1415416,1253893,,,,,,False,TSE,國泰數位支付服務,UNKNOWN,ETF,TWSE_T86+TPEX_DAILY_TRADE_HIS,00909,,,,,0,0,0,0,0,0,0,0,,,,,
2026-08-28,GOOD,0,0,0,0,0,0,0,,,,,0,3,-611060,405952,-48180,1808367,-251418,-102554,,,,,,0,,,,,0,4,-1534323,UNKNOWN,2026-08-28T08:30:26.820315+00:00,-9753,-27802,5390228,-578180,-772038,,,,,,False,TSE,第一金太空衛星,UNKNOWN,ETF,TWSE_T86+TPEX_DAILY_TRADE_HIS,00910,,,,,0,0,0,0,0,0,0,0,,,,,
2026-08-28,GOOD,0,0,0,0,0,0,0,,,,,0,4,12064,13618,-4771,7737,-19485,12841,,,,,,0,,,,,0,1,-909834,UNKNOWN,2026-08-28T08:30:26.820315+00:00,-2540008,-299384,-2423150,-681643,-1724921,,,,,,False,TSE,兆豐洲際半導體,UNKNOWN,ETF,TWSE_T86+TPEX_DAILY_TRADE_HIS,00911,,,,,0,0,0,0,0,0,0,0,,,,,
2026-08-28,GOOD,0,0,0,0,0,0,0,,,,,0,1,-219055,389205,-9985,621290,115045,85075,,,,,,0,,,,,3,0,-233689,UNKNOWN,2026-08-28T08:30:26.820315+00:00,471949,35407,2267879,142041,119130,,,,,,False,TSE,中信臺灣智慧50,UNKNOWN,ETF,TWSE_T86+TPEX_DAILY_TRADE_HIS,00912,,,,,0,0,0,0,0,0,0,0,,,,,
2026-08-28,GOOD,0,0,0,0,0,0,0,,,,,1,0,-639220,947220,332000,-1795780,147000,154000,,,,,,0,,,,,3,0,2541434,UNKNOWN,2026-08-28T08:30:26.820315+00:00,-1160156,145224,-3354298,876688,690639,,,,,,False,TSE,兆豐台灣晶圓製造,UNKNOWN,ETF,TWSE_T86+TPEX_DAILY_TRADE_HIS,00913,,,,,0,0,0,0,0,0,0,0,,,,,
2026-08-28,GOOD,0,0,0,0,0,0,0,,,,,1,0,-252135,-351865,592000,1560174,-239000,-302000,,,,,,0,,,,,6,0,382831,UNKNOWN,2026-08-28T08:30:26.820315+00:00,1890577,546695,5689522,782301,1136704,,,,,,False,TSE,凱基優選高股息30,UNKNOWN,ETF,TWSE_T86+TPEX_DAILY_TRADE_HIS,00915,,,,,0,0,0,0,0,0,0,0,,,,,
2026-08-28,GOOD,0,0,0,0,0,0,0,,,,,0,2,-674110,718110,-3000,2665780,-6000,22000,,,,,,0,,,,,0,2,-1092052,UNKNOWN,2026-08-28T08:30:26.820315+00:00,1404836,-152479,9459763,-225802,156392,,,,,,False,TSE,國泰全球品牌50,UNKNOWN,ETF,TWSE_T86+TPEX_DAILY_TRADE_HIS,00916,,,,,0,0,0,0,0,0,0,0,,,,,
2026-08-28,GOOD,0,0,0,0,0,0,0,,,,,0,2,265817,-875817,-596000,-2166851,-554000,-305000,,,,,,0,,,,,0,2,136177,UNKNOWN,2026-08-28T08:30:26.820315+00:00,-1381245,-597069,-1655386,-956140,-622534,,,,,,False,TSE,中信特選金融,UNKNOWN,ETF,TWSE_T86+TPEX_DAILY_TRADE_HIS,00917,,,,,0,0,0,0,0,0,0,0,,,,,
2026-08-28,GOOD,0,0,0,0,0,0,0,,,,,0,2,5538410,-15682116,-98000,-6149296,-459253,-5071853,,,,,,0,,,,,0,2,7825139,UNKNOWN,2026-08-28T08:30:26.820315+00:00,-37884707,-3569630,-9949929,-7638549,-15029784,,,,,,False,TSE,大華優利高填息30,UNKNOWN,ETF,TWSE_T86+TPEX_DAILY_TRADE_HIS,00918,,,,,0,0,0,0,0,0,0,0,,,,,
2026-08-28,GOOD,0,0,0,0,0,0,0,,,,,0,2,9902677,-32340485,-7355376,14552499,-8817983,-11218904,,,,,,0,,,,,0,3,-5902656,UNKNOWN,2026-08-28T08:30:26.820315+00:00,-18184430,-17255296,49053804,-38872874,-12043543,,,,,,False,TSE,群益台灣精選高息,UNKNOWN,ETF,TWSE_T86+TPEX_DAILY_TRADE_HIS,00919,,,,,0,0,3726000,3726000,0,3726000,0,3726000,,,,,
2026-08-28,GOOD,0,0,0,0,0,0,0,,,,,0,3,123735,47861,-11240,331861,-117240,85798,,,,,,0,,,,,0,1,21618,UNKNOWN,2026-08-28T08:30:26.820315+00:00,-10434,-2393,757322,43797,5592,,,,,,False,TSE,富邦ESG綠色電力,UNKNOWN,ETF,TWSE_T86+TPEX_DAILY_TRADE_HIS,00920,,,,,0,0,0,0,0,0,0,0,,,,,
2026-08-28,GOOD,0,0,0,0,0,0,0,,,,,0,1,-28960,187040,-9000,751040,86040,79040,,,,,,0,,,,,0,1,-1013,UNKNOWN,2026-08-28T08:30:26.820315+00:00,270173,-24030,1244758,132467,134580,,,,,,False,TSE,兆豐龍頭等權重,UNKNOWN,ETF,TWSE_T86+TPEX_DAILY_TRADE_HIS,00921,,,,,0,0,0,0,0,0,0,0,,,,,
2026-08-28,GOOD,0,0,0,0,0,0,0,,,,,1,0,3911578,1612272,2546031,6286384,2937491,2761925,,,,,,0,,,,,4,0,21952132,UNKNOWN,2026-08-28T08:30:26.820315+00:00,13925174,2426879,31028374,16057004,17938653,,,,,,False,TSE,國泰台灣領袖50,UNKNOWN,ETF,TWSE_T86+TPEX_DAILY_TRADE_HIS,00922,,,,,0,0,2000000,-2000000,0,-2000000,0,0,,,,,
2026-08-28,GOOD,0,0,0,0,0,0,0,,,,,1,0,-1256441,528981,1356015,-4664791,806550,-363730,,,,,,0,,,,,3,0,40713147,UNKNOWN,2026-08-28T08:30:26.820315+00:00,-39317181,2007036,-109921954,3302476,697983,,,,,,False,TSE,群益台ESG低碳50,UNKNOWN,ETF,TWSE_T86+TPEX_DAILY_TRADE_HIS,00923,,,,,0,0,0,0,0,0,0,0,,,,,
2026-08-28,GOOD,0,0,0,0,0,0,0,,,,,0,5,504945,-1200325,-6900,-2256289,-27770,-347690,,,,,,0,,,,,0,1,314915,UNKNOWN,2026-08-28T08:30:26.820315+00:00,-2365331,-252840,-2288654,-479677,-1025208,,,,,,False,TSE,復華S&P500成長,UNKNOWN,ETF,TWSE_T86+TPEX_DAILY_TRADE_HIS,00924,,,,,0,0,0,0,0,0,0,0,,,,,
2026-08-28,GOOD,0,0,0,0,0,0,0,,,,,0,0,-483645,10545,0,84150,-227800,-236550,,,,,,0,,,,,0,1,-58544,UNKNOWN,2026-08-28T08:30:26.820315+00:00,-356460,-29847,-5287405,-42397,-207502,,,,,,False,TSE,凱基全球菁英55,UNKNOWN,ETF,TWSE_T86+TPEX_DAILY_TRADE_HIS,00926,,,,,0,0,0,0,0,0,0,0,,,,,
2026-08-28,GOOD,0,0,0,0,0,0,0,,,,,1,0,1569641,-3493271,3487100,8773971,1174800,-961815,,,,,,0,,,,,1,0,10851284,UNKNOWN,2026-08-28T08:30:26.820315+00:00,-6053974,3734285,4498219,4699223,2398655,,,,,,False,TSE,群益半導體收益,UNKNOWN,ETF,TWSE_T86+TPEX_DAILY_TRADE_HIS,00927,,,,,0,0,0,0,0,0,0,0,,,,,
2026-08-28,GOOD,0,0,0,0,0,0,0,,,,,0,1,2976877,10471211,-1359818,14146084,8825838,6724044,,,,,,0,,,,,0,1,139127869,UNKNOWN,2026-08-28T08:30:26.820315+00:00,-142484449,-969956,-229771439,14022551,-1678290,,,,,,False,TSE,復華台灣科技優息,UNKNOWN,ETF,TWSE_T86+TPEX_DAILY_TRADE_HIS,00929,,,,,0,0,0,0,0,0,0,0,,,,,
2026-08-28,GOOD,0,0,0,0,0,0,0,,,,,1,0,-335980,56020,3000,39115,-5000,-139980,,,,,,0,,,,,4,0,-239689,UNKNOWN,2026-08-28T08:30:26.820315+00:00,1125235,71569,3080330,396848,442773,,,,,,False,TSE,永豐ESG低碳高息,UNKNOWN,ETF,TWSE_T86+TPEX_DAILY_TRADE_HIS,00930,,,,,0,0,0,0,0,0,0,0,,,,,
2026-08-28,GOOD,0,0,0,0,0,0,0,,,,,1,0,-514000,226000,2000,219000,-94000,-144000,,,,,,0,,,,,20,0,385620,UNKNOWN,2026-08-28T08:30:26.820315+00:00,2263766,170566,5006653,1129641,1324693,,,,,,False,TSE,兆豐永續高息等權,UNKNOWN,ETF,TWSE_T86+TPEX_DAILY_TRADE_HIS,00932,,,,,0,0,0,0,0,0,0,0,,,,,
2026-08-28,GOOD,0,0,0,0,0,0,0,,,,,3,0,1384540,-1015460,19000,2207845,592440,184540,,,,,,0,,,,,0,1,2446072,UNKNOWN,2026-08-28T08:30:26.820315+00:00,289530,-200015,4489973,1536191,1367801,,,,,,False,TSE,中信成長高股息,UNKNOWN,ETF,TWSE_T86+TPEX_DAILY_TRADE_HIS,00934,,,,,0,0,0,0,0,0,0,0,,,,,
2026-08-28,GOOD,0,0,0,0,0,0,0,,,,,2,0,3586172,1095634,2759500,14733235,3862450,2340903,,,,,,0,,,,,3,0,5033717,UNKNOWN,2026-08-28T08:30:26.820315+00:00,-2194853,873952,16641277,2686764,1419432,,,,,,False,TSE,野村臺灣新科技50,UNKNOWN,ETF,TWSE_T86+TPEX_DAILY_TRADE_HIS,00935,,,,,0,1,1031000,-327000,-437000,-861000,-253000,352000,,,,,
2026-08-28,GOOD,0,0,0,0,0,0,0,,,,,3,0,-548700,784700,94000,1855700,285000,118000,,,,,,0,,,,,0,1,-738139,UNKNOWN,2026-08-28T08:30:26.820315+00:00,2668609,-67945,8264332,638800,965235,,,,,,False,TSE,台新永續高息中小,UNKNOWN,ETF,TWSE_T86+TPEX_DAILY_TRADE_HIS,00936,,,,,0,0,0,0,0,0,0,0,,,,,
2026-08-28,GOOD,0,0,0,0,0,0,0,,,,,1,0,-87000,-595000,131000,316800,-70000,-341000,,,,,,0,,,,,4,0,-1042989,UNKNOWN,2026-08-28T08:30:26.820315+00:00,-638273,23805,-3774952,113001,-840631,,,,,,False,TSE,凱基優選30,UNKNOWN,ETF,TWSE_T86+TPEX_DAILY_TRADE_HIS,00938,,,,,0,0,0,0,0,0,0,0,,,,,
2026-08-28,GOOD,0,0,0,0,0,0,0,,,,,0,4,-452457,-503453,-5955,4152747,-396955,-477955,,,,,,0,,,,,0,1,-1239526,UNKNOWN,2026-08-28T08:30:26.820315+00:00,2434522,-175250,10044335,-175051,597498,,,,,,False,TSE,統一台灣高息動能,UNKNOWN,ETF,TWSE_T86+TPEX_DAILY_TRADE_HIS,00939,,,,,0,0,0,0,0,0,0,0,,,,,
2026-08-28,GOOD,0,0,0,0,0,0,0,,,,,1,0,624063,4352783,1733171,7015885,3048421,2488423,,,,,,0,,,,,20,0,9316303,UNKNOWN,2026-08-28T08:30:26.820315+00:00,76641903,6018561,177099009,29564945,42979103,,,,,,False,TSE,元大台灣價值高息,UNKNOWN,ETF,TWSE_T86+TPEX_DAILY_TRADE_HIS,00940,,,,,0,0,0,0,0,0,0,0,,,,,
2026-08-28,GOOD,0,0,0,0,0,0,0,,,,,0,7,-1551167,-390711,-3985,2202247,-357885,-970939,,,,,,0,,,,,0,2,5176747,UNKNOWN,2026-08-28T08:30:26.820315+00:00,-5992591,-84944,1565730,-407030,-407922,,,,,,False,TSE,中信上游半導體,UNKNOWN,ETF,TWSE_T86+TPEX_DAILY_TRADE_HIS,00941,,,,,0,0,0,0,0,0,0,0,,,,,
2026-08-28,GOOD,0,0,0,0,0,0,0,,,,,1,0,28000,18000,2000,-1681000,-2000,23000,,,,,,0,,,,,0,1,59231,UNKNOWN,2026-08-28T08:30:26.820315+00:00,70247,-3529,266726,25363,64739,,,,,,False,TSE,兆豐電子高息等權,UNKNOWN,ETF,TWSE_T86+TPEX_DAILY_TRADE_HIS,00943,,,,,0,0,0,0,0,0,0,0,,,,,
2026-08-28,GOOD,0,0,0,0,0,0,0,,,,,2,0,66080,-411986,7000,-343004,-63000,-172953,,,,,,0,,,,,2,0,140799,UNKNOWN,2026-08-28T08:30:26.820315+00:00,286073,66154,434443,148990,213436,,,,,,False,TSE,野村趨勢動能高息,UNKNOWN,ETF,TWSE_T86+TPEX_DAILY_TRADE_HIS,00944,,,,,0,0,0,0,0,0,0,0,,,,,
2026-08-28,GOOD,0,0,0,0,0,0,0,,,,,0,1,337000,-597000,-200000,-1225000,-129000,-130000,,,,,,0,,,,,0,2,5641023,UNKNOWN,2026-08-28T08:30:26.820315+00:00,-10256439,-1700699,-32798518,-2619355,-2307708,,,,,,False,TSE,凱基美國非投等債,UNKNOWN,ETF,TWSE_T86+TPEX_DAILY_TRADE_HIS,00945B,,,,,0,0,0,0,0,0,0,0,,,,,
2026-08-28,GOOD,0,0,0,0,0,0,0,,,,,0,4,890900,-538900,-25000,3330125,-144000,176000,,,,,,0,,,,,6,0,2021198,UNKNOWN,2026-08-28T08:30:26.820315+00:00,4681110,317919,16124767,2545638,3351154,,,,,,False,TSE,群益科技高息成長,UNKNOWN,ETF,TWSE_T86+TPEX_DAILY_TRADE_HIS,00946,,,,,0,0,0,0,0,0,0,0,,,,,
2026-08-28,GOOD,0,0,0,0,0,0,0,,,,,1,0,1193293,422155,554062,11959860,720656,807724,,,,,,0,,,,,1,0,5146641,UNKNOWN,2026-08-28T08:30:26.820315+00:00,-313919,582131,8855568,2299213,2416361,,,,,,False,TSE,台新臺灣IC設計,UNKNOWN,ETF,TWSE_T86+TPEX_DAILY_TRADE_HIS,00947,,,,,0,0,0,0,0,-11650000,0,0,,,,,
2026-08-28,GOOD,0,0,0,0,0,0,0,,,,,5,0,596045,92045,131000,167184,257000,344045,,,,,,0,,,,,0,3,-302118,UNKNOWN,2026-08-28T08:30:26.820315+00:00,108600,-6397,2258666,-127724,-96759,,,,,,False,TSE,復華日本龍頭,UNKNOWN,ETF,TWSE_T86+TPEX_DAILY_TRADE_HIS,00949,,,,,0,0,0,0,0,0,0,0,,,,,
2026-08-28,GOOD,0,0,0,0,0,0,0,,,,,0,1,1866898,-2056700,-109000,-261412,-103901,-94901,,,,,,0,,,,,0,1,3152380,UNKNOWN,2026-08-28T08:30:26.820315+00:00,-3703264,-77259,814734,-22219,-275442,,,,,,False,TSE,台新日本半導體,UNKNOWN,ETF,TWSE_T86+TPEX_DAILY_TRADE_HIS,00951,,,,,0,0,0,0,0,0,0,0,,,,,
2026-08-28,GOOD,0,0,0,0,0,0,0,,,,,2,0,-614274,-399674,67000,1475600,-162000,-506974,,,,,,0,,,,,3,0,2160097,UNKNOWN,2026-08-28T08:30:26.820315+00:00,497245,668530,3443880,1424658,1328671,,,,,,False,TSE,凱基台灣AI50,UNKNOWN,ETF,TWSE_T86+TPEX_DAILY_TRADE_HIS,00952,,,,,0,0,0,0,0,0,0,0,,,,,
2026-08-28,GOOD,0,0,0,0,0,0,0,,,,,0,1,-1084385,-3443621,-2226100,-9547713,-2166000,-2264003,,,,,,0,,,,,0,9,-91876041,UNKNOWN,2026-08-28T08:30:26.820315+00:00,-215725313,-70183107,-272275162,-120995917,-153800677,,,,,,False,TSE,群益優選非投等債,UNKNOWN,ETF,TWSE_T86+TPEX_DAILY_TRADE_HIS,00953B,,,,,0,0,-21000000,21000000,0,31000000,0,0,,,,,
2026-08-28,GOOD,0,0,0,0,0,0,0,,,,,1,0,1158090,-1555790,25050,-964695,43150,-198850,,,,,,0,,,,,0,2,1910365,UNKNOWN,2026-08-28T08:30:26.820315+00:00,-2523027,-135774,-1566910,-244247,-306331,,,,,,False,TSE,中信日本半導體,UNKNOWN,ETF,TWSE_T86+TPEX_DAILY_TRADE_HIS,00954,,,,,0,0,0,0,0,0,0,0,,,,,
2026-08-28,GOOD,0,0,0,0,0,0,0,,,,,0,2,-52000,36000,-13000,250000,-40000,-8000,,,,,,0,,,,,0,2,42683,UNKNOWN,2026-08-28T08:30:26.820315+00:00,-51339,-76552,378543,-94358,-4328,,,,,,False,TSE,中信日經高股息,UNKNOWN,ETF,TWSE_T86+TPEX_DAILY_TRADE_HIS,00956,,,,,0,0,0,0,0,0,0,0,,,,,
2026-08-28,GOOD,0,0,0,0,0,0,0,,,,,0,1,-562838,579336,-2000,591336,27086,8249,,,,,,0,,,,,0,1,1380134,UNKNOWN,2026-08-28T08:30:26.820315+00:00,-1942666,-36833,122902,408645,-281266,,,,,,False,TSE,野村全球航運龍頭,UNKNOWN,ETF,TWSE_T86+TPEX_DAILY_TRADE_HIS,00960,,,,,0,0,0,0,0,0,0,0,,,,,
2026-08-28,GOOD,0,0,0,0,0,0,0,,,,,0,1,-3898610,-86010,-1640600,-5404422,-5500,-1992310,,,,,,0,,,,,0,20,71916585,UNKNOWN,2026-08-28T08:30:26.820315+00:00,-141071799,-13559216,-312972858,-19852509,-34577607,,,,,,False,TSE,FT臺灣永續高息,UNKNOWN,ETF,TWSE_T86+TPEX_DAILY_TRADE_HIS,00961,,,,,0,0,0,0,0,0,0,0,,,,,
2026-08-28,GOOD,0,0,0,0,0,0,0,,,,,1,0,114000,294000,54000,-45000,-69000,204000,,,,,,0,,,,,3,0,805595,UNKNOWN,2026-08-28T08:30:26.820315+00:00,-301765,16869,-3747863,328797,251915,,,,,,False,TSE,台新AI優息動能,UNKNOWN,ETF,TWSE_T86+TPEX_DAILY_TRADE_HIS,00962,,,,,0,0,0,0,0,0,0,0,,,,,
2026-08-28,GOOD,0,0,0,0,0,0,0,,,,,0,2,-996000,-262000,-70000,-1407000,-439000,-629000,,,,,,0,,,,,0,6,78463,UNKNOWN,2026-08-28T08:30:26.820315+00:00,-4304473,-445197,-12648701,-1500005,-2113005,,,,,,False,TSE,中信全球高股息,UNKNOWN,ETF,TWSE_T86+TPEX_DAILY_TRADE_HIS,00963,,,,,0,0,0,0,0,0,0,0,,,,,
2026-08-28,GOOD,0,0,0,0,0,0,0,,,,,0,1,-789000,693000,-56000,953000,-64000,-48000,,,,,,0,,,,,1,0,-2541146,UNKNOWN,2026-08-28T08:30:26.820315+00:00,4318730,151191,6819168,235317,888792,,,,,,False,TSE,中信亞太高股息,UNKNOWN,ETF,TWSE_T86+TPEX_DAILY_TRADE_HIS,00964,,,,,0,0,0,0,0,0,0,0,,,,,
2026-08-28,GOOD,0,0,0,0,0,0,0,,,,,0,2,284734,33022,-67887,6466757,108378,158878,,,,,,0,,,,,0,2,-1530963,UNKNOWN,2026-08-28T08:30:26.820315+00:00,1744575,-38766,26929129,-41539,106806,,,,,,False,TSE,元大航太防衛科技,UNKNOWN,ETF,TWSE_T86+TPEX_DAILY_TRADE_HIS,00965,,,,,0,0,876000,-876000,0,-3044000,0,0,,,,,
2026-08-28,GOOD,0,0,0,0,0,0,0,,,,,0,4,0,-8000,-1000,-2000,-3000,-4000,,,,,,0,,,,,1,0,704269,UNKNOWN,2026-08-28T08:30:26.820315+00:00,482363,549206,1282741,440910,593316,,,,,,False,TSE,野村美國研發龍頭,UNKNOWN,ETF,TWSE_T86+TPEX_DAILY_TRADE_HIS,00971,,,,,0,0,0,0,0,0,0,0,,,,,
2026-08-28,GOOD,0,0,0,0,0,0,0,,,,,0,3,-24014,-13814,-23000,15791,-29000,-18914,,,,,,0,,,,,0,3,-139333,UNKNOWN,2026-08-28T08:30:26.820315+00:00,114831,-32066,1501905,-52257,-12251,,,,,,False,TSE,野村日本動能高息,UNKNOWN,ETF,TWSE_T86+TPEX_DAILY_TRADE_HIS,00972,,,,,0,0,0,0,0,0,0,0,,,,,
2026-08-28,GOOD,0,0,0,0,0,0,0,,,,,0,6,-671040,-700960,-96000,-541738,-575000,-686000,,,,,,0,,,,,0,6,-807601,UNKNOWN,2026-08-28T08:30:26.820315+00:00,-2980805,-473414,-1135670,-1097149,-1894203,,,,,,False,TSE,中信NASDAQ,UNKNOWN,warrant,TWSE_T86+TPEX_DAILY_TRADE_HIS,009800,,,,,0,0,0,0,0,0,0,0,,,,,
2026-08-28,GOOD,0,0,0,0,0,0,0,,,,,0,2,-437000,215000,-92000,1363000,-91000,-111000,,,,,,0,,,,,0,1,2816167,UNKNOWN,2026-08-28T08:30:26.820315+00:00,-3263209,-127369,-5403177,-218548,-223521,,,,,,False,TSE,中信美國創新科技,UNKNOWN,warrant,TWSE_T86+TPEX_DAILY_TRADE_HIS,009801,,,,,0,0,0,0,0,0,0,0,,,,,
2026-08-28,GOOD,0,0,0,0,0,0,0,,,,,2,0,-199962,-369348,418006,1766737,490056,-284655,,,,,,0,,,,,3,0,2098402,UNKNOWN,2026-08-28T08:30:26.820315+00:00,1636856,1293558,12387637,2941103,1867629,,,,,,False,TSE,富邦旗艦50,UNKNOWN,warrant,TWSE_T86+TPEX_DAILY_TRADE_HIS,009802,,,,,0,0,0,0,0,0,0,0,,,,,
2026-08-28,GOOD,0,0,0,0,0,0,0,,,,,1,0,-42900,-876900,169000,-106900,86000,-459900,,,,,,0,,,,,3,0,1307644,UNKNOWN,2026-08-28T08:30:26.820315+00:00,363920,343624,3184440,1180796,835782,,,,,,False,TSE,玉山市值動能50,UNKNOWN,warrant,TWSE_T86+TPEX_DAILY_TRADE_HIS,009803,,,,,0,0,150000,150000,0,150000,0,150000,,,,,
2026-08-28,GOOD,0,0,0,0,0,0,0,,,,,2,0,249990,478010,381000,1556010,483000,364000,,,,,,0,,,,,4,0,1686430,UNKNOWN,2026-08-28T08:30:26.820315+00:00,2654688,1044246,6942609,2006869,2170559,,,,,,False,TSE,聯邦台精彩50,UNKNOWN,warrant,TWSE_T86+TPEX_DAILY_TRADE_HIS,009804,,,,,0,0,0,0,0,0,0,0,,,,,
2026-08-28,GOOD,0,0,0,0,0,0,0,,,,,0,3,-5206217,-445853,-814000,302275,-2838035,-2826035,,,,,,0,,,,,0,8,-13903959,UNKNOWN,2026-08-28T08:30:26.820315+00:00,-16512709,-4196111,-4997381,-10558784,-15208334,,,,,,False,TSE,台新美國電力基建,UNKNOWN,warrant,TWSE_T86+TPEX_DAILY_TRADE_HIS,009805,,,,,0,0,0,0,0,0,0,0,,,,,
2026-08-28,GOOD,0,0,0,0,0,0,0,,,,,2,0,-163000,287000,107000,417000,48000,62000,,,,,,0,,,,,4,0,205401,UNKNOWN,2026-08-28T08:30:26.820315+00:00,261023,66472,885963,211830,233212,,,,,,False,TSE,華南永昌優選50,UNKNOWN,warrant,TWSE_T86+TPEX_DAILY_TRADE_HIS,009808,,,,,0,0,0,0,0,0,0,0,,,,,
2026-08-28,GOOD,0,0,0,0,0,0,0,,,,,0,0,0,-4000,0,-85000,-1000,-2000,,,,,,0,,,,,15,0,-154359,UNKNOWN,2026-08-28T08:30:26.820315+00:00,443647,49029,239793,119580,144644,,,,,,False,TSE,富邦淨零ESG50,UNKNOWN,warrant,TWSE_T86+TPEX_DAILY_TRADE_HIS,009809,,,,,0,0,0,0,0,0,0,0,,,,,
2026-08-28,GOOD,0,0,0,0,0,0,0,,,,,0,1,4220005,-5777125,-36000,-5370545,1411440,-778560,,,,,,0,,,,,3,0,19040656,UNKNOWN,2026-08-28T08:30:26.820315+00:00,-8985834,2443622,-14973091,5893701,5027411,,,,,,False,TSE,主動野村臺灣優選,UNKNOWN,ETF,TWSE_T86+TPEX_DAILY_TRADE_HIS,00980A,,,,,0,0,-1235000,4625000,0,45854000,577000,1695000,,,,,
2026-08-28,GOOD,0,0,0,0,0,0,0,,,,,0,0,307000,-155000,0,39000,78000,76000,,,,,,0,,,,,0,2,-27197,UNKNOWN,2026-08-28T08:30:26.820315+00:00,-41749,-12358,200900,-58567,-34473,,,,,,False,TSE,玉山全球藍籌100,UNKNOWN,warrant,TWSE_T86+TPEX_DAILY_TRADE_HIS,009810,,,,,0,0,0,0,0,0,0,0,,,,,
2026-08-28,GOOD,0,0,0,0,0,0,0,,,,,1,0,704000,-62000,344000,441000,336000,321000,,,,,,0,,,,,1,0,-3244915,UNKNOWN,2026-08-28T08:30:26.820315+00:00,-2819583,39136,-2225068,-2649055,-3032249,,,,,,False,TSE,統一美國50,UNKNOWN,warrant,TWSE_T86+TPEX_DAILY_TRADE_HIS,009811,,,,,0,0,0,0,0,0,0,0,,,,,
2026-08-28,GOOD,0,0,0,0,0,0,0,,,,,0,1,1087076,203076,-2000,-38924,421076,645076,,,,,,0,,,,,1,0,1057696,UNKNOWN,2026-08-28T08:30:26.820315+00:00,-770278,42013,672540,-15147,143709,,,,,,False,TSE,野村日本東證,UNKNOWN,warrant,TWSE_T86+TPEX_DAILY_TRADE_HIS,009812,,,,,0,0,0,0,0,0,0,0,,,,,
2026-08-28,GOOD,0,0,0,0,0,0,0,,,,,3,0,52459,50541,50000,1271507,51400,51500,,,,,,0,,,,,5,0,-645765,UNKNOWN,2026-08-28T08:30:26.820315+00:00,2913819,281000,12315187,736559,1134027,,,,,,False,TSE,貝萊德標普卓越50,UNKNOWN,warrant,TWSE_T86+TPEX_DAILY_TRADE_HIS,009813,,,,,0,0,0,0,0,0,0,0,,,,,
2026-08-28,GOOD,0,0,0,0,0,0,0,,,,,2,0,-3272002,-74690910,15997592,117155045,5710362,-38981456,,,,,,0,,,,,3,0,45937399,UNKNOWN,2026-08-28T08:30:26.820315+00:00,4144635,23695705,182557146,73191641,25041017,,,,,,False,TSE,凱基台灣TOP50,UNKNOWN,warrant,TWSE_T86+TPEX_DAILY_TRADE_HIS,009816,,,,,1,0,1500000,1500000,1500000,3750000,1500000,1500000,,,,,
2026-08-28,GOOD,0,0,0,0,0,0,0,,,,,0,1,1017000,283000,-11000,2079000,207000,650000,,,,,,0,,,,,0,1,153523,UNKNOWN,2026-08-28T08:30:26.820315+00:00,-6905,-431826,2039633,-183432,73309,,,,,,False,TSE,國泰日本不動產,UNKNOWN,warrant,TWSE_T86+TPEX_DAILY_TRADE_HIS,009817,,,,,0,0,0,0,0,0,0,0,,,,,
2026-08-28,GOOD,0,0,0,0,0,0,0,,,,,0,1,-2000,-6000,-1000,-21000,-2000,-4000,,,,,,0,,,,,20,0,120786,UNKNOWN,2026-08-28T08:30:26.820315+00:00,843394,15985,3316454,441953,482090,,,,,,False,TSE,華南永昌NASDAQxT,UNKNOWN,warrant,TWSE_T86+TPEX_DAILY_TRADE_HIS,009818,,,,,0,0,0,0,0,0,0,0,,,,,
2026-08-28,GOOD,0,0,0,0,0,0,0,,,,,0,1,-651111,-2092089,-58900,31110452,20200,-1371600,,,,,,0,,,,,0,8,-9684395,UNKNOWN,2026-08-28T08:30:26.820315+00:00,-9673385,-1069519,59916105,-3416373,-9678890,,,,,,False,TSE,中信數據及電力,UNKNOWN,warrant,TWSE_T86+TPEX_DAILY_TRADE_HIS,009819,,,,,0,0,0,0,0,0,0,0,,,,,
2026-08-28,GOOD,0,0,0,0,0,0,0,,,,,3,0,35383923,204323141,88578120,565682025,149680554,119853532,,,,,,0,,,,,3,0,17441815,UNKNOWN,2026-08-28T08:30:26.820315+00:00,309087079,121769097,979936613,225141199,163264447,,,,,,False,TSE,主動統一台股增長,UNKNOWN,ETF,TWSE_T86+TPEX_DAILY_TRADE_HIS,00981A,,,,,1,0,-820000,-820000,480000,-630000,480000,-820000,,,,,
2026-08-28,GOOD,0,0,0,0,0,0,0,,,,,0,2,82000,68000,-22000,77000,68000,75000,,,,,,0,,,,,1,0,6960118,UNKNOWN,2026-08-28T08:30:26.820315+00:00,-9783522,760524,-23196436,-841781,-1411702,,,,,,False,TSE,平衡凱基雙核收息,UNKNOWN,ETF,TWSE_T86+TPEX_DAILY_TRADE_HIS,00981T,,,,,0,0,0,0,0,0,0,0,,,,,
2026-08-28,GOOD,0,0,0,0,0,0,0,,,,,2,0,-4262900,-7708900,15000,-13677407,59100,-5985900,,,,,,0,,,,,2,0,-5860435,UNKNOWN,2026-08-28T08:30:26.820315+00:00,14106713,5946556,109002624,6783019,4123139,,,,,,False,TSE,元大納斯達克精選,UNKNOWN,warrant,TWSE_T86+TPEX_DAILY_TRADE_HIS,009820,,,,,0,0,0,0,0,0,0,0,,,,,
2026-08-28,GOOD,0,0,0,0,0,0,0,,,,,5,0,-11957000,29625000,522000,63662310,3704000,8834000,,,,,,0,,,,,19,0,3873808,UNKNOWN,2026-08-28T08:30:26.820315+00:00,91631760,5319742,182479660,23146635,47752784,,,,,,False,TSE,野村稀土關鍵資源,UNKNOWN,warrant,TWSE_T86+TPEX_DAILY_TRADE_HIS,009821,,,,,0,0,0,0,0,0,0,0,,,,,
2026-08-28,GOOD,0,0,0,0,0,0,0,,,,,3,0,-1659000,2419000,330000,13208890,725000,380000,,,,,,0,,,,,2,0,-9239594,UNKNOWN,2026-08-28T08:30:26.820315+00:00,7096052,1277481,63287479,947016,-1071771,,,,,,False,TSE,群益美國科技巨頭,UNKNOWN,warrant,TWSE_T86+TPEX_DAILY_TRADE_HIS,009824,,,,,0,0,0,0,0,0,0,0,,,,,
2026-08-28,GOOD,0,0,0,0,0,0,0,,,,,0,2,-182449,-133295,-73601,-49572,-166864,-157872,,,,,,0,,,,,0,20,17299999,UNKNOWN,2026-08-28T08:30:26.820315+00:00,-130020575,-14044493,-351834126,-32702776,-56360288,,,,,,False,TSE,貝萊德世界股票,UNKNOWN,warrant,TWSE_T86+TPEX_DAILY_TRADE_HIS,009826,,,,,0,0,0,0,0,0,0,0,,,,,
2026-08-28,GOOD,0,0,0,0,0,0,0,,,,,5,0,40799064,19183692,4632000,12523289,18044118,29991378,,,,,,0,,,,,3,0,64576522,UNKNOWN,2026-08-28T08:30:26.820315+00:00,-13380928,11747591,-23480885,27746214,25597797,,,,,,False,TSE,主動群益台灣強棒,UNKNOWN,ETF,TWSE_T86+TPEX_DAILY_TRADE_HIS,00982A,,,,,0,0,0,0,0,0,0,0,,,,,
2026-08-28,GOOD,0,0,0,0,0,0,0,,,,,3,0,259000,-219000,4000,-220498,15000,20000,,,,,,0,,,,,0,1,447975,UNKNOWN,2026-08-28T08:30:26.820315+00:00,-269905,-68000,-4014289,25035,89035,,,,,,False,TSE,主動富邦動態入息,UNKNOWN,ETF,TWSE_T86+TPEX_DAILY_TRADE_HIS,00982D,,,,,0,0,0,0,0,0,0,0,,,,,
2026-08-28,GOOD,0,0,0,0,0,0,0,,,,,0,0,0,0,0,-13000,0,0,,,,,,0,,,,,3,0,86572,UNKNOWN,2026-08-28T08:30:26.820315+00:00,237928,63394,854370,131064,162250,,,,,,False,TSE,平衡兆豐台美動能,UNKNOWN,ETF,TWSE_T86+TPEX_DAILY_TRADE_HIS,00982T,,,,,0,0,0,0,0,0,0,0,,,,,
2026-08-28,GOOD,0,0,0,0,0,0,0,,,,,7,0,1199000,3823000,220000,4979000,1729000,2511000,,,,,,0,,,,,20,0,1842632,UNKNOWN,2026-08-28T08:30:26.820315+00:00,9502430,1167491,13538003,3577493,5672531,,,,,,False,TSE,主動中信ARK創新,UNKNOWN,ETF,TWSE_T86+TPEX_DAILY_TRADE_HIS,00983A,,,,,0,0,0,0,0,0,0,0,,,,,
2026-08-28,GOOD,0,0,0,0,0,0,0,,,,,0,1,489000,-507000,-8000,-847000,-8000,-9000,,,,,,0,,,,,0,3,2354599,UNKNOWN,2026-08-28T08:30:26.820315+00:00,-3469267,-279713,-5715508,-594619,-557334,,,,,,False,TSE,主動富邦複合收益,UNKNOWN,ETF,TWSE_T86+TPEX_DAILY_TRADE_HIS,00983D,,,,,0,0,0,0,0,0,0,0,,,,,
2026-08-28,GOOD,0,0,0,0,0,0,0,,,,,3,0,1630449,4404649,1288000,11041187,4321499,3017549,,,,,,0,,,,,3,0,3841253,UNKNOWN,2026-08-28T08:30:26.820315+00:00,10449181,1650443,20632375,7759664,7145217,,,,,,False,TSE,主動安聯台灣高息,UNKNOWN,ETF,TWSE_T86+TPEX_DAILY_TRADE_HIS,00984A,,,,,0,0,0,0,0,0,0,0,,,,,
2026-08-28,GOOD,0,0,0,0,0,0,0,,,,,1,0,764000,-664000,50000,-1882000,50000,50000,,,,,,0,,,,,0,20,7010832,UNKNOWN,2026-08-28T08:30:26.820315+00:00,-233675586,-47304137,-372552690,-80439252,-113332377,,,,,,False,TSE,主動聯博全球非投,UNKNOWN,ETF,TWSE_T86+TPEX_DAILY_TRADE_HIS,00984D,,,,,0,0,0,0,0,48000,0,0,,,,,
2026-08-28,GOOD,0,0,0,0,0,0,0,,,,,1,0,312520,-120072,115000,289278,-71000,96224,,,,,,0,,,,,0,2,-3109464,UNKNOWN,2026-08-28T08:30:26.820315+00:00,1518782,-754531,12759227,-336833,-795341,,,,,,False,TSE,主動野村台灣50,UNKNOWN,ETF,TWSE_T86+TPEX_DAILY_TRADE_HIS,00985A,,,,,0,0,0,0,0,0,0,0,,,,,
2026-08-28,GOOD,0,0,0,0,0,0,0,,,,,2,0,220000,-200000,8000,-1566600,10000,10000,,,,,,0,,,,,0,3,-7062371,UNKNOWN,2026-08-28T08:30:26.820315+00:00,-36384731,-9234771,-59563931,-21124872,-21723551,,,,,,False,TSE,群益ESG投等債0-5,UNKNOWN,ETF,TWSE_T86+TPEX_DAILY_TRADE_HIS,00985B,,,,,0,0,0,0,0,0,0,0,,,,,
2026-08-28,GOOD,0,0,0,0,0,0,0,,,,,0,0,-257595,450405,0,922405,44405,96405,,,,,,0,,,,,2,0,-325418,UNKNOWN,2026-08-28T08:30:26.820315+00:00,669298,134067,1625660,67754,171940,,,,,,False,TSE,主動台新龍頭成長,UNKNOWN,ETF,TWSE_T86+TPEX_DAILY_TRADE_HIS,00986A,,,,,0,0,0,0,0,0,0,0,,,,,
2026-08-28,GOOD,0,0,0,0,0,0,0,,,,,2,0,1177612,-556140,304000,4176144,606736,310736,,,,,,0,,,,,4,0,1431585,UNKNOWN,2026-08-28T08:30:26.820315+00:00,2654353,1137423,8926380,2228821,2042969,,,,,,False,TSE,主動台新優勢成長,UNKNOWN,ETF,TWSE_T86+TPEX_DAILY_TRADE_HIS,00987A,,,,,0,0,0,0,0,0,0,0,,,,,
2026-08-28,GOOD,0,0,0,0,0,0,0,,,,,0,1,-19468620,15656808,-1216637,56696198,650006,-1905906,,,,,,0,,,,,2,0,-15243670,UNKNOWN,2026-08-28T08:30:26.820315+00:00,18683858,2624894,40083317,10159537,1720094,,,,,,False,TSE,主動統一全球創新,UNKNOWN,ETF,TWSE_T86+TPEX_DAILY_TRADE_HIS,00988A,,,,,0,0,-2000000,-2000000,0,-17076000,0,-2000000,,,,,
2026-08-28,GOOD,0,0,0,0,0,0,0,,,,,2,0,2353000,425000,164000,4158000,1401000,1389000,,,,,,0,,,,,2,0,-223513,UNKNOWN,2026-08-28T08:30:26.820315+00:00,318651,80222,1869031,39814,47569,,,,,,False,TSE,主動摩根美國科技,UNKNOWN,ETF,TWSE_T86+TPEX_DAILY_TRADE_HIS,00989A,,,,,0,0,0,0,0,0,0,0,,,,,
2026-08-28,GOOD,0,0,0,0,0,0,0,,,,,0,1,-7477247,-13079373,-5768510,-6351764,-6041010,-10278310,,,,,,0,,,,,0,1,-12896667,UNKNOWN,2026-08-28T08:30:26.820315+00:00,-4899943,-5056873,16033212,-2603938,-8898305,,,,,,False,TSE,主動元大AI新經濟,UNKNOWN,ETF,TWSE_T86+TPEX_DAILY_TRADE_HIS,00990A,,,,,0,0,0,0,0,0,0,0,,,,,
2026-08-28,GOOD,0,0,0,0,0,0,0,,,,,2,0,-77803110,109677952,19654641,218656243,29439643,15937421,,,,,,0,,,,,3,0,-158878691,UNKNOWN,2026-08-28T08:30:26.820315+00:00,281606991,30510402,503355484,75878771,61364150,,,,,,False,TSE,主動復華未來50,UNKNOWN,ETF,TWSE_T86+TPEX_DAILY_TRADE_HIS,00991A,,,,,0,0,5326000,-5326000,0,274000,0,0,,,,,
2026-08-28,GOOD,0,0,0,0,0,0,0,,,,,1,0,1586000,1586000,1257000,1586000,1586000,1586000,,,,,,0,,,,,0,4,812822,UNKNOWN,2026-08-28T08:30:26.820315+00:00,-955252,-16459,-785420,-79936,-71215,,,,,,False,TSE,貝萊德A級公司債,UNKNOWN,ETF,TWSE_T86+TPEX_DAILY_TRADE_HIS,00991B,,,,,0,0,0,0,0,0,0,0,,,,,
2026-08-28,GOOD,0,0,0,0,0,0,0,,,,,3,0,20075534,46621888,16652830,120375542,34959760,33348711,,,,,,0,,,,,3,0,26317896,UNKNOWN,2026-08-28T08:30:26.820315+00:00,75980868,22147261,197350773,55088919,51149382,,,,,,False,TSE,主動群益科技創新,UNKNOWN,ETF,TWSE_T86+TPEX_DAILY_TRADE_HIS,00992A,,,,,0,0,0,0,0,1900000,0,0,,,,,
2026-08-28,GOOD,0,0,0,0,0,0,0,,,,,2,0,996368,4124032,1384000,25321544,3036200,2560200,,,,,,0,,,,,3,0,4187278,UNKNOWN,2026-08-28T08:30:26.820315+00:00,13379766,3671657,47580518,8715751,8783522,,,,,,False,TSE,主動安聯台灣,UNKNOWN,ETF,TWSE_T86+TPEX_DAILY_TRADE_HIS,00993A,,,,,0,0,0,0,0,0,0,0,,,,,
2026-08-28,GOOD,0,0,0,0,0,0,0,,,,,1,0,182950,-1947650,40700,3496900,-180550,-882350,,,,,,0,,,,,3,0,1682242,UNKNOWN,2026-08-28T08:30:26.820315+00:00,4717856,1453226,17730573,3367944,3200049,,,,,,False,TSE,主動第一金台股優,UNKNOWN,ETF,TWSE_T86+TPEX_DAILY_TRADE_HIS,00994A,,,,,0,0,0,0,0,0,0,0,,,,,
2026-08-28,GOOD,0,0,0,0,0,0,0,,,,,2,0,2060950,3517650,1609000,11658950,2748200,2789300,,,,,,0,,,,,3,0,1548617,UNKNOWN,2026-08-28T08:30:26.820315+00:00,7713525,1855391,19732100,4394125,4631071,,,,,,False,TSE,主動中信台灣卓越,UNKNOWN,ETF,TWSE_T86+TPEX_DAILY_TRADE_HIS,00995A,,,,,0,0,0,0,0,0,0,0,,,,,
2026-08-28,GOOD,0,0,0,0,0,0,0,,,,,3,0,-779000,1071000,130000,326000,288000,146000,,,,,,0,,,,,20,0,-102220,UNKNOWN,2026-08-28T08:30:26.820315+00:00,13497566,2402957,28559349,5964565,6697673,,,,,,False,TSE,主動兆豐台灣豐收,UNKNOWN,ETF,TWSE_T86+TPEX_DAILY_TRADE_HIS,00996A,,,,,0,0,0,0,0,0,0,0,,,,,
2026-08-28,GOOD,0,0,0,0,0,0,0,,,,,1,0,-10822950,18186050,835350,32169940,549350,3681550,,,,,,0,,,,,0,1,-8705095,UNKNOWN,2026-08-28T08:30:26.820315+00:00,11000523,-212706,36948943,2133935,1147714,,,,,,False,TSE,主動群益美國增長,UNKNOWN,ETF,TWSE_T86+TPEX_DAILY_TRADE_HIS,00997A,,,,,0,0,5637000,-17743000,0,-17743000,0,-6053000,,,,,
2026-08-28,GOOD,0,0,0,0,0,0,0,,,,,1,0,-6546600,14609400,4463000,53540460,3441400,4031400,,,,,,0,,,,,20,0,-5487162,UNKNOWN,2026-08-28T08:30:26.820315+00:00,54593968,11561680,181981985,22519619,24553403,,,,,,False,TSE,主動野村臺灣高息,UNKNOWN,ETF,TWSE_T86+TPEX_DAILY_TRADE_HIS,00999A,,,,,0,0,0,0,0,0,0,0,,,,,
2026-08-28,GOOD,0,0,,,0,,,,,,,0,1,,,-2000,,2000,,,,,,,0,,,,,0,1,,UNKNOWN,2026-08-28T08:30:26.820315+00:00,,-2000,,2000,,,,,,,False,TSE,京城樂富R1,UNKNOWN,warrant,TWSE_T86+TPEX_DAILY_TRADE_HIS,01010T,,,,,0,0,,,0,,0,,,,,,
2026-08-26,STALE,0,0,0,0,0,,0,,,,,0,0,0,0,0,,0,0,,,,,,2,,,,,1,0,1000,UNKNOWN,2026-08-28T08:30:26.820315+00:00,-5000,12000,,1000,-2000,,,,,,True,TSE,富邦特選蘋果N,UNKNOWN,ETN,TWSE_T86+TPEX_DAILY_TRADE_HIS,020000,,,,,0,0,0,0,0,,0,0,,,,,
2026-08-28,GOOD,0,0,0,0,0,0,0,,,,,0,0,0,0,0,0,0,0,,,,,,0,,,,,1,0,-6000,UNKNOWN,2026-08-28T08:30:26.820315+00:00,188000,99000,357000,142000,91000,,,,,,False,TSE,富邦蘋果正二N,UNKNOWN,ETN,TWSE_T86+TPEX_DAILY_TRADE_HIS,02001L,,,,,0,0,0,0,0,0,0,0,,,,,
2026-08-28,GOOD,0,0,0,0,0,,0,,,,,0,0,0,0,0,,0,0,,,,,,0,,,,,15,0,172000,UNKNOWN,2026-08-28T08:30:26.820315+00:00,242000,6000,,183000,207000,,,,,,False,TSE,元大台股領航N,UNKNOWN,ETN,TWSE_T86+TPEX_DAILY_TRADE_HIS,020020,,,,,0,0,0,0,0,,0,0,,,,,
2026-08-28,GOOD,0,0,0,0,0,,0,,,,,0,0,1000,1000,0,,0,1000,,,,,,0,,,,,8,0,181000,UNKNOWN,2026-08-28T08:30:26.820315+00:00,281000,33000,,88000,231000,,,,,,False,TSE,元大特選電動車N,UNKNOWN,ETN,TWSE_T86+TPEX_DAILY_TRADE_HIS,020028,,,,,0,0,0,0,0,,0,0,,,,,
2026-08-28,GOOD,0,0,0,0,0,,0,,,,,0,0,0,0,0,,0,0,,,,,,0,,,,,4,0,31000,UNKNOWN,2026-08-28T08:30:26.820315+00:00,107000,14000,,32000,69000,,,,,,False,TSE,元大ESG高股息N,UNKNOWN,ETN,TWSE_T86+TPEX_DAILY_TRADE_HIS,020029,,,,,0,0,0,0,0,,0,0,,,,,
2026-08-28,GOOD,0,0,0,0,0,,0,,,,,0,0,0,0,0,,0,0,,,,,,0,,,,,5,0,-60000,UNKNOWN,2026-08-28T08:30:26.820315+00:00,170000,26000,,52000,55000,,,,,,False,TSE,統一智慧電動車N,UNKNOWN,ETN,TWSE_T86+TPEX_DAILY_TRADE_HIS,020030,,,,,0,0,0,0,0,,0,0,,,,,
2026-08-28,GOOD,0,0,0,0,0,0,0,,,,,0,0,0,0,0,0,0,0,,,,,,0,,,,,3,0,70000,UNKNOWN,2026-08-28T08:30:26.820315+00:00,68000,2000,254000,71000,69000,,,,,,False,TSE,統一IC設計臺灣N,UNKNOWN,ETN,TWSE_T86+TPEX_DAILY_TRADE_HIS,020031,,,,,0,0,0,0,0,0,0,0,,,,,
2026-08-28,GOOD,0,0,0,0,0,,0,,,,,0,0,0,0,0,,0,0,,,,,,0,,,,,3,0,57000,UNKNOWN,2026-08-28T08:30:26.820315+00:00,59000,5000,,52000,58000,,,,,,False,TSE,元大IC設計N,UNKNOWN,ETN,TWSE_T86+TPEX_DAILY_TRADE_HIS,020034,,,,,0,0,0,0,0,,0,0,,,,,
2026-08-28,GOOD,0,0,0,0,0,,0,,,,,0,0,0,0,0,,0,0,,,,,,0,,,,,1,0,2000,UNKNOWN,2026-08-28T08:30:26.820315+00:00,38000,3000,,2000,20000,,,,,,False,TSE,元大ESG配息N,UNKNOWN,ETN,TWSE_T86+TPEX_DAILY_TRADE_HIS,020038,,,,,0,0,0,0,0,,0,0,,,,,
2026-08-28,GOOD,0,0,0,0,0,,0,,,,,0,0,0,0,0,,0,0,,,,,,0,,,,,0,1,-1000,UNKNOWN,2026-08-28T08:30:26.820315+00:00,101000,-6000,,34000,50000,,,,,,False,TSE,元大加權N,UNKNOWN,ETN,TWSE_T86+TPEX_DAILY_TRADE_HIS,020039,,,,,0,0,0,0,0,,0,0,,,,,
2026-08-28,GOOD,0,0,0,0,0,0,0,1853,24,1631,1937,1,0,-45827944,-10246804,4732631,-21656202,-22696489,-28037374,,38,1938,30,1,0,1852,28,1635,1937,1,0,-46062799,UNKNOWN,2026-08-28T08:30:26.820315+00:00,-9958343,4585631,-22172470,-22504059,-28010571,,39,1934,26,1,False,TSE,台泥,UNKNOWN,ordinary_stock,TWSE_T86+TPEX_DAILY_TRADE_HIS,1101,1768,1890,1528,1818,0,1,31000,-77000,-26000,-175410,-23000,-23000,,123,72,133,120
2026-08-28,GOOD,0,0,,,0,,0,,,,,0,1,,,-2319,,-4319,-4319,,,,,,0,,,,,0,5,,UNKNOWN,2026-08-28T08:30:26.820315+00:00,,-2319,,-10319,-28319,,,,,,False,TSE,台泥乙特,UNKNOWN,warrant,TWSE_T86+TPEX_DAILY_TRADE_HIS,1101B,,,,,0,0,,,0,,0,0,,,,,
2026-08-28,GOOD,0,0,0,0,0,0,0,13,1866,33,38,0,1,-22463468,41335422,-1037516,34835900,6117330,9435977,,1878,96,1628,1900,0,18,1895,43,56,0,1,-24817613,UNKNOWN,2026-08-28T08:30:26.820315+00:00,37639141,-1598876,26211256,3767768,6410764,,1873,67,1618,1882,False,TSE,亞泥,UNKNOWN,ordinary_stock,TWSE_T86+TPEX_DAILY_TRADE_HIS,1102,103,1938,1631,1891,0,2,-1183851,372347,-469000,-3372413,-452216,-405752,,1788,24,30,47
2026-08-28,GOOD,0,0,0,0,0,0,0,356,1619,1206,1671,0,5,-1169522,419406,-140929,-290084,-179409,-375058,,1535,343,455,267,0,349,1606,1224,1658,0,5,-1160522,UNKNOWN,2026-08-28T08:30:26.820315+00:00,452406,-140929,-339084,-163409,-354058,,1542,356,437,280,False,TSE,嘉泥,UNKNOWN,ordinary_stock,TWSE_T86+TPEX_DAILY_TRADE_HIS,1103,892,844,739,902,0,0,0,0,0,0,0,0,,962,882,830,940
2026-08-28,GOOD,0,0,0,0,0,0,0,1768,1827,1558,1841,0,6,-981178,-2642560,-674924,-4747111,-1226869,-1811869,,123,135,103,97,0,1772,1820,1555,1843,0,6,-994953,UNKNOWN,2026-08-28T08:30:26.820315+00:00,-2628675,-675160,-4777455,-1228532,-1811814,,119,142,106,95,False,TSE,環泥,UNKNOWN,ordinary_stock,TWSE_T86+TPEX_DAILY_TRADE_HIS,1104,199,845,213,162,0,0,1000,1000,0,5000,1000,1000,,1684,883,1448,1750
2026-08-28,GOOD,0,0,0,0,0,0,0,536,1281,684,1400,0,2,-251070,153070,-23000,115421,-48000,-49000,,1355,677,977,538,0,527,1263,763,1378,0,2,-248070,UNKNOWN,2026-08-28T08:30:26.820315+00:00,160070,-23000,51421,-43000,-44000,,1364,695,898,560,False,TSE,幸福,UNKNOWN,ordinary_stock,TWSE_T86+TPEX_DAILY_TRADE_HIS,1108,893,846,740,903,0,0,0,0,0,0,0,0,,963,884,831,941
2026-08-28,GOOD,0,0,0,0,0,0,0,1372,1427,1189,1570,0,2,-264662,-101338,-49653,-253880,-120000,-183000,,519,535,472,368,0,1366,1412,1203,1559,0,2,-260799,UNKNOWN,2026-08-28T08:30:26.820315+00:00,-93447,-49621,-298742,-113968,-177123,,525,550,458,379,False,TSE,信大,UNKNOWN,ordinary_stock,TWSE_T86+TPEX_DAILY_TRADE_HIS,1109,894,847,741,904,0,0,0,0,0,0,0,0,,964,885,832,942
2026-08-28,GOOD,0,0,0,0,0,0,0,733,544,680,634,4,0,61997,46003,6000,118452,30000,54000,,1158,1422,981,1304,0,645,544,667,605,4,0,37997,UNKNOWN,2026-08-28T08:30:26.820315+00:00,88003,6000,124452,38000,63000,,1246,1420,994,1333,False,TSE,東泥,UNKNOWN,ordinary_stock,TWSE_T86+TPEX_DAILY_TRADE_HIS,1110,895,848,742,905,0,0,0,0,0,0,0,0,,965,886,833,943
2026-08-28,GOOD,0,0,0,0,0,0,0,398,1622,1314,1415,0,1,-446820,335180,-144820,-566226,-23820,-55820,,1493,340,347,523,0,409,1609,1339,1464,0,1,-490820,UNKNOWN,2026-08-28T08:30:26.820315+00:00,311180,-144820,-678226,-58820,-89820,,1482,353,322,474,False,TSE,味全,UNKNOWN,ordinary_stock,TWSE_T86+TPEX_DAILY_TRADE_HIS,1201,896,849,743,906,0,0,0,0,0,0,0,0,,966,887,834,944
2026-08-28,GOOD,0,0,0,0,0,0,0,991,1077,802,946,0,2,8000,4000,-5000,34871,6000,6000,,901,884,859,988,0,963,1063,836,908,0,2,8000,UNKNOWN,2026-08-28T08:30:26.820315+00:00,8000,-5000,18871,8000,8000,,926,893,825,1026,False,TSE,味王,UNKNOWN,ordinary_stock,TWSE_T86+TPEX_DAILY_TRADE_HIS,1203,897,850,744,907,0,0,0,0,0,0,0,0,,967,888,835,945
2026-08-28,GOOD,0,0,0,0,0,0,0,159,1810,1556,1697,0,3,-3201504,2241910,-616000,-4595529,-982000,-479797,,1732,152,105,241,0,505,1806,1574,1790,0,3,-2376687,UNKNOWN,2026-08-28T08:30:26.820315+00:00,185141,-621829,-6130240,-987552,-1095773,,1386,156,87,148,False,TSE,大成,UNKNOWN,ordinary_stock,TWSE_T86+TPEX_DAILY_TRADE_HIS,1210,1838,851,126,1885,0,0,423000,-1077000,0,425420,1000,-327000,,53,889,1535,53
2026-08-28,GOOD,0,0,0,0,0,0,0,1370,1696,1190,1708,0,1,-927943,-98703,-228569,-254084,-74692,-513323,,521,266,471,230,0,767,1684,1094,1690,0,1,-946771,UNKNOWN,2026-08-28T08:30:26.820315+00:00,41643,-228481,-125820,-54967,-452564,,1124,278,567,248,False,TSE,卜蜂,UNKNOWN,ordinary_stock,TWSE_T86+TPEX_DAILY_TRADE_HIS,1215,131,852,164,95,0,0,-15000,117000,0,117566,8000,51000,,1760,890,1497,1843
2026-08-28,GOOD,0,0,0,0,0,0,0,9,1890,5,17,0,1,-28042008,64929578,-1322911,144514926,3653487,18443785,,1882,72,1656,1921,0,10,1917,9,22,0,1,-25917457,UNKNOWN,2026-08-28T08:30:26.820315+00:00,59185735,-2433111,132407699,1955418,16634139,,1881,45,1652,1916,False,TSE,統一,UNKNOWN,ordinary_stock,TWSE_T86+TPEX_DAILY_TRADE_HIS,1216,1872,1951,1650,1913,0,8,2102187,-4713441,-1069907,-9063598,-1136720,-1305627,,19,11,11,25
2026-08-28,GOOD,0,0,0,0,0,0,0,210,319,325,181,5,0,565724,1222694,49500,1104632,526159,894209,,1681,1643,1336,1757,0,213,316,337,195,5,0,567724,UNKNOWN,2026-08-28T08:30:26.820315+00:00,1244694,49500,1044632,537159,906209,,1678,1646,1324,1743,False,TSE,愛之味,UNKNOWN,ordinary_stock,TWSE_T86+TPEX_DAILY_TRADE_HIS,1217,898,853,745,908,0,0,0,0,0,0,0,0,,968,891,836,946
2026-08-28,GOOD,0,0,0,0,0,,0,1715,1459,,1577,0,2,1034562,-1420262,-57000,,-200000,-192850,,176,503,,361,0,1726,1441,,1570,0,2,1074881,UNKNOWN,2026-08-28T08:30:26.820315+00:00,-1455945,-57386,,-191521,-190532,,165,521,,368,False,TSE,泰山,UNKNOWN,ordinary_stock,TWSE_T86+TPEX_DAILY_TRADE_HIS,1218,899,854,,909,0,0,0,0,0,,0,0,,969,892,,947
2026-08-28,GOOD,0,0,0,0,0,0,0,1306,1724,1196,1677,0,2,-770426,-56108,-279664,-261308,-385819,-413267,,585,238,465,261,0,1289,1711,1237,1671,0,2,-766426,UNKNOWN,2026-08-28T08:30:26.820315+00:00,-46108,-279664,-361308,-378819,-406267,,602,251,424,267,False,TSE,福壽,UNKNOWN,ordinary_stock,TWSE_T86+TPEX_DAILY_TRADE_HIS,1219,900,855,746,910,0,0,0,0,0,0,0,0,,970,893,837,948
2026-08-28,GOOD,0,0,0,0,0,0,0,651,473,865,638,7,0,28736,76020,11957,15020,40921,52378,,1240,1489,796,1300,0,662,475,923,642,4,0,29450,UNKNOWN,2026-08-28T08:30:26.820315+00:00,78008,11927,-13313,43239,53729,,1229,1487,738,1296,False,TSE,台榮,UNKNOWN,ordinary_stock,TWSE_T86+TPEX_DAILY_TRADE_HIS,1220,901,856,747,911,0,0,0,0,0,0,0,0,,971,894,838,949
2026-08-28,GOOD,0,0,0,0,0,0,0,827,545,1097,744,1,0,28974,25026,6000,-112936,30000,27000,,1064,1423,564,1196,0,926,523,1106,717,1,0,51973,UNKNOWN,2026-08-28T08:30:26.820315+00:00,11977,7000,-140985,34975,31975,,965,1436,555,1221,False,TSE,福懋油,UNKNOWN,ordinary_stock,TWSE_T86+TPEX_DAILY_TRADE_HIS,1225,902,857,748,912,0,0,0,0,0,0,0,0,,972,895,839,950
2026-08-28,GOOD,0,0,0,0,0,0,0,577,1786,1508,1779,0,5,-2058479,120385,-521146,-2725269,-836002,-969047,,1314,176,153,159,0,544,1783,1521,1776,0,5,-2039673,UNKNOWN,2026-08-28T08:30:26.820315+00:00,145191,-521146,-3040377,-816002,-947241,,1347,179,140,162,False,TSE,佳格,UNKNOWN,ordinary_stock,TWSE_T86+TPEX_DAILY_TRADE_HIS,1227,1681,858,235,163,0,0,7000,-5000,0,305,1000,1000,,203,896,1426,1751
2026-08-28,GOOD,0,0,0,0,0,0,0,74,170,97,137,10,0,-3500722,6582362,270096,8293109,1173403,1540820,,1817,1792,1564,1801,0,71,163,109,142,10,0,-3448778,UNKNOWN,2026-08-28T08:30:26.820315+00:00,6674980,290379,7511724,1243760,1613101,,1820,1799,1552,1796,False,TSE,聯華,UNKNOWN,ordinary_stock,TWSE_T86+TPEX_DAILY_TRADE_HIS,1229,200,71,1574,111,3,0,27000,1000,6000,-651030,14000,14000,,1685,1890,87,1826
2026-08-28,GOOD,0,0,0,0,0,0,0,604,1609,1419,1667,0,5,-815513,100513,-136000,-1293885,-188800,-357500,,1287,353,242,271,0,563,1592,1426,1649,0,5,-797849,UNKNOWN,2026-08-28T08:30:26.820315+00:00,134513,-133471,-1304518,-162519,-331668,,1328,370,235,289,False,TSE,聯華食,UNKNOWN,ordinary_stock,TWSE_T86+TPEX_DAILY_TRADE_HIS,1231,903,859,749,913,0,0,0,0,0,0,0,0,,973,897,840,951
2026-08-28,GOOD,0,0,0,0,0,0,0,426,459,985,991,3,0,-279999,287445,13700,-37965,32700,3723,,1465,1503,676,947,0,434,461,980,1005,3,0,-282142,UNKNOWN,2026-08-28T08:30:26.820315+00:00,287302,13700,-47108,32557,2580,,1457,1501,681,933,False,TSE,大統益,UNKNOWN,ordinary_stock,TWSE_T86+TPEX_DAILY_TRADE_HIS,1232,1646,860,1368,914,0,0,2000,-2000,0,-2000,0,0,,234,898,287,952
2026-08-27,STALE,0,0,0,0,0,,0,1357,893,,1300,0,1,56000,-90000,-1000,,11000,-17000,,534,1076,,637,1,1350,918,,1281,0,1,53984,UNKNOWN,2026-08-28T08:30:26.820315+00:00,-86016,-1016,,11984,-16016,,541,1044,,657,True,TSE,天仁,UNKNOWN,ordinary_stock,TWSE_T86+TPEX_DAILY_TRADE_HIS,1233,904,861,,915,0,0,0,0,0,,0,0,,974,899,,953
2026-08-28,GOOD,0,0,0,0,0,0,0,1346,1139,1216,1366,0,2,12186,-84032,-8000,-325583,-2000,-35923,,545,823,445,572,0,1368,1128,1241,1380,0,2,5201,UNKNOWN,2026-08-28T08:30:26.820315+00:00,-94069,-8078,-377675,-11427,-44434,,523,834,420,558,False,TSE,黑松,UNKNOWN,ordinary_stock,TWSE_T86+TPEX_DAILY_TRADE_HIS,1234,905,862,750,916,0,0,0,0,0,0,0,0,,975,900,841,954
2026-08-28,GOOD,0,0,0,0,0,0,0,851,968,813,799,0,1,15000,21000,-2000,31000,28000,18000,,1040,998,849,1138,0,833,951,821,778,0,1,15000,UNKNOWN,2026-08-28T08:30:26.820315+00:00,25000,-2000,24000,30000,20000,,1056,1011,840,1158,False,TSE,興泰,UNKNOWN,ordinary_stock,TWSE_T86+TPEX_DAILY_TRADE_HIS,1235,906,863,751,917,0,0,0,0,0,0,0,0,,976,901,842,955
2026-08-28,GOOD,0,0,0,0,0,0,0,763,436,727,828,1,0,-8005,39957,17000,78396,20976,15976,,1128,1525,934,1110,0,764,441,735,816,1,0,-8005,UNKNOWN,2026-08-28T08:30:26.820315+00:00,41957,17000,65396,21976,16976,,1127,1520,926,1122,False,TSE,宏亞,UNKNOWN,ordinary_stock,TWSE_T86+TPEX_DAILY_TRADE_HIS,1236,907,864,752,918,0,0,0,0,0,0,0,0,,977,902,843,956
2026-08-28,GOOD,0,0,0,0,0,0,0,892,969,807,1338,0,2,-69623,15985,-2000,33726,-14939,-26819,,999,999,854,600,0,914,993,812,1331,0,2,-71941,UNKNOWN,2026-08-28T08:30:26.820315+00:00,13667,-3000,27111,-17257,-29137,,977,961,849,607,False,TSE,鮮活果汁-KY,UNKNOWN,ordinary_stock,TWSE_T86+TPEX_DAILY_TRADE_HIS,1256,908,865,753,919,0,0,0,0,0,0,0,0,,978,903,844,957
2026-08-28,GOOD,0,0,0,0,0,0,0,41,22,40,12,4,0,33455734,11538148,5288516,26191352,43268352,22496941,,1850,1940,1621,1926,0,41,27,42,11,4,0,38046096,UNKNOWN,2026-08-28T08:30:26.820315+00:00,12881582,4778655,27475789,44036299,25463839,,1850,1935,1619,1927,False,TSE,台塑,UNKNOWN,ordinary_stock,TWSE_T86+TPEX_DAILY_TRADE_HIS,1301,51,866,78,14,0,0,3051000,2173000,0,1892874,0,2612000,,1840,904,1583,1924
2026-08-28,GOOD,0,0,0,0,0,0,0,1874,7,1656,262,4,0,21713541,-20865197,15678983,-106284375,26026858,424172,,17,1955,5,1676,0,79,7,1650,12,4,0,38601986,UNKNOWN,2026-08-28T08:30:26.820315+00:00,5954114,23268345,-60186461,41199284,22278050,,1812,1955,11,1926,False,TSE,南亞,UNKNOWN,ordinary_stock,TWSE_T86+TPEX_DAILY_TRADE_HIS,1303,7,1,9,1,7,0,13141493,27861801,8561096,40972484,14569288,20501647,,1884,1961,1652,1937
2026-08-28,GOOD,0,0,0,0,0,0,0,148,1847,113,189,0,1,-904761,2573721,-837925,6942555,1692044,834480,,1743,115,1548,1749,0,162,1841,121,172,0,1,92148,UNKNOWN,2026-08-28T08:30:26.820315+00:00,2274612,-846481,6564699,2164115,1183380,,1729,121,1540,1766,False,TSE,台聚,UNKNOWN,ordinary_stock,TWSE_T86+TPEX_DAILY_TRADE_HIS,1304,909,867,754,920,0,0,0,0,0,0,0,0,,979,905,845,958
2026-08-28,GOOD,0,0,0,0,0,0,0,138,1593,149,158,0,1,-231705,2679141,-124876,4702968,2139862,1223718,,1753,369,1512,1780,0,145,1576,157,165,0,1,-74925,UNKNOWN,2026-08-28T08:30:26.820315+00:00,2680303,-121876,4550839,2282849,1302689,,1746,386,1504,1773,False,TSE,華夏,UNKNOWN,ordinary_stock,TWSE_T86+TPEX_DAILY_TRADE_HIS,1305,910,868,755,921,0,0,0,0,0,0,0,0,,980,906,846,959
2026-08-28,GOOD,0,0,0,0,0,0,0,272,1571,1402,283,0,1,-25974,754026,-110000,-1109554,323026,364026,,1619,391,259,1655,0,285,1558,1425,311,0,1,-36868,UNKNOWN,2026-08-28T08:30:26.820315+00:00,686258,-109973,-1276471,311590,324695,,1606,404,236,1627,False,TSE,三芳,UNKNOWN,ordinary_stock,TWSE_T86+TPEX_DAILY_TRADE_HIS,1307,1734,76,1484,1790,1,0,6025,-25975,4000,-55975,-9975,-9975,,157,1883,177,148
2026-08-28,GOOD,0,0,0,0,0,0,0,135,326,120,155,3,0,-367208,2903334,46720,6745853,1870170,1268063,,1756,1636,1541,1783,0,135,328,120,167,3,0,-361304,UNKNOWN,2026-08-28T08:30:26.820315+00:00,2928504,43794,6620478,1891422,1283600,,1756,1634,1541,1771,False,TSE,亞聚,UNKNOWN,ordinary_stock,TWSE_T86+TPEX_DAILY_TRADE_HIS,1308,911,869,756,922,0,0,0,0,0,0,0,0,,981,907,847,960
2026-08-28,GOOD,0,0,0,0,0,0,0,1503,186,300,542,3,0,452767,-279657,223057,1319929,959683,86555,,388,1776,1361,1396,0,1519,230,329,558,3,0,471740,UNKNOWN,2026-08-28T08:30:26.820315+00:00,-309042,131492,1118344,959238,81349,,372,1732,1332,1380,False,TSE,台達化,UNKNOWN,ordinary_stock,TWSE_T86+TPEX_DAILY_TRADE_HIS,1309,912,870,757,923,0,0,0,0,0,0,0,0,,982,908,848,961
2026-08-28,GOOD,0,0,0,0,0,0,0,381,1769,547,1781,0,1,-2374796,365682,-411929,263371,1821805,-1004557,,1510,193,1114,157,0,381,1778,642,1779,0,1,-2367952,UNKNOWN,2026-08-28T08:30:26.820315+00:00,380804,-459011,139680,1831598,-993574,,1510,184,1019,159,False,TSE,台苯,UNKNOWN,ordinary_stock,TWSE_T86+TPEX_DAILY_TRADE_HIS,1310,913,871,758,924,0,0,0,0,0,0,0,0,,983,909,849,962
2026-08-28,GOOD,0,0,0,0,0,0,0,70,18,112,63,1,0,4050872,6727774,7504823,7141679,6573215,5389323,,1821,1944,1549,1875,0,104,20,206,78,1,0,3672264,UNKNOWN,2026-08-28T08:30:26.820315+00:00,4264074,6882730,2715175,5363852,3968169,,1787,1942,1455,1860,False,TSE,國喬,UNKNOWN,ordinary_stock,TWSE_T86+TPEX_DAILY_TRADE_HIS,1312,914,872,759,925,0,0,0,0,0,0,0,0,,984,910,850,963
2026-08-28,GOOD,0,0,0,0,0,0,0,90,1846,84,106,0,1,-372737,4839423,-835828,9538698,2449332,2233343,,1801,116,1577,1832,0,94,1842,90,108,0,1,-395626,UNKNOWN,2026-08-28T08:30:26.820315+00:00,4901484,-858397,9389848,2475588,2252929,,1797,120,1571,1830,False,TSE,聯成,UNKNOWN,ordinary_stock,TWSE_T86+TPEX_DAILY_TRADE_HIS,1313,915,873,760,926,0,0,0,0,0,0,0,0,,985,911,851,964
2026-08-28,GOOD,0,0,0,0,0,0,0,25,1926,180,157,0,1,-20445731,22921713,-2857045,3187665,17154069,1237991,,1866,36,1481,1781,0,25,1928,156,131,0,1,-20401989,UNKNOWN,2026-08-28T08:30:26.820315+00:00,24080147,-2961045,4589620,18206165,1839079,,1866,34,1505,1807,False,TSE,中石化,UNKNOWN,ordinary_stock,TWSE_T86+TPEX_DAILY_TRADE_HIS,1314,916,874,1489,927,0,0,0,0,0,-66604,0,0,,986,912,172,965
2026-08-28,GOOD,0,0,0,0,0,0,0,1318,1221,1108,1005,0,1,69000,-63000,-15000,-126000,12000,3000,,573,743,553,935,0,1326,1207,1111,1041,0,1,66000,UNKNOWN,2026-08-28T08:30:26.820315+00:00,-64000,-16000,-146000,10000,1000,,565,754,550,890,False,TSE,達新,UNKNOWN,ordinary_stock,TWSE_T86+TPEX_DAILY_TRADE_HIS,1315,917,875,761,928,0,0,0,0,0,0,0,0,,987,913,852,966
2026-08-28,GOOD,0,0,0,0,0,0,0,1797,1923,1453,1904,0,2,-6056695,-3546615,-2602000,-1719929,-2379755,-4801655,,94,39,208,34,0,1800,1922,1460,1904,0,2,-6072998,UNKNOWN,2026-08-28T08:30:26.820315+00:00,-3623496,-2602874,-1766929,-2430172,-4848247,,91,40,201,34,False,TSE,上曜,UNKNOWN,ordinary_stock,TWSE_T86+TPEX_DAILY_TRADE_HIS,1316,918,876,762,929,0,0,0,0,0,0,0,0,,988,914,853,967
2026-08-28,GOOD,0,0,0,0,0,0,0,103,96,59,143,1,0,-1348820,4078136,727406,15645176,651364,1364658,,1788,1866,1602,1795,0,107,94,63,153,1,0,-1207186,UNKNOWN,2026-08-28T08:30:26.820315+00:00,4124902,759298,15283251,708664,1458858,,1784,1868,1598,1785,False,TSE,東陽,UNKNOWN,ordinary_stock,TWSE_T86+TPEX_DAILY_TRADE_HIS,1319,1709,77,1555,1711,1,0,9960,-10040,4000,-391493,-40,-40,,182,1884,106,227
2026-08-28,GOOD,0,0,0,0,0,0,0,362,1505,500,295,0,1,274000,410000,-74000,348000,128000,342000,,1529,456,1161,1643,0,366,1488,521,306,0,1,274305,UNKNOWN,2026-08-28T08:30:26.820315+00:00,417855,-74093,301761,131907,346080,,1525,474,1140,1632,False,TSE,大洋,UNKNOWN,ordinary_stock,TWSE_T86+TPEX_DAILY_TRADE_HIS,1321,919,877,763,930,0,0,0,0,0,0,0,0,,989,915,854,968
2026-08-28,GOOD,0,0,0,0,0,0,0,1051,734,595,1031,1,0,3957,-57,951,196361,2950,1950,,840,1228,1066,907,0,1062,723,610,1158,1,0,-7043,UNKNOWN,2026-08-28T08:30:26.820315+00:00,-1057,951,176361,-3050,-4050,,829,1239,1051,780,False,TSE,永裕,UNKNOWN,ordinary_stock,TWSE_T86+TPEX_DAILY_TRADE_HIS,1323,920,878,764,931,0,0,0,0,0,0,0,0,,990,916,855,969
2026-08-28,GOOD,0,0,0,0,0,0,0,1086,644,931,1078,3,0,3000,-3000,2000,-7000,4000,0,,811,1320,727,858,0,1069,630,919,1059,3,0,2450,UNKNOWN,2026-08-28T08:30:26.820315+00:00,-1550,2000,-11550,4450,450,,822,1322,742,879,False,TSE,地球,UNKNOWN,ordinary_stock,TWSE_T86+TPEX_DAILY_TRADE_HIS,1324,921,879,765,932,0,0,0,0,0,0,0,0,,991,917,856,970
2026-08-28,GOOD,0,0,0,0,0,0,0,404,350,1053,457,4,0,-37908,317908,37000,-75312,133000,140000,,1487,1612,608,1482,0,405,349,1052,455,4,0,-35908,UNKNOWN,2026-08-28T08:30:26.820315+00:00,319908,37000,-88312,134000,142000,,1486,1613,609,1483,False,TSE,恆大,UNKNOWN,ordinary_stock,TWSE_T86+TPEX_DAILY_TRADE_HIS,1325,922,880,766,933,0,0,0,0,0,0,0,0,,992,918,857,971
2026-08-28,GOOD,0,0,0,0,0,0,0,39,46,93,25,4,0,13595770,12677154,2243352,8840573,28226040,13136462,,1852,1916,1568,1913,0,45,54,94,33,4,0,16620294,UNKNOWN,2026-08-28T08:30:26.820315+00:00,11384672,1874413,8739295,29470375,14002483,,1846,1908,1567,1905,False,TSE,台化,UNKNOWN,ordinary_stock,TWSE_T86+TPEX_DAILY_TRADE_HIS,1326,65,881,69,51,0,0,-274000,1274000,0,2402002,0,500000,,1826,919,1592,1887
2026-08-28,GOOD,0,0,0,0,0,0,0,417,1692,559,597,0,1,-170470,298892,-225115,242194,-25761,64211,,1474,270,1102,1341,0,411,1681,570,592,0,1,-168470,UNKNOWN,2026-08-28T08:30:26.820315+00:00,304892,-225115,235194,-21761,68211,,1480,281,1091,1346,False,TSE,再生-KY,UNKNOWN,ordinary_stock,TWSE_T86+TPEX_DAILY_TRADE_HIS,1337,923,882,767,934,0,0,0,0,0,0,0,0,,993,920,858,972
2026-08-28,GOOD,0,0,0,0,0,0,0,1197,1161,1119,1339,0,1,-34999,-19001,-10000,-138001,-7000,-27000,,694,794,542,599,0,1179,1143,1104,1314,0,1,-33999,UNKNOWN,2026-08-28T08:30:26.820315+00:00,-16001,-10000,-138001,-5000,-25000,,711,812,557,624,False,TSE,廣華-KY,UNKNOWN,ordinary_stock,TWSE_T86+TPEX_DAILY_TRADE_HIS,1338,924,883,768,935,0,0,0,0,0,0,0,0,,994,921,859,973
2026-08-28,GOOD,0,0,0,0,0,0,0,1462,1452,960,1548,0,2,-117426,-190578,-55000,-25332,-158002,-154002,,429,510,701,390,0,1471,1429,982,1550,0,2,-115188,UNKNOWN,2026-08-28T08:30:26.820315+00:00,-206672,-54675,-47208,-165081,-160930,,420,533,679,388,False,TSE,昭輝,UNKNOWN,ordinary_stock,TWSE_T86+TPEX_DAILY_TRADE_HIS,1339,925,884,769,936,0,0,0,0,0,0,0,0,,995,922,860,974
2026-08-28,GOOD,0,0,0,0,0,0,0,560,783,502,472,0,0,122000,132000,0,346000,-3000,127000,,1331,1168,1159,1466,0,558,770,506,472,0,0,125000,UNKNOWN,2026-08-28T08:30:26.820315+00:00,135000,0,341000,-1000,130000,,1332,1173,1155,1466,False,TSE,勝悅-KY,UNKNOWN,ordinary_stock,TWSE_T86+TPEX_DAILY_TRADE_HIS,1340,926,885,770,937,0,0,0,0,0,0,0,0,,996,923,861,975
2026-08-27,STALE,0,0,0,0,0,,0,992,784,,1047,0,0,-2000,4000,0,,2000,1000,,902,1169,,890,1,986,684,,1018,4,0,-2000,UNKNOWN,2026-08-28T08:30:26.820315+00:00,6000,1000,,3000,2000,,905,1261,,916,True,TSE,富林-KY,UNKNOWN,ordinary_stock,TWSE_T86+TPEX_DAILY_TRADE_HIS,1341,927,886,,938,0,0,0,0,0,,0,0,,997,924,,976
2026-08-28,GOOD,0,0,0,0,0,0,0,634,741,356,1211,2,0,-101068,87648,163,868951,-26021,-6710,,1257,1221,1305,727,0,1189,744,408,1239,2,0,-4233,UNKNOWN,2026-08-28T08:30:26.820315+00:00,-17289,162,635988,-30072,-10761,,702,1218,1253,699,False,TSE,八貫,UNKNOWN,ordinary_stock,TWSE_T86+TPEX_DAILY_TRADE_HIS,1342,1778,887,1538,1723,0,0,120999,-122999,0,-245999,-1000,-1000,,113,925,123,210
2026-08-28,GOOD,0,0,0,0,0,0,0,17,1936,15,1932,0,3,-70700375,34795399,-3824391,92971755,-9737748,-17952488,,1874,26,1646,6,0,9,1937,12,1922,0,3,-80740994,UNKNOWN,2026-08-28T08:30:26.820315+00:00,63375150,-3827198,118063476,-10116872,-8682922,,1882,25,1649,16,False,TSE,遠東新,UNKNOWN,ordinary_stock,TWSE_T86+TPEX_DAILY_TRADE_HIS,1402,6,1876,11,2,0,2,-8252801,28871839,-12000,26801993,-70186,10309519,,1885,85,1650,1936
2026-08-28,GOOD,0,0,0,0,0,0,0,1826,1928,1612,1755,0,1,4653448,-6052404,-3133329,-13116639,-1187017,-699478,,65,34,49,183,0,1818,1932,1607,1752,0,1,3337979,UNKNOWN,2026-08-28T08:30:26.820315+00:00,-4702873,-3426215,-10123752,-1277839,-682447,,73,30,54,186,False,TSE,新纖,UNKNOWN,ordinary_stock,TWSE_T86+TPEX_DAILY_TRADE_HIS,1409,1724,888,148,144,0,0,21000,-17000,0,216800,2000,2000,,166,926,1513,1781
2026-08-28,GOOD,0,0,0,0,0,0,0,920,1011,940,1182,0,1,-20000,12000,-3000,-13000,3000,-4000,,972,950,721,759,0,934,994,929,1187,0,1,-23000,UNKNOWN,2026-08-28T08:30:26.820315+00:00,11000,-3000,-16000,1000,-6000,,957,962,733,750,False,TSE,南染,UNKNOWN,ordinary_stock,TWSE_T86+TPEX_DAILY_TRADE_HIS,1410,928,889,771,939,0,0,0,0,0,0,0,0,,998,927,862,977
2026-08-28,GOOD,0,0,0,0,0,0,0,983,970,863,947,0,2,7000,5000,-2000,16000,5000,6000,,909,1000,800,989,0,935,952,846,951,0,2,-1000,UNKNOWN,2026-08-28T08:30:26.820315+00:00,11000,-2000,16000,5000,5000,,958,1012,814,982,False,TSE,宏洲,UNKNOWN,ordinary_stock,TWSE_T86+TPEX_DAILY_TRADE_HIS,1413,929,890,772,940,0,0,0,0,0,0,0,0,,999,928,863,978
2026-08-28,GOOD,0,0,0,0,0,0,0,282,224,396,263,12,0,167327,673637,133482,716730,337312,420482,,1609,1738,1265,1675,0,286,231,397,272,12,0,184327,UNKNOWN,2026-08-28T08:30:26.820315+00:00,684637,131482,710730,350312,434482,,1605,1731,1264,1666,False,TSE,東和,UNKNOWN,ordinary_stock,TWSE_T86+TPEX_DAILY_TRADE_HIS,1414,930,891,773,941,0,0,0,0,0,0,0,0,,1000,929,864,979
2026-08-28,GOOD,0,0,0,0,0,0,0,283,421,320,373,4,0,-218961,671611,19887,1131457,160487,226325,,1608,1541,1341,1565,0,287,423,330,378,4,0,-222966,UNKNOWN,2026-08-28T08:30:26.820315+00:00,683606,19887,1117452,163482,230320,,1604,1539,1331,1560,False,TSE,廣豐,UNKNOWN,ordinary_stock,TWSE_T86+TPEX_DAILY_TRADE_HIS,1416,931,892,774,942,0,0,0,0,0,0,0,0,,1001,930,865,980
2026-08-28,GOOD,0,0,0,0,0,0,0,1160,894,1136,1354,0,1,-49640,-13978,-1000,-161978,15994,-31809,,731,1077,525,584,0,1151,879,1128,1326,0,1,-45640,UNKNOWN,2026-08-28T08:30:26.820315+00:00,-11978,-1000,-168978,18994,-28809,,740,1085,533,612,False,TSE,嘉裕,UNKNOWN,ordinary_stock,TWSE_T86+TPEX_DAILY_TRADE_HIS,1417,932,893,775,943,0,0,0,0,0,0,0,0,,1002,931,866,981
2026-08-27,STALE,0,0,0,0,0,,0,881,698,,849,8,0,9000,17000,1000,,7000,13000,,1010,1260,,1088,1,875,685,,843,8,0,10000,UNKNOWN,2026-08-28T08:30:26.820315+00:00,18000,1000,,8000,14000,,1014,1262,,1095,True,TSE,東華,UNKNOWN,ordinary_stock,TWSE_T86+TPEX_DAILY_TRADE_HIS,1418,933,894,,944,0,0,0,0,0,,0,0,,1003,932,,982
2026-08-28,GOOD,0,0,0,0,0,0,0,1367,1343,1223,1460,0,3,-54523,-97507,-31000,-339749,-60055,-76015,,524,618,438,478,0,1385,1355,1177,1455,0,5,-50523,UNKNOWN,2026-08-28T08:30:26.820315+00:00,-111507,-37000,-234749,-62055,-81015,,506,607,484,483,False,TSE,新紡,UNKNOWN,ordinary_stock,TWSE_T86+TPEX_DAILY_TRADE_HIS,1419,934,895,159,945,0,0,0,0,0,140000,0,0,,1004,933,1502,983
2026-08-28,GOOD,0,0,0,0,0,,0,889,785,,850,0,0,10000,16000,0,,12000,13000,,1003,1170,,1089,0,886,771,,852,0,0,9000,UNKNOWN,2026-08-28T08:30:26.820315+00:00,17000,0,,12000,13000,,1002,1174,,1085,False,TSE,利華,UNKNOWN,ordinary_stock,TWSE_T86+TPEX_DAILY_TRADE_HIS,1423,935,896,,946,0,0,0,0,0,,0,0,,1005,934,,984
2026-08-28,GOOD,0,0,0,0,0,0,0,705,498,540,827,2,0,-22001,53999,9992,275009,15000,15999,,1186,1464,1121,1111,0,706,503,558,814,2,0,-21001,UNKNOWN,2026-08-28T08:30:26.820315+00:00,54999,9992,248009,16000,16999,,1185,1459,1103,1124,False,TSE,大魯閣,UNKNOWN,ordinary_stock,TWSE_T86+TPEX_DAILY_TRADE_HIS,1432,936,897,776,947,0,0,0,0,0,0,0,0,,1006,935,867,985
2026-08-28,GOOD,0,0,0,0,0,0,0,77,1502,105,73,0,1,1970069,6114355,-73104,7470511,3360165,4042212,,1814,460,1556,1865,0,76,1450,111,74,0,1,2002186,UNKNOWN,2026-08-28T08:30:26.820315+00:00,6178472,-60620,7380501,3424532,4090329,,1815,512,1550,1864,False,TSE,福懋,UNKNOWN,ordinary_stock,TWSE_T86+TPEX_DAILY_TRADE_HIS,1434,1699,898,227,164,0,0,10000,-8000,0,1192,1000,1000,,189,936,1434,1752
2026-08-28,GOOD,0,0,0,0,0,0,0,836,645,733,790,5,0,14000,24000,2000,75000,15000,19000,,1058,1321,929,1147,0,827,631,698,772,5,0,16000,UNKNOWN,2026-08-28T08:30:26.820315+00:00,26000,2000,89000,17000,21000,,1066,1323,963,1167,False,TSE,中福,UNKNOWN,ordinary_stock,TWSE_T86+TPEX_DAILY_TRADE_HIS,1435,937,899,777,948,0,0,0,0,0,0,0,0,,1007,937,868,986
2026-08-28,GOOD,0,0,0,0,0,0,0,343,1450,439,567,0,1,-300758,451606,-54635,511954,37565,75424,,1548,512,1222,1371,0,347,1428,440,570,0,1,-296758,UNKNOWN,2026-08-28T08:30:26.820315+00:00,453606,-54635,505954,39565,78424,,1544,534,1221,1368,False,TSE,華友聯,UNKNOWN,ordinary_stock,TWSE_T86+TPEX_DAILY_TRADE_HIS,1436,938,900,778,949,0,0,0,0,0,0,0,0,,1008,938,869,987
2026-08-28,GOOD,0,0,0,0,0,0,0,370,1222,1173,1414,0,2,-503866,393296,-15000,-225432,-27000,-55285,,1521,744,488,524,0,374,1220,1180,1396,0,2,-500866,UNKNOWN,2026-08-28T08:30:26.820315+00:00,392296,-17000,-244432,-26000,-54285,,1517,741,481,542,False,TSE,勤益控,UNKNOWN,ordinary_stock,TWSE_T86+TPEX_DAILY_TRADE_HIS,1437,939,901,779,950,0,0,0,0,0,0,0,0,,1009,939,870,988
2026-08-28,GOOD,0,0,0,0,0,0,0,703,786,781,618,0,0,62000,54000,0,47387,42000,58000,,1188,1171,880,1322,0,702,772,789,618,0,0,61000,UNKNOWN,2026-08-28T08:30:26.820315+00:00,57000,0,39387,43000,59000,,1188,1175,872,1320,False,TSE,三地開發,UNKNOWN,ordinary_stock,TWSE_T86+TPEX_DAILY_TRADE_HIS,1438,940,902,780,951,0,0,0,0,0,0,0,0,,1010,940,871,989
2026-08-28,GOOD,0,0,0,0,0,0,0,870,895,726,1143,0,2,-22000,18000,-1000,80000,-3000,-2000,,1016,1078,935,796,0,871,880,719,1068,0,2,-19000,UNKNOWN,2026-08-28T08:30:26.820315+00:00,19000,-1000,75000,-1000,0,,1020,1086,942,866,False,TSE,雋揚,UNKNOWN,ordinary_stock,TWSE_T86+TPEX_DAILY_TRADE_HIS,1439,941,903,781,952,0,0,0,0,0,0,0,0,,1011,941,872,990
2026-08-28,GOOD,0,0,0,0,0,0,0,119,1403,87,254,0,1,-2341263,3245981,-42906,9345787,896843,452359,,1772,559,1574,1684,0,130,1542,91,317,0,1,-2444659,UNKNOWN,2026-08-28T08:30:26.820315+00:00,3080357,-101306,9383888,922388,317849,,1761,420,1570,1621,False,TSE,南紡,UNKNOWN,ordinary_stock,TWSE_T86+TPEX_DAILY_TRADE_HIS,1440,190,904,195,145,0,0,2000,2000,0,14943,2000,2000,,1698,942,1466,1782
2026-08-28,GOOD,0,0,0,0,0,,0,1135,896,,1048,0,1,12000,-10000,-1000,,3000,1000,,754,1079,,891,0,1136,881,,1019,0,1,12000,UNKNOWN,2026-08-28T08:30:26.820315+00:00,-8000,-1000,,4000,2000,,756,1087,,917,False,TSE,大東,UNKNOWN,ordinary_stock,TWSE_T86+TPEX_DAILY_TRADE_HIS,1441,942,905,,953,0,0,0,0,0,,0,0,,1012,943,,991
2026-08-28,GOOD,0,0,0,0,0,0,0,324,1352,415,705,0,1,-443287,511253,-32367,589875,31138,33983,,1567,610,1246,1233,0,320,1336,415,689,0,1,-479355,UNKNOWN,2026-08-28T08:30:26.820315+00:00,557009,-32367,600289,34982,38827,,1571,626,1246,1249,False,TSE,名軒,UNKNOWN,ordinary_stock,TWSE_T86+TPEX_DAILY_TRADE_HIS,1442,943,906,782,954,0,0,0,0,0,0,0,0,,1013,944,873,992
2026-08-28,GOOD,0,0,0,0,0,,0,1070,897,,930,0,1,16000,-2000,-1000,,7000,7000,,823,1080,,1008,0,1050,882,,897,0,1,18000,UNKNOWN,2026-08-28T08:30:26.820315+00:00,0,-1000,,9000,9000,,840,1088,,1041,False,TSE,立益物流,UNKNOWN,ordinary_stock,TWSE_T86+TPEX_DAILY_TRADE_HIS,1443,944,907,,955,0,0,0,0,0,,0,0,,1014,945,,993
2026-08-28,GOOD,0,0,0,0,0,0,0,1586,193,1143,1813,1,0,-2250859,-509873,205658,-174374,209823,-1380366,,305,1769,518,125,0,1593,191,1251,1810,1,0,-2224859,UNKNOWN,2026-08-28T08:30:26.820315+00:00,-521873,205658,-400374,214823,-1373366,,298,1771,410,128,False,TSE,力麗,UNKNOWN,ordinary_stock,TWSE_T86+TPEX_DAILY_TRADE_HIS,1444,1738,908,1505,1803,0,0,-1000,-29000,0,-91000,-15000,-15000,,153,946,156,135
2026-08-28,GOOD,0,0,0,0,0,0,0,582,1012,625,636,0,1,-8000,114000,-3000,164000,56000,53000,,1309,951,1036,1301,0,599,1104,627,639,0,1,-5000,UNKNOWN,2026-08-28T08:30:26.820315+00:00,113000,-7000,152000,57000,54000,,1292,857,1034,1298,False,TSE,大宇,UNKNOWN,ordinary_stock,TWSE_T86+TPEX_DAILY_TRADE_HIS,1445,945,909,783,956,0,0,0,0,0,0,0,0,,1015,947,874,994
2026-08-28,GOOD,0,0,0,0,0,0,0,1486,1374,828,1450,0,1,95181,-241181,-38000,27000,-31000,-73000,,405,589,833,487,0,1492,1361,921,1436,0,1,109181,UNKNOWN,2026-08-28T08:30:26.820315+00:00,-251181,-38000,-12615,-29000,-71000,,399,601,740,502,False,TSE,宏和,UNKNOWN,ordinary_stock,TWSE_T86+TPEX_DAILY_TRADE_HIS,1446,946,910,784,957,0,0,0,0,0,0,0,0,,1016,948,875,995
2026-08-28,GOOD,0,0,0,0,0,0,0,1565,1611,1247,1614,0,1,-27269,-441807,-136780,-391741,301931,-234538,,326,351,414,324,0,1592,1600,1301,1607,0,1,52731,UNKNOWN,2026-08-28T08:30:26.820315+00:00,-519807,-136780,-568741,301931,-233538,,299,362,360,331,False,TSE,力鵬,UNKNOWN,ordinary_stock,TWSE_T86+TPEX_DAILY_TRADE_HIS,1447,1730,911,1493,1795,0,0,-2000,-22000,0,-69000,-12000,-12000,,161,949,168,142
2026-08-28,GOOD,0,0,0,0,0,0,0,367,256,476,393,1,0,12010,401490,90439,403414,79294,206750,,1524,1706,1185,1545,0,383,257,482,423,1,0,-13630,UNKNOWN,2026-08-28T08:30:26.820315+00:00,375824,91554,387446,61377,181097,,1508,1705,1179,1515,False,TSE,佳和,UNKNOWN,ordinary_stock,TWSE_T86+TPEX_DAILY_TRADE_HIS,1449,947,912,785,958,0,0,0,0,0,0,0,0,,1017,950,876,996
2026-08-28,GOOD,0,0,0,0,0,0,0,1494,1467,1239,1547,0,1,-45061,-261061,-61000,-372306,-55061,-153061,,397,495,422,391,0,1517,1452,1260,1573,0,9,-89061,UNKNOWN,2026-08-28T08:30:26.820315+00:00,-303061,-61000,-427306,-83061,-196061,,374,509,401,365,False,TSE,年興,UNKNOWN,ordinary_stock,TWSE_T86+TPEX_DAILY_TRADE_HIS,1451,948,913,786,959,0,0,0,0,0,0,0,0,,1018,951,877,997
2026-08-28,GOOD,0,0,0,0,0,0,0,1437,1061,1123,1255,0,2,148047,-169961,-4016,-147966,8043,-10957,,454,901,538,683,0,1454,970,1120,1195,0,2,165047,UNKNOWN,2026-08-28T08:30:26.820315+00:00,-178961,-2016,-156966,12043,-6957,,437,992,541,743,False,TSE,宏益,UNKNOWN,ordinary_stock,TWSE_T86+TPEX_DAILY_TRADE_HIS,1452,949,914,787,960,0,0,0,0,0,0,0,0,,1019,952,878,998
2026-08-28,GOOD,0,0,0,0,0,0,0,698,971,773,816,0,1,-21000,55000,-2000,53000,9000,17000,,1192,1001,889,1127,0,740,773,747,889,0,0,-27026,UNKNOWN,2026-08-28T08:30:26.820315+00:00,46974,0,60974,1974,9974,,1151,1176,914,1049,False,TSE,大將,UNKNOWN,ordinary_stock,TWSE_T86+TPEX_DAILY_TRADE_HIS,1453,950,915,788,961,0,0,0,0,0,0,0,0,,1020,953,879,999
2026-08-28,GOOD,0,0,0,0,0,,0,1234,972,,862,0,1,53000,-29000,-2000,,5000,12000,,658,1002,,1078,0,1245,953,,873,0,1,52000,UNKNOWN,2026-08-28T08:30:26.820315+00:00,-30000,-2000,,6000,11000,,645,1013,,1067,False,TSE,台富,UNKNOWN,ordinary_stock,TWSE_T86+TPEX_DAILY_TRADE_HIS,1454,951,916,,962,0,0,0,0,0,,0,0,,1021,954,,1000
2026-08-28,GOOD,0,0,0,0,0,0,0,149,141,181,270,3,0,-1726545,2538911,404130,3138688,602231,406183,,1742,1821,1480,1668,0,151,144,193,293,2,0,-1750590,UNKNOWN,2026-08-28T08:30:26.820315+00:00,2498956,400130,3119890,542231,374183,,1740,1818,1468,1645,False,TSE,集盛,UNKNOWN,ordinary_stock,TWSE_T86+TPEX_DAILY_TRADE_HIS,1455,952,917,789,963,0,0,0,0,0,0,0,0,,1022,955,880,1001
2026-08-28,GOOD,0,0,0,0,0,0,0,768,1050,978,839,0,1,-11000,39000,-4000,-35000,6000,14000,,1122,912,683,1099,0,773,954,960,832,0,1,-10000,UNKNOWN,2026-08-28T08:30:26.820315+00:00,40000,-2000,-36000,7000,15000,,1117,1014,701,1105,False,TSE,怡華,UNKNOWN,ordinary_stock,TWSE_T86+TPEX_DAILY_TRADE_HIS,1456,953,918,790,964,0,0,0,0,0,0,0,0,,1023,956,881,1002
2026-08-28,GOOD,0,0,0,0,0,0,0,1334,1334,1003,1419,0,2,-40983,-71017,-29000,-47091,-53000,-56000,,557,628,658,517,0,1373,1314,1014,1424,0,2,-30983,UNKNOWN,2026-08-28T08:30:26.820315+00:00,-99017,-29000,-61091,-48000,-65000,,518,648,647,514,False,TSE,宜進,UNKNOWN,ordinary_stock,TWSE_T86+TPEX_DAILY_TRADE_HIS,1457,954,919,791,965,0,0,0,0,0,0,0,0,,1024,957,882,1003
2026-08-28,GOOD,0,0,0,0,0,0,0,1366,1172,1133,1495,0,3,-111557,-96003,-10314,-156779,-122780,-103780,,525,790,528,443,0,1386,1153,1110,1512,0,3,-125557,UNKNOWN,2026-08-28T08:30:26.820315+00:00,-112003,-10314,-145779,-133780,-118780,,505,809,551,426,False,TSE,聯發,UNKNOWN,ordinary_stock,TWSE_T86+TPEX_DAILY_TRADE_HIS,1459,955,920,792,966,0,0,0,0,0,0,0,0,,1025,958,883,1004
2026-08-28,GOOD,0,0,0,0,0,0,0,1487,1492,1321,1321,0,1,197536,-241508,-67957,-590839,32514,-21986,,404,470,340,617,0,1482,1473,1317,1259,0,1,203536,UNKNOWN,2026-08-28T08:30:26.820315+00:00,-229508,-67957,-606839,40514,-12986,,409,489,344,679,False,TSE,宏遠,UNKNOWN,ordinary_stock,TWSE_T86+TPEX_DAILY_TRADE_HIS,1460,956,921,793,967,0,0,0,0,0,0,0,0,,1026,959,884,1005
2026-08-28,GOOD,0,0,0,0,0,0,0,878,1078,745,911,0,1,988,17010,-5000,67010,7000,8999,,1013,885,916,1027,0,848,1064,762,865,0,1,1988,UNKNOWN,2026-08-28T08:30:26.820315+00:00,22010,-5000,52010,9000,11999,,1043,894,899,1073,False,TSE,強盛新,UNKNOWN,ordinary_stock,TWSE_T86+TPEX_DAILY_TRADE_HIS,1463,957,922,794,968,0,0,0,0,0,0,0,0,,1027,960,885,1006
2026-08-28,GOOD,0,0,0,0,0,0,0,337,1475,1161,467,0,1,-213627,469999,-64000,-213228,35000,128186,,1554,487,500,1471,0,343,1462,1194,480,0,1,-218627,UNKNOWN,2026-08-28T08:30:26.820315+00:00,464999,-64000,-280228,29000,123186,,1548,499,467,1458,False,TSE,得力,UNKNOWN,ordinary_stock,TWSE_T86+TPEX_DAILY_TRADE_HIS,1464,958,923,795,969,0,0,0,0,0,0,0,0,,1028,961,886,1007
2026-08-28,GOOD,0,0,0,0,0,0,0,589,311,722,521,3,0,97258,107258,55258,83308,105258,102258,,1302,1651,939,1417,0,602,308,748,511,3,0,100258,UNKNOWN,2026-08-28T08:30:26.820315+00:00,110258,57258,60141,108258,105258,,1289,1654,913,1427,False,TSE,偉全,UNKNOWN,ordinary_stock,TWSE_T86+TPEX_DAILY_TRADE_HIS,1465,959,924,796,970,0,0,0,0,0,0,0,0,,1029,962,887,1008
2026-08-28,GOOD,0,0,0,0,0,0,0,1055,427,506,512,6,0,212325,-983,18922,339545,67004,105671,,836,1535,1155,1426,0,975,429,503,496,6,0,218325,UNKNOWN,2026-08-28T08:30:26.820315+00:00,7017,18922,344545,72004,112671,,916,1533,1158,1442,False,TSE,聚隆,UNKNOWN,ordinary_stock,TWSE_T86+TPEX_DAILY_TRADE_HIS,1466,960,925,797,971,0,0,0,0,0,0,0,0,,1030,963,888,1009
2026-08-28,GOOD,0,0,0,0,0,0,0,704,410,1330,731,2,0,3346,54000,22000,-623931,19000,28673,,1189,1554,331,1207,0,816,396,1323,704,2,0,41346,UNKNOWN,2026-08-28T08:30:26.820315+00:00,28000,24000,-628931,24000,34673,,1075,1563,338,1234,False,TSE,南緯,UNKNOWN,ordinary_stock,TWSE_T86+TPEX_DAILY_TRADE_HIS,1467,961,926,798,972,0,0,0,0,0,0,0,0,,1031,964,889,1010
2026-08-28,GOOD,0,0,0,0,0,0,0,929,787,1016,762,0,0,35000,11000,0,-54000,17000,23000,,963,1172,645,1176,0,924,774,1021,747,0,0,40000,UNKNOWN,2026-08-28T08:30:26.820315+00:00,12000,0,-65000,19000,26000,,968,1177,640,1191,False,TSE,昶和,UNKNOWN,ordinary_stock,TWSE_T86+TPEX_DAILY_TRADE_HIS,1468,962,927,799,973,0,0,0,0,0,0,0,0,,1032,965,890,1011
2026-08-28,GOOD,0,0,0,0,0,0,0,921,898,844,895,0,1,8000,12000,-1000,22000,7000,10000,,973,1081,815,1046,0,912,883,831,875,0,1,7904,UNKNOWN,2026-08-28T08:30:26.820315+00:00,13904,-1000,20904,7904,10904,,979,1089,830,1063,False,TSE,大統新創,UNKNOWN,ordinary_stock,TWSE_T86+TPEX_DAILY_TRADE_HIS,1470,963,928,800,974,0,0,0,0,0,0,0,0,,1033,966,891,1012
2026-08-28,GOOD,0,0,0,0,0,0,0,1512,1661,1058,1596,0,1,-130000,-296000,-181000,-78000,102000,-213000,,379,300,603,340,0,1512,1647,1037,1584,0,1,-119029,UNKNOWN,2026-08-28T08:30:26.820315+00:00,-293029,-181000,-76029,109000,-206029,,379,315,624,354,False,TSE,首利,UNKNOWN,ordinary_stock,TWSE_T86+TPEX_DAILY_TRADE_HIS,1471,964,929,801,975,0,0,0,0,0,0,0,0,,1034,967,892,1013
2026-08-27,STALE,0,0,0,0,0,,0,912,609,,966,2,0,-3000,13000,3000,,4000,5000,,977,1350,,972,1,908,604,,952,2,0,-4000,UNKNOWN,2026-08-28T08:30:26.820315+00:00,14000,3000,,4000,5000,,983,1354,,983,True,TSE,三洋實業,UNKNOWN,ordinary_stock,TWSE_T86+TPEX_DAILY_TRADE_HIS,1472,965,930,,976,0,0,0,0,0,,0,0,,1035,968,,1014
2026-08-28,GOOD,0,0,0,0,0,0,0,1056,973,797,896,0,2,21000,-1000,-2000,38000,4000,10000,,831,1003,865,1047,0,1164,955,879,882,0,2,34000,UNKNOWN,2026-08-28T08:30:26.820315+00:00,-14000,-2000,5000,4000,10000,,726,1015,782,1053,False,TSE,台南,UNKNOWN,ordinary_stock,TWSE_T86+TPEX_DAILY_TRADE_HIS,1473,966,931,802,977,0,0,0,0,0,0,0,0,,1036,969,893,1015
2026-08-28,GOOD,0,0,0,0,0,0,0,752,699,904,800,3,0,-6000,42000,1000,2000,20000,18000,,1139,1261,758,1139,0,755,686,910,788,3,0,-6000,UNKNOWN,2026-08-28T08:30:26.820315+00:00,44000,1000,-9000,21000,19000,,1136,1263,749,1147,False,TSE,弘裕,UNKNOWN,ordinary_stock,TWSE_T86+TPEX_DAILY_TRADE_HIS,1474,967,932,803,978,0,0,0,0,0,0,0,0,,1037,970,894,1016
2026-08-28,GOOD,0,0,0,0,0,,0,1239,610,,979,3,0,38000,-30000,3000,,6000,4000,,652,1351,,954,0,1249,605,,953,1,0,41000,UNKNOWN,2026-08-28T08:30:26.820315+00:00,-31000,3000,,7000,5000,,642,1355,,984,False,TSE,業旺,UNKNOWN,ordinary_stock,TWSE_T86+TPEX_DAILY_TRADE_HIS,1475,968,933,,979,0,0,0,0,0,,0,0,,1038,971,,1017
2026-08-28,GOOD,0,0,0,0,0,0,0,1705,1656,1549,1661,0,3,555112,-1249824,-177403,-4207893,-541196,-347356,,186,306,112,277,0,1729,1665,1541,1673,0,3,663845,UNKNOWN,2026-08-28T08:30:26.820315+00:00,-1487203,-204211,-3813028,-578061,-411679,,162,297,120,265,False,TSE,儒鴻,UNKNOWN,ordinary_stock,TWSE_T86+TPEX_DAILY_TRADE_HIS,1476,132,87,117,127,1,0,-95467,109803,1000,501836,3900,7168,,1759,1871,1544,1811
2026-08-28,GOOD,0,0,0,0,0,0,0,1766,1799,1604,1534,0,1,2212244,-2490166,-552175,-11432427,-738955,-138961,,125,163,57,404,0,1771,1796,1612,1645,0,1,1941502,UNKNOWN,2026-08-28T08:30:26.820315+00:00,-2585876,-567864,-11019219,-915506,-322187,,120,166,49,293,False,TSE,聚陽,UNKNOWN,ordinary_stock,TWSE_T86+TPEX_DAILY_TRADE_HIS,1477,123,1859,98,1862,0,3,-500322,219678,-2580,851118,-153322,-140322,,1768,103,1563,76
2026-08-28,GOOD,0,0,0,0,0,0,0,176,1865,197,269,0,1,-934980,1750206,-1034532,2728746,262486,407613,,1715,97,1464,1669,0,180,1863,209,232,0,1,-569858,UNKNOWN,2026-08-28T08:30:26.820315+00:00,1708482,-1084318,2694468,456107,569312,,1711,99,1452,1706,False,TSE,士電,UNKNOWN,ordinary_stock,TWSE_T86+TPEX_DAILY_TRADE_HIS,1503,1766,88,1495,141,3,0,79853,-74147,1000,-71398,2853,2853,,125,1872,166,1797
2026-08-28,GOOD,0,0,0,0,0,0,0,65,1944,39,496,0,1,-7325125,7554069,-5213529,27858675,3970611,114472,,1826,18,1622,1442,0,46,1942,38,406,0,1,-10578777,UNKNOWN,2026-08-28T08:30:26.820315+00:00,10975407,-5325709,31795598,4215778,198315,,1845,20,1623,1532,False,TSE,東元,UNKNOWN,ordinary_stock,TWSE_T86+TPEX_DAILY_TRADE_HIS,1504,37,70,59,109,3,0,-3471663,3502337,7000,3442051,25276,15337,,1854,1892,1602,1829
2026-08-28,GOOD,0,0,0,0,0,0,0,1293,1372,1135,1404,0,2,-51915,-51197,-37519,-161197,-53462,-51556,,598,590,526,534,0,1295,1358,1156,1389,0,2,-51915,UNKNOWN,2026-08-28T08:30:26.820315+00:00,-47197,-37519,-204274,-51462,-49556,,596,604,505,549,False,TSE,正道,UNKNOWN,ordinary_stock,TWSE_T86+TPEX_DAILY_TRADE_HIS,1506,969,934,804,980,0,0,0,0,0,0,0,0,,1039,972,895,1018
2026-08-28,GOOD,0,0,0,0,0,0,0,1240,1176,942,1287,0,4,0,-30000,-11000,-14000,-22000,-15000,,653,785,717,654,0,1235,1157,932,1265,0,4,0,UNKNOWN,2026-08-28T08:30:26.820315+00:00,-28000,-11000,-17000,-21000,-14000,,655,803,729,671,False,TSE,瑞利,UNKNOWN,ordinary_stock,TWSE_T86+TPEX_DAILY_TRADE_HIS,1512,970,935,805,981,0,0,0,0,0,0,0,0,,1040,973,896,1019
2026-08-28,GOOD,0,0,0,0,0,0,0,125,1803,49,90,0,1,2846303,3050029,-568518,20509074,2913174,2948166,,1766,159,1612,1848,0,147,1833,49,92,0,1,3013986,UNKNOWN,2026-08-28T08:30:26.820315+00:00,2625840,-779235,20302897,2977440,2819913,,1744,129,1612,1846,False,TSE,中興電,UNKNOWN,ordinary_stock,TWSE_T86+TPEX_DAILY_TRADE_HIS,1513,1813,1896,1565,1877,0,5,-219252,-347252,-34000,-518554,-167202,-283252,,78,66,96,61
2026-08-28,GOOD,0,0,0,0,0,0,0,1619,1905,1400,1802,0,1,-1801187,-673937,-1735325,-1103598,-1003655,-1237562,,272,57,261,136,0,1620,1901,1404,1800,0,1,-1776385,UNKNOWN,2026-08-28T08:30:26.820315+00:00,-627483,-1746550,-1080767,-949478,-1201934,,271,61,257,138,False,TSE,亞力,UNKNOWN,ordinary_stock,TWSE_T86+TPEX_DAILY_TRADE_HIS,1514,168,936,223,129,0,0,6000,6000,0,2606,6000,6000,,1720,974,1438,1806
2026-08-28,GOOD,0,0,0,0,0,0,0,1821,1809,1576,1804,0,2,2851931,-5376103,-605985,-6344627,-836043,-1262086,,70,153,85,134,0,1827,1802,1578,1805,0,2,2911668,UNKNOWN,2026-08-28T08:30:26.820315+00:00,-5430448,-607525,-6484171,-832926,-1259390,,64,160,83,133,False,TSE,力山,UNKNOWN,ordinary_stock,TWSE_T86+TPEX_DAILY_TRADE_HIS,1515,1690,937,1443,1753,0,0,0,-6000,0,-17000,-3000,-3000,,197,975,216,177
2026-08-28,GOOD,0,0,0,0,0,,0,1316,700,,1410,1,0,-45999,-62001,1000,,-50000,-54000,,575,1262,,527,0,1323,687,,1398,1,0,-48043,UNKNOWN,2026-08-28T08:30:26.820315+00:00,-62045,1000,,-51044,-55044,,568,1264,,540,False,TSE,川飛,UNKNOWN,ordinary_stock,TWSE_T86+TPEX_DAILY_TRADE_HIS,1516,971,938,,982,0,0,0,0,0,,0,0,,1041,976,,1020
2026-08-28,GOOD,0,0,0,0,0,0,0,541,1560,383,1524,0,1,-398001,145581,-102003,781123,-74447,-126210,,1350,402,1278,414,0,532,1545,392,1515,0,1,-397410,UNKNOWN,2026-08-28T08:30:26.820315+00:00,154672,-102162,725628,-70606,-121369,,1359,417,1269,423,False,TSE,利奇,UNKNOWN,ordinary_stock,TWSE_T86+TPEX_DAILY_TRADE_HIS,1517,972,939,806,983,0,0,0,0,0,0,0,0,,1042,977,897,1021
2026-08-28,GOOD,0,0,0,0,0,0,0,1746,1824,1511,1747,0,1,588180,-1931928,-668326,-2810813,-4123,-671874,,145,138,150,191,0,1738,1803,1504,1664,0,1,875002,UNKNOWN,2026-08-28T08:30:26.820315+00:00,-1617648,-612699,-2532341,306821,-371323,,153,159,157,274,False,TSE,華城,UNKNOWN,ordinary_stock,TWSE_T86+TPEX_DAILY_TRADE_HIS,1519,133,38,174,83,1,0,103886,105886,105000,73588,104886,104886,,1758,1924,1487,1855
2026-08-28,GOOD,0,0,0,0,0,0,0,908,899,758,874,0,1,8000,14000,-1000,61000,9000,11000,,986,1082,903,1061,0,909,884,751,883,0,1,6000,UNKNOWN,2026-08-28T08:30:26.820315+00:00,14000,-1000,56000,8000,10000,,984,1090,909,1054,False,TSE,大億,UNKNOWN,ordinary_stock,TWSE_T86+TPEX_DAILY_TRADE_HIS,1521,973,940,807,984,0,0,0,0,0,0,0,0,,1043,978,898,1022
2026-08-28,GOOD,0,0,0,0,0,0,0,340,1549,365,398,0,1,-55702,459714,-95407,843177,36007,202006,,1551,413,1296,1540,0,348,1537,382,399,0,1,-38702,UNKNOWN,2026-08-28T08:30:26.820315+00:00,452714,-95407,787461,42992,207006,,1543,425,1279,1539,False,TSE,堤維西,UNKNOWN,ordinary_stock,TWSE_T86+TPEX_DAILY_TRADE_HIS,1522,974,941,808,985,0,0,0,0,0,0,0,0,,1044,979,899,1023
2026-08-28,GOOD,0,0,0,0,0,0,0,242,414,269,237,15,0,30455,986789,21310,1587809,302310,508622,,1649,1548,1392,1701,0,245,413,273,243,15,0,30455,UNKNOWN,2026-08-28T08:30:26.820315+00:00,990789,21310,1569809,304310,510622,,1646,1549,1388,1695,False,TSE,耿鼎,UNKNOWN,ordinary_stock,TWSE_T86+TPEX_DAILY_TRADE_HIS,1524,975,942,809,986,0,0,0,0,0,0,0,0,,1045,980,900,1024
2026-08-28,GOOD,0,0,0,0,0,0,0,871,570,769,823,3,0,14000,18000,5000,54000,11000,16000,,1017,1402,893,1116,0,902,564,770,844,3,0,13000,UNKNOWN,2026-08-28T08:30:26.820315+00:00,15000,5000,49000,10000,14000,,988,1403,891,1096,False,TSE,江申,UNKNOWN,ordinary_stock,TWSE_T86+TPEX_DAILY_TRADE_HIS,1525,976,943,810,987,0,0,0,0,0,0,0,0,,1046,981,901,1025
2026-08-28,GOOD,0,0,0,0,0,0,0,345,1115,575,413,0,1,-71665,442395,-6635,221422,30365,185365,,1546,847,1086,1525,0,352,1101,611,415,0,1,-69665,UNKNOWN,2026-08-28T08:30:26.820315+00:00,444395,-6635,175422,31365,187365,,1539,861,1050,1523,False,TSE,日馳,UNKNOWN,ordinary_stock,TWSE_T86+TPEX_DAILY_TRADE_HIS,1526,977,944,811,988,0,0,0,0,0,0,0,0,,1047,982,902,1026
2026-08-28,GOOD,0,0,0,0,0,0,0,543,1254,641,1501,0,1,-356061,140383,-19335,147063,-22925,-107839,,1348,708,1020,437,0,543,1239,1057,1491,0,1,-357061,UNKNOWN,2026-08-28T08:30:26.820315+00:00,145383,-19335,-92086,-20925,-105839,,1348,723,604,447,False,TSE,鑽全,UNKNOWN,ordinary_stock,TWSE_T86+TPEX_DAILY_TRADE_HIS,1527,978,945,812,989,0,0,0,0,0,0,0,0,,1048,983,903,1027
2026-08-28,GOOD,0,0,0,0,0,0,0,232,217,280,218,9,0,193342,1052618,150000,1471000,448319,622980,,1659,1746,1381,1720,0,238,219,283,223,9,0,194825,UNKNOWN,2026-08-28T08:30:26.820315+00:00,1058957,150000,1464529,451230,626891,,1653,1743,1378,1715,False,TSE,恩德,UNKNOWN,ordinary_stock,TWSE_T86+TPEX_DAILY_TRADE_HIS,1528,979,946,813,990,0,0,0,0,0,0,0,0,,1049,984,904,1028
2026-08-28,GOOD,0,0,0,0,0,0,0,542,1701,683,1320,0,1,-186131,142881,-235100,116258,8170,-21625,,1349,261,978,618,0,516,1689,662,1291,0,1,-204131,UNKNOWN,2026-08-28T08:30:26.820315+00:00,166881,-235100,125258,11170,-18625,,1375,273,999,647,False,TSE,樂事綠能,UNKNOWN,ordinary_stock,TWSE_T86+TPEX_DAILY_TRADE_HIS,1529,980,947,814,991,0,0,0,0,0,0,0,0,,1050,985,905,1029
2026-08-28,GOOD,0,0,0,0,0,0,0,862,526,919,980,3,0,-11000,19000,7000,-3580,15000,4000,,1030,1434,742,955,0,859,528,931,942,3,0,-9019,UNKNOWN,2026-08-28T08:30:26.820315+00:00,20869,6971,-16500,15979,5925,,1032,1434,730,996,False,TSE,亞崴,UNKNOWN,ordinary_stock,TWSE_T86+TPEX_DAILY_TRADE_HIS,1530,981,948,815,992,0,0,0,0,0,0,0,0,,1051,986,906,1030
2026-08-28,GOOD,0,0,0,0,0,0,0,556,267,679,527,1,0,59696,134000,79896,119690,61848,96848,,1337,1695,982,1411,0,605,285,730,537,1,0,72598,UNKNOWN,2026-08-28T08:30:26.820315+00:00,108902,70896,66592,55750,90750,,1286,1677,931,1401,False,TSE,高林股,UNKNOWN,ordinary_stock,TWSE_T86+TPEX_DAILY_TRADE_HIS,1531,982,949,816,993,0,0,0,0,0,0,0,0,,1052,987,907,1031
2026-08-28,GOOD,0,0,0,0,0,0,0,287,1425,428,555,0,1,-495231,660927,-49364,554947,86457,82848,,1604,537,1233,1383,0,302,1411,432,672,0,1,-520004,UNKNOWN,2026-08-28T08:30:26.820315+00:00,609700,-49364,521129,46457,44848,,1589,551,1229,1266,False,TSE,勤美,UNKNOWN,ordinary_stock,TWSE_T86+TPEX_DAILY_TRADE_HIS,1532,983,950,817,994,0,0,0,0,0,0,0,0,,1053,988,908,1032
2026-08-28,GOOD,0,0,0,0,0,0,0,1407,1140,1095,1319,0,1,90940,-133188,-8000,-112478,19000,-21124,,484,824,566,619,0,1412,1144,1109,1367,0,1,49940,UNKNOWN,2026-08-28T08:30:26.820315+00:00,-134188,-10000,-144478,1000,-42124,,479,813,552,571,False,TSE,車王電,UNKNOWN,ordinary_stock,TWSE_T86+TPEX_DAILY_TRADE_HIS,1533,984,951,818,995,0,0,0,0,0,0,0,0,,1054,989,909,1033
2026-08-28,GOOD,0,0,0,0,0,0,0,1180,1122,961,1301,0,2,-18000,-16000,-7000,-25679,-9000,-17000,,713,837,700,638,0,1216,1105,965,1288,0,2,-14000,UNKNOWN,2026-08-28T08:30:26.820315+00:00,-22000,-7000,-36679,-9000,-18000,,675,858,696,649,False,TSE,中宇,UNKNOWN,ordinary_stock,TWSE_T86+TPEX_DAILY_TRADE_HIS,1535,985,952,819,996,0,0,0,0,0,0,0,0,,1055,990,910,1034
2026-08-28,GOOD,0,0,0,0,0,0,0,377,1727,124,222,0,1,733073,377951,-288555,6219530,489465,555512,,1514,235,1537,1716,0,413,1715,122,230,0,1,868440,UNKNOWN,2026-08-28T08:30:26.820315+00:00,302926,-286538,6425073,516455,585683,,1478,247,1539,1708,False,TSE,和大,UNKNOWN,ordinary_stock,TWSE_T86+TPEX_DAILY_TRADE_HIS,1536,986,953,820,997,0,0,0,0,0,0,0,0,,1056,991,911,1035
2026-08-28,GOOD,0,0,0,0,0,0,0,1558,1313,1342,1451,0,2,269000,-415000,-26000,-693915,-29000,-73000,,333,649,319,488,0,1598,1296,1366,1517,0,20,287664,UNKNOWN,2026-08-28T08:30:26.820315+00:00,-531664,-26000,-839441,-78000,-122000,,293,665,295,421,False,TSE,廣隆,UNKNOWN,ordinary_stock,TWSE_T86+TPEX_DAILY_TRADE_HIS,1537,987,954,821,1838,0,0,-102000,0,0,0,-51000,-51000,,1057,992,912,100
2026-08-28,GOOD,0,0,0,0,0,0,0,1181,1013,756,1165,0,2,10000,-16000,-3000,62000,4000,-3000,,714,952,905,779,0,1263,995,771,1236,0,2,13996,UNKNOWN,2026-08-28T08:30:26.820315+00:00,-34004,-3000,47996,4996,-10004,,628,963,890,702,False,TSE,巨庭,UNKNOWN,ordinary_stock,TWSE_T86+TPEX_DAILY_TRADE_HIS,1539,988,955,822,998,0,0,0,0,0,0,0,0,,1058,993,913,1036
2026-08-28,GOOD,0,0,0,0,0,0,0,1147,1014,1179,718,0,1,74000,-12000,-3000,-232980,3000,31000,,740,953,482,1217,0,1147,996,1193,726,0,1,71000,UNKNOWN,2026-08-28T08:30:26.820315+00:00,-11000,-3000,-278131,3000,30000,,745,964,468,1211,False,TSE,喬福,UNKNOWN,ordinary_stock,TWSE_T86+TPEX_DAILY_TRADE_HIS,1540,989,956,823,999,0,0,0,0,0,0,0,0,,1059,994,914,1037
2026-08-28,GOOD,0,0,0,0,0,0,0,872,900,824,834,0,1,12000,18000,-1000,28000,14000,15000,,1018,1083,836,1106,0,862,885,819,822,0,1,12000,UNKNOWN,2026-08-28T08:30:26.820315+00:00,20000,-1000,25000,15000,16000,,1028,1091,842,1117,False,TSE,錩泰,UNKNOWN,ordinary_stock,TWSE_T86+TPEX_DAILY_TRADE_HIS,1541,990,957,824,1000,0,0,0,0,0,0,0,0,,1060,995,915,1038
2026-08-28,GOOD,0,0,0,0,0,0,0,603,664,685,1373,1,0,-177529,100737,1071,110622,-58567,-38396,,1288,1298,976,565,0,626,659,681,1371,1,0,-181921,UNKNOWN,2026-08-28T08:30:26.820315+00:00,96545,1071,105430,-61859,-42688,,1265,1303,980,567,False,TSE,伸興,UNKNOWN,ordinary_stock,TWSE_T86+TPEX_DAILY_TRADE_HIS,1558,991,958,825,1001,0,0,0,0,0,0,0,0,,1061,996,916,1039
2026-08-28,GOOD,0,0,0,0,0,0,0,245,739,403,648,3,0,-862054,962062,236,655414,153489,50004,,1646,1223,1258,1290,0,1607,394,547,1402,3,0,460806,UNKNOWN,2026-08-28T08:30:26.820315+00:00,-572254,24679,266253,77206,-55724,,284,1568,1114,536,False,TSE,中砂,UNKNOWN,ordinary_stock,TWSE_T86+TPEX_DAILY_TRADE_HIS,1560,1846,58,1497,1857,1,0,1234000,-1450000,21000,-74471,-108000,-108000,,45,1904,164,81
2026-08-26,STALE,0,0,0,0,0,,0,239,206,,177,7,0,915199,1006255,164749,,711770,960727,,1652,1756,,1761,2,220,225,,178,7,0,1045251,UNKNOWN,2026-08-28T08:30:26.820315+00:00,1179449,140026,,707533,1112350,,1671,1737,,1760,True,TSE,巧新,UNKNOWN,ordinary_stock,TWSE_T86+TPEX_DAILY_TRADE_HIS,1563,992,959,,1002,0,0,0,0,0,,0,0,,1062,997,,1040
2026-08-28,GOOD,0,0,0,0,0,0,0,458,1317,636,528,0,1,-49758,243294,-26060,150084,91728,96768,,1433,645,1025,1410,0,449,1311,675,529,0,1,-61972,UNKNOWN,2026-08-28T08:30:26.820315+00:00,250856,-28235,111368,89897,94442,,1442,651,986,1409,False,TSE,倉佑,UNKNOWN,ordinary_stock,TWSE_T86+TPEX_DAILY_TRADE_HIS,1568,993,960,826,1003,0,0,0,0,0,0,0,0,,1063,998,917,1041
2026-08-28,GOOD,0,0,0,0,0,0,0,498,1675,364,1382,0,2,-273219,190141,-200970,844439,-122997,-41539,,1393,287,1297,556,0,507,1660,371,1358,0,2,-260792,UNKNOWN,2026-08-28T08:30:26.820315+00:00,183526,-198543,821005,-106034,-38633,,1384,302,1290,580,False,TSE,信錦,UNKNOWN,ordinary_stock,TWSE_T86+TPEX_DAILY_TRADE_HIS,1582,994,961,827,1004,0,0,0,0,0,0,0,0,,1064,999,918,1042
2026-08-28,GOOD,0,0,0,0,0,0,0,799,1015,765,734,0,2,25000,31000,-3000,56000,19000,28000,,1093,954,897,1203,0,769,997,752,695,0,2,33000,UNKNOWN,2026-08-28T08:30:26.820315+00:00,41000,-3000,56000,22000,37000,,1122,965,910,1242,False,TSE,程泰,UNKNOWN,ordinary_stock,TWSE_T86+TPEX_DAILY_TRADE_HIS,1583,995,962,828,1005,0,0,0,0,0,0,0,0,,1065,1000,919,1043
2026-08-28,GOOD,0,0,0,0,0,0,0,520,484,488,689,3,0,-90930,167070,11000,380335,77070,38070,,1371,1483,1173,1249,0,515,486,486,688,3,0,-89930,UNKNOWN,2026-08-28T08:30:26.820315+00:00,168070,11000,378663,78070,39070,,1376,1476,1175,1250,False,TSE,吉茂,UNKNOWN,ordinary_stock,TWSE_T86+TPEX_DAILY_TRADE_HIS,1587,996,963,829,1006,0,0,0,0,0,0,0,0,,1066,1001,920,1044
2026-08-28,GOOD,0,0,0,0,0,0,0,1554,1697,443,1569,0,3,39911,-403421,-228742,492402,-386315,-181755,,337,265,1218,369,0,1558,1696,1313,1569,0,3,47436,UNKNOWN,2026-08-28T08:30:26.820315+00:00,-421748,-250462,-600547,-394061,-187156,,333,266,348,369,False,TSE,亞德客-KY,UNKNOWN,ordinary_stock,TWSE_T86+TPEX_DAILY_TRADE_HIS,1590,1719,92,1593,114,4,0,36947,-12591,591,-1070741,5178,12178,,172,1870,68,1824
2026-08-28,GOOD,0,0,0,0,0,0,0,1617,1849,1454,1735,0,1,-585264,-658774,-848830,-1735541,-591409,-622019,,274,113,207,203,0,1627,1839,1448,1731,0,1,-557361,UNKNOWN,2026-08-28T08:30:26.820315+00:00,-666695,-832227,-1606019,-560357,-612028,,264,123,213,207,False,TSE,直得,UNKNOWN,ordinary_stock,TWSE_T86+TPEX_DAILY_TRADE_HIS,1597,997,964,830,1007,0,0,0,0,0,0,0,0,,1067,1002,921,1045
2026-08-28,GOOD,0,0,0,0,0,0,0,526,1263,475,287,0,1,550765,162045,-21000,405093,10007,356405,,1365,696,1186,1651,0,564,1229,494,299,0,1,587400,UNKNOWN,2026-08-28T08:30:26.820315+00:00,134200,-18000,364271,17402,360800,,1327,732,1167,1639,False,TSE,岱宇,UNKNOWN,ordinary_stock,TWSE_T86+TPEX_DAILY_TRADE_HIS,1598,998,965,831,1008,0,0,0,0,0,0,0,0,,1068,1003,922,1046
2026-08-28,GOOD,0,0,0,0,0,0,0,446,390,346,381,2,0,168886,265324,26080,924136,111105,217105,,1445,1572,1315,1557,0,437,395,384,384,2,0,159886,UNKNOWN,2026-08-28T08:30:26.820315+00:00,282324,24080,781136,108105,221105,,1454,1567,1277,1554,False,TSE,華電,UNKNOWN,ordinary_stock,TWSE_T86+TPEX_DAILY_TRADE_HIS,1603,999,966,832,1009,0,0,0,0,0,0,0,0,,1069,1004,923,1047
2026-08-28,GOOD,0,0,0,0,0,0,0,429,1245,1078,730,0,1,-227347,285247,-18000,-94600,38995,28950,,1462,717,583,1208,0,450,1230,1133,1290,0,1,-284347,UNKNOWN,2026-08-28T08:30:26.820315+00:00,248247,-18000,-172600,16995,-18050,,1441,733,528,648,False,TSE,聲寶,UNKNOWN,ordinary_stock,TWSE_T86+TPEX_DAILY_TRADE_HIS,1604,1000,967,833,1010,0,0,0,0,0,0,0,0,,1070,1005,924,1048
2026-08-28,GOOD,0,0,0,0,0,0,0,22,30,4,6,6,0,27347759,26610577,3555528,163070053,20884511,26979168,,1869,1932,1657,1932,0,22,43,5,8,6,0,27989025,UNKNOWN,2026-08-28T08:30:26.820315+00:00,26108407,2535645,163640606,20478143,27048716,,1869,1919,1656,1930,False,TSE,華新,UNKNOWN,ordinary_stock,TWSE_T86+TPEX_DAILY_TRADE_HIS,1605,1746,968,1488,126,0,0,50377,-34837,0,-66202,8033,7770,,145,1006,173,1812
2026-08-28,GOOD,0,0,0,0,0,0,0,60,1519,41,44,0,1,8362038,8144620,-76961,26005705,7335520,8253329,,1831,443,1620,1894,0,61,476,44,47,3,0,8786972,UNKNOWN,2026-08-28T08:30:26.820315+00:00,8301152,11917,25860474,7606352,8544062,,1830,1486,1617,1891,False,TSE,華榮,UNKNOWN,ordinary_stock,TWSE_T86+TPEX_DAILY_TRADE_HIS,1608,1752,969,1494,1801,0,0,12086,-39914,0,-70772,-13914,-13914,,139,1007,167,137
2026-08-28,GOOD,0,0,0,0,0,0,0,1745,143,138,1785,1,0,-174186,-1906644,392320,5071167,-1327668,-1040415,,146,1819,1523,153,0,1752,142,151,1778,1,0,-93,UNKNOWN,2026-08-28T08:30:26.820315+00:00,-1941423,405291,4864678,-1256244,-970758,,139,1820,1510,160,False,TSE,大亞,UNKNOWN,ordinary_stock,TWSE_T86+TPEX_DAILY_TRADE_HIS,1609,1659,970,1425,165,0,0,5000,-3000,0,-11458,1000,1000,,220,1008,236,1753
2026-08-28,GOOD,0,0,0,0,0,0,0,1592,1606,1358,1683,0,1,-344872,-532786,-134846,-787041,86617,-438829,,299,356,303,255,0,1579,1597,1355,1669,0,1,-308104,UNKNOWN,2026-08-28T08:30:26.820315+00:00,-484020,-134846,-778300,128585,-396062,,312,365,306,269,False,TSE,中電,UNKNOWN,ordinary_stock,TWSE_T86+TPEX_DAILY_TRADE_HIS,1611,1001,971,834,1011,0,0,0,0,0,0,0,0,,1071,1009,925,1049
2026-08-28,GOOD,0,0,0,0,0,0,0,205,1591,192,166,0,1,845093,1283933,-123727,2809363,863316,1064513,,1686,371,1469,1772,0,209,1568,204,182,0,1,815847,UNKNOWN,2026-08-28T08:30:26.820315+00:00,1269055,-119393,2733266,821329,1042451,,1682,394,1457,1756,False,TSE,宏泰,UNKNOWN,ordinary_stock,TWSE_T86+TPEX_DAILY_TRADE_HIS,1612,1735,81,1483,1792,1,0,5462,-26538,3000,-53538,-10538,-10538,,156,1880,178,146
2026-08-28,GOOD,0,0,0,0,0,0,0,882,485,943,708,7,0,49000,17000,11000,-14000,28000,33000,,1011,1484,718,1231,0,964,487,968,697,7,0,64000,UNKNOWN,2026-08-28T08:30:26.820315+00:00,8000,11000,-38000,31000,36000,,927,1477,693,1240,False,TSE,三洋電,UNKNOWN,ordinary_stock,TWSE_T86+TPEX_DAILY_TRADE_HIS,1614,1002,972,835,1012,0,0,0,0,0,0,0,0,,1072,1010,926,1050
2026-08-28,GOOD,0,0,0,0,0,0,0,385,1328,465,379,0,1,74474,362900,-28000,424434,201117,218687,,1506,634,1196,1559,0,391,1304,472,398,0,1,61474,UNKNOWN,2026-08-28T08:30:26.820315+00:00,353900,-27000,407434,190117,207687,,1500,658,1189,1540,False,TSE,大山,UNKNOWN,ordinary_stock,TWSE_T86+TPEX_DAILY_TRADE_HIS,1615,1003,973,836,1013,0,0,0,0,0,0,0,0,,1073,1011,927,1051
2026-08-28,GOOD,0,0,0,0,0,0,0,380,1496,523,275,0,1,406361,368441,-70001,306926,202520,387401,,1511,466,1138,1663,0,384,1478,542,286,0,1,410102,UNKNOWN,2026-08-28T08:30:26.820315+00:00,370694,-70001,271854,205520,390398,,1507,484,1119,1652,False,TSE,億泰,UNKNOWN,ordinary_stock,TWSE_T86+TPEX_DAILY_TRADE_HIS,1616,1004,974,837,1014,0,0,0,0,0,0,0,0,,1074,1012,928,1052
2026-08-28,GOOD,0,0,0,0,0,0,0,390,364,417,364,7,0,126817,345429,33099,589283,169976,236123,,1501,1598,1244,1574,0,393,356,423,373,7,0,121978,UNKNOWN,2026-08-28T08:30:26.820315+00:00,349220,35099,563278,174461,235599,,1498,1606,1238,1565,False,TSE,榮星,UNKNOWN,ordinary_stock,TWSE_T86+TPEX_DAILY_TRADE_HIS,1617,1005,975,838,1015,0,0,0,0,0,0,0,0,,1075,1013,929,1053
2026-08-28,GOOD,0,0,0,0,0,0,0,605,1562,209,209,0,1,1223101,100329,-103178,2455720,679892,661715,,1286,400,1452,1729,0,1382,1544,231,221,0,1,1374067,UNKNOWN,2026-08-28T08:30:26.820315+00:00,-105417,-101892,2272927,651377,634325,,509,418,1430,1717,False,TSE,合機,UNKNOWN,ordinary_stock,TWSE_T86+TPEX_DAILY_TRADE_HIS,1618,1006,976,839,1016,0,0,0,0,0,0,0,0,,1076,1014,930,1054
2026-08-28,GOOD,0,0,0,0,0,0,0,1499,1090,1224,1474,0,11,89271,-270729,-5559,-341689,-16562,-90729,,392,872,437,464,0,1502,1084,1230,1463,0,11,91240,UNKNOWN,2026-08-28T08:30:26.820315+00:00,-270698,-5905,-346810,-15562,-89729,,389,878,431,475,False,TSE,大東電,UNKNOWN,ordinary_stock,TWSE_T86+TPEX_DAILY_TRADE_HIS,1623,1007,977,840,1017,0,0,0,0,0,0,0,0,,1077,1015,931,1055
2026-08-28,GOOD,0,0,0,0,0,0,0,758,1282,854,629,0,2,69000,41000,-23000,18000,51000,55000,,1133,678,807,1310,0,785,1256,868,640,0,2,71000,UNKNOWN,2026-08-28T08:30:26.820315+00:00,37000,-22000,9000,50000,54000,,1105,705,793,1299,False,TSE,艾美特-KY,UNKNOWN,ordinary_stock,TWSE_T86+TPEX_DAILY_TRADE_HIS,1626,1008,978,841,1018,0,0,0,0,0,0,0,0,,1078,1016,932,1056
2026-08-28,GOOD,0,0,0,0,0,0,0,339,520,548,460,10,0,-190145,460145,8000,262971,106000,135000,,1552,1444,1113,1478,0,342,518,557,458,10,0,-190981,UNKNOWN,2026-08-28T08:30:26.820315+00:00,472759,7981,250551,111981,140889,,1549,1444,1104,1480,False,TSE,南僑,UNKNOWN,ordinary_stock,TWSE_T86+TPEX_DAILY_TRADE_HIS,1702,1009,979,842,1019,0,0,0,0,0,0,0,0,,1079,1017,933,1057
2026-08-28,GOOD,0,0,0,0,0,0,0,1623,1749,1446,1720,0,6,-422798,-689300,-357062,-1656173,-374604,-556049,,268,213,215,218,0,1628,1742,1455,1713,0,2,-412477,UNKNOWN,2026-08-28T08:30:26.820315+00:00,-678883,-356221,-1674272,-363057,-545680,,263,220,206,225,False,TSE,葡萄王,UNKNOWN,ordinary_stock,TWSE_T86+TPEX_DAILY_TRADE_HIS,1707,201,89,843,166,1,0,1000,1000,1000,0,1000,1000,,1686,1873,934,1754
2026-08-28,GOOD,0,0,0,0,0,0,0,1779,1643,1507,449,0,1,3348635,-3056871,-168089,-2647853,1182047,145882,,112,319,154,1489,0,1783,1561,1502,401,0,1,3327050,UNKNOWN,2026-08-28T08:30:26.820315+00:00,-2914670,-112379,-2523728,1209307,206190,,108,401,159,1537,False,TSE,東鹼,UNKNOWN,ordinary_stock,TWSE_T86+TPEX_DAILY_TRADE_HIS,1708,1700,980,1462,1765,0,0,0,-8000,0,-25000,-4000,-4000,,190,1018,198,170
2026-08-28,GOOD,0,0,0,0,0,0,0,121,20,125,1900,1,0,-12080695,3218231,5778128,6203256,-3317658,-4431232,,1770,1942,1536,38,0,117,23,124,1898,1,0,-12001358,UNKNOWN,2026-08-28T08:30:26.820315+00:00,3503260,5929330,6247406,-3123505,-4249049,,1774,1939,1537,40,False,TSE,和益,UNKNOWN,ordinary_stock,TWSE_T86+TPEX_DAILY_TRADE_HIS,1709,1010,981,844,1020,0,0,0,0,0,0,0,0,,1080,1019,935,1058
2026-08-28,GOOD,0,0,0,0,0,0,0,94,164,101,169,2,0,-2613339,4643957,297066,7957812,1643072,1015309,,1797,1798,1560,1769,0,98,167,105,185,2,0,-2621676,UNKNOWN,2026-08-28T08:30:26.820315+00:00,4664690,279355,7736204,1622303,1021507,,1793,1795,1556,1753,False,TSE,東聯,UNKNOWN,ordinary_stock,TWSE_T86+TPEX_DAILY_TRADE_HIS,1710,1011,982,845,1021,0,0,0,0,0,0,0,0,,1081,1020,936,1059
2026-08-28,GOOD,0,0,0,0,0,0,0,85,41,170,88,1,0,991717,4979351,2562621,3478951,3372745,2985534,,1806,1921,1491,1850,0,89,45,169,84,1,0,1268629,UNKNOWN,2026-08-28T08:30:26.820315+00:00,5209331,2486926,4001359,3586433,3238980,,1802,1917,1492,1854,False,TSE,永光,UNKNOWN,ordinary_stock,TWSE_T86+TPEX_DAILY_TRADE_HIS,1711,1012,983,846,1022,0,0,0,0,0,0,0,0,,1082,1021,937,1060
2026-08-28,GOOD,0,0,0,0,0,0,0,1285,1535,1473,465,0,1,305799,-45005,-86400,-1959875,-187179,130397,,606,427,188,1473,0,714,1527,1461,466,0,1,218293,UNKNOWN,2026-08-28T08:30:26.820315+00:00,50915,-90303,-1814887,-229710,134604,,1177,435,200,1472,False,TSE,興農,UNKNOWN,ordinary_stock,TWSE_T86+TPEX_DAILY_TRADE_HIS,1712,182,82,1416,135,2,0,5000,3000,3000,-9112,4000,4000,,1706,1881,245,1802
2026-08-28,GOOD,0,0,0,0,0,0,0,1534,1355,1371,1517,0,2,118068,-355848,-32968,-881286,-35890,-118890,,357,607,290,421,0,1584,1339,1403,1505,0,2,271068,UNKNOWN,2026-08-28T08:30:26.820315+00:00,-500848,-32968,-1080312,-33890,-114890,,307,623,258,433,False,TSE,國化,UNKNOWN,ordinary_stock,TWSE_T86+TPEX_DAILY_TRADE_HIS,1713,1013,984,847,1023,0,0,0,0,0,0,0,0,,1083,1022,938,1061
2026-08-28,GOOD,0,0,0,0,0,0,0,52,69,1623,114,3,0,-5387576,9651612,1307910,-15836306,2880536,2132018,,1839,1893,38,1824,0,52,67,1620,125,3,0,-5631603,UNKNOWN,2026-08-28T08:30:26.820315+00:00,9496213,1344303,-13824174,2983652,1932305,,1839,1895,41,1813,False,TSE,和桐,UNKNOWN,ordinary_stock,TWSE_T86+TPEX_DAILY_TRADE_HIS,1714,1747,985,83,1808,0,0,-1000,-35000,0,1687000,-18000,-18000,,144,1023,1578,130
2026-08-28,GOOD,0,0,0,0,0,0,0,42,43,30,27,2,0,13867374,11490676,2353676,37859193,12883750,12679025,,1849,1919,1631,1911,0,36,26,30,21,2,0,18065302,UNKNOWN,2026-08-28T08:30:26.820315+00:00,15214082,4789213,44579229,16831441,16639692,,1855,1936,1631,1917,False,TSE,長興,UNKNOWN,ordinary_stock,TWSE_T86+TPEX_DAILY_TRADE_HIS,1717,49,3,43,19,3,0,2218914,2185086,2200000,4514419,2202000,2202000,,1842,1959,1618,1919
2026-08-28,GOOD,0,0,0,0,0,0,0,63,94,1642,102,3,0,-2881013,7703931,761349,-35652013,5600930,2411459,,1828,1868,19,1836,0,66,96,1642,103,3,0,-2928967,UNKNOWN,2026-08-28T08:30:26.820315+00:00,7676913,738349,-35778342,5521623,2373973,,1825,1866,19,1835,False,TSE,中纖,UNKNOWN,ordinary_stock,TWSE_T86+TPEX_DAILY_TRADE_HIS,1718,1749,986,1513,1813,0,0,-3000,-37000,0,-115000,-20000,-20000,,142,1024,148,125
2026-08-28,GOOD,0,0,0,0,0,0,0,1217,1603,1295,1525,0,3,-231693,-23693,-132000,-507401,-218693,-127693,,674,359,366,413,0,1149,1589,1288,1516,0,3,-231797,UNKNOWN,2026-08-28T08:30:26.820315+00:00,-11381,-132573,-527321,-241551,-121589,,742,373,373,422,False,TSE,生達,UNKNOWN,ordinary_stock,TWSE_T86+TPEX_DAILY_TRADE_HIS,1720,1623,987,1340,1024,0,0,1000,-1000,0,-1000,0,0,,248,1025,306,1062
2026-08-28,GOOD,0,0,0,0,0,0,0,637,212,399,321,1,0,505435,85269,154891,686890,298561,295352,,1254,1750,1262,1617,0,647,215,407,328,1,0,508435,UNKNOWN,2026-08-28T08:30:26.820315+00:00,86269,152891,645890,300561,297352,,1244,1747,1254,1610,False,TSE,三晃,UNKNOWN,ordinary_stock,TWSE_T86+TPEX_DAILY_TRADE_HIS,1721,1014,988,848,1025,0,0,0,0,0,0,0,0,,1084,1026,939,1063
2026-08-28,GOOD,0,0,0,0,0,0,0,1753,339,1567,1870,1,0,-3441067,-2042573,40000,-5431081,-136204,-2741820,,138,1622,94,68,0,1763,347,1558,1877,1,0,-3365532,UNKNOWN,2026-08-28T08:30:26.820315+00:00,-2162662,37315,-4886556,-132497,-2764097,,128,1615,103,61,False,TSE,台肥,UNKNOWN,ordinary_stock,TWSE_T86+TPEX_DAILY_TRADE_HIS,1722,1762,78,1491,128,3,0,79000,-65000,4000,-67963,7000,7000,,128,1885,170,1810
2026-08-28,GOOD,0,0,0,0,0,0,0,186,1628,253,1423,0,2,-1694350,1578180,-148359,1752299,-92504,-58085,,1705,334,1408,515,0,185,1623,256,1421,0,2,-1769556,UNKNOWN,2026-08-28T08:30:26.820315+00:00,1644474,-155458,1792251,-86554,-62541,,1706,339,1405,517,False,TSE,中碳,UNKNOWN,ordinary_stock,TWSE_T86+TPEX_DAILY_TRADE_HIS,1723,1015,989,1402,1026,0,0,0,0,0,-5000,0,0,,1085,1027,259,1064
2026-08-28,GOOD,0,0,0,0,0,0,0,621,611,659,594,7,0,35000,95000,3000,132000,55000,65000,,1269,1352,1002,1343,0,623,632,661,595,7,0,38000,UNKNOWN,2026-08-28T08:30:26.820315+00:00,98000,2000,125649,59000,68000,,1268,1324,1000,1343,False,TSE,元禎,UNKNOWN,ordinary_stock,TWSE_T86+TPEX_DAILY_TRADE_HIS,1725,1016,990,849,1027,0,0,0,0,0,0,0,0,,1086,1028,940,1065
2026-08-28,GOOD,0,0,0,0,0,0,0,1301,1063,1080,1280,0,2,24959,-53663,-4237,-97713,-11237,-14352,,590,899,581,658,0,1302,1046,1078,1272,0,2,23959,UNKNOWN,2026-08-28T08:30:26.820315+00:00,-52663,-4237,-109713,-11237,-14352,,589,916,583,666,False,TSE,永記,UNKNOWN,ordinary_stock,TWSE_T86+TPEX_DAILY_TRADE_HIS,1726,1017,991,850,1028,0,0,0,0,0,0,0,0,,1087,1029,941,1066
2026-08-28,GOOD,0,0,0,0,0,0,0,76,36,114,66,4,0,3529214,6225318,2942134,6936158,4884606,4877266,,1815,1926,1547,1872,0,72,37,110,66,4,0,3314933,UNKNOWN,2026-08-28T08:30:26.820315+00:00,6651841,3002528,7383834,4971830,4983387,,1819,1925,1551,1872,False,TSE,中華化,UNKNOWN,ordinary_stock,TWSE_T86+TPEX_DAILY_TRADE_HIS,1727,1018,992,851,1029,0,0,0,0,0,0,0,0,,1088,1030,942,1067
2026-08-28,GOOD,0,0,0,0,0,,0,731,1016,,664,0,1,45000,47000,-3000,,26000,46000,,1161,955,,1276,0,737,998,,675,0,1,39000,UNKNOWN,2026-08-28T08:30:26.820315+00:00,47000,-3000,,20000,43000,,1153,966,,1263,False,TSE,花仙子,UNKNOWN,ordinary_stock,TWSE_T86+TPEX_DAILY_TRADE_HIS,1730,1019,993,,1030,0,0,0,0,0,,0,0,,1089,1031,,1068
2026-08-28,GOOD,0,0,0,0,0,0,0,745,901,823,1361,0,2,-112473,44007,-1000,28007,-12100,-34233,,1146,1084,838,577,0,728,886,872,1368,0,2,-132473,UNKNOWN,2026-08-28T08:30:26.820315+00:00,48007,-1000,7007,-20100,-42233,,1163,1092,789,570,False,TSE,美吾華,UNKNOWN,ordinary_stock,TWSE_T86+TPEX_DAILY_TRADE_HIS,1731,1020,994,852,1031,0,0,0,0,0,0,0,0,,1090,1032,943,1069
2026-08-28,GOOD,0,0,0,0,0,0,0,792,1307,1070,709,0,2,33000,33000,-25000,-89335,-14000,33000,,1099,656,591,1232,0,798,1283,1091,711,0,2,34000,UNKNOWN,2026-08-28T08:30:26.820315+00:00,32000,-25000,-122335,-14000,33000,,1093,677,570,1225,False,TSE,毛寶,UNKNOWN,ordinary_stock,TWSE_T86+TPEX_DAILY_TRADE_HIS,1732,1021,995,853,1032,0,0,0,0,0,0,0,0,,1091,1033,944,1070
2026-08-28,GOOD,0,0,0,0,0,0,0,966,1436,1157,1399,0,1,-102111,6529,-51709,-201187,40307,-47791,,925,526,504,539,0,1005,1418,1185,1390,0,1,-103111,UNKNOWN,2026-08-28T08:30:26.820315+00:00,3529,-51709,-260187,41307,-49791,,886,544,476,548,False,TSE,五鼎,UNKNOWN,ordinary_stock,TWSE_T86+TPEX_DAILY_TRADE_HIS,1733,1022,996,854,1033,0,0,0,0,0,0,0,0,,1092,1034,945,1071
2026-08-28,GOOD,0,0,0,0,0,0,0,407,1485,1220,1521,0,2,-556060,310282,-66503,-334197,-65679,-122889,,1484,477,441,417,0,425,1519,1234,1534,0,2,-574060,UNKNOWN,2026-08-28T08:30:26.820315+00:00,296282,-86503,-356197,-81679,-138889,,1466,443,427,404,False,TSE,杏輝,UNKNOWN,ordinary_stock,TWSE_T86+TPEX_DAILY_TRADE_HIS,1734,1023,997,855,1034,0,0,0,0,0,0,0,0,,1093,1035,946,1072
2026-08-28,GOOD,0,0,0,0,0,0,0,517,417,550,491,4,0,65000,169000,21000,261190,108000,117000,,1374,1546,1111,1447,0,548,455,550,519,4,0,58854,UNKNOWN,2026-08-28T08:30:26.820315+00:00,139994,15000,258702,90482,99424,,1343,1507,1111,1419,False,TSE,日勝化,UNKNOWN,ordinary_stock,TWSE_T86+TPEX_DAILY_TRADE_HIS,1735,1024,998,856,1035,0,0,0,0,0,0,0,0,,1094,1036,947,1073
2026-08-28,GOOD,0,0,0,0,0,0,0,495,1182,220,1602,0,1,-633717,194679,-11612,2215950,-30519,-219519,,1396,780,1441,336,0,793,1178,212,1581,0,1,-444717,UNKNOWN,2026-08-28T08:30:26.820315+00:00,33679,-12612,2591585,-26519,-205519,,1098,784,1449,357,False,TSE,喬山,UNKNOWN,ordinary_stock,TWSE_T86+TPEX_DAILY_TRADE_HIS,1736,1790,999,128,1036,0,0,193000,-193000,0,368252,0,0,,101,1037,1533,1074
2026-08-28,GOOD,0,0,0,0,0,0,0,1633,1590,1420,1749,0,6,-617765,-728235,-123000,-1295357,-262000,-673000,,258,372,241,189,0,1633,1578,1383,1747,0,6,-644765,UNKNOWN,2026-08-28T08:30:26.820315+00:00,-697235,-123000,-995357,-260000,-671000,,258,384,278,191,False,TSE,臺鹽,UNKNOWN,ordinary_stock,TWSE_T86+TPEX_DAILY_TRADE_HIS,1737,1025,1000,857,1037,0,0,0,0,0,0,0,0,,1095,1038,948,1075
2026-08-28,GOOD,0,0,0,0,0,0,0,708,508,717,727,1,0,6263,52263,9000,86263,19000,29263,,1183,1460,944,1211,0,752,510,709,770,1,0,-1737,UNKNOWN,2026-08-28T08:30:26.820315+00:00,44263,9000,80263,11000,21263,,1139,1455,952,1168,False,TSE,南光,UNKNOWN,ordinary_stock,TWSE_T86+TPEX_DAILY_TRADE_HIS,1752,1026,1001,858,1038,0,0,0,0,0,0,0,0,,1096,1039,949,1076
2026-08-28,GOOD,0,0,0,0,0,0,0,946,1202,1079,1035,0,1,-7885,9917,-13000,-95751,28000,1016,,945,760,582,903,0,949,1182,1066,1014,0,1,-5885,UNKNOWN,2026-08-28T08:30:26.820315+00:00,9917,-13000,-98751,29000,2016,,942,778,595,924,False,TSE,寶齡富錦,UNKNOWN,ordinary_stock,TWSE_T86+TPEX_DAILY_TRADE_HIS,1760,1027,1002,859,1039,0,0,0,0,0,0,0,0,,1097,1040,950,1077
2026-08-28,GOOD,0,0,0,0,0,0,0,561,1283,533,1479,0,2,-319257,131021,-23000,286950,-45000,-94118,,1330,679,1128,459,0,547,1257,563,1460,0,2,-314257,UNKNOWN,2026-08-28T08:30:26.820315+00:00,140021,-22000,241110,-38000,-87118,,1344,706,1098,478,False,TSE,中化生,UNKNOWN,ordinary_stock,TWSE_T86+TPEX_DAILY_TRADE_HIS,1762,1028,1003,860,1040,0,0,0,0,0,0,0,0,,1098,1041,951,1078
2026-08-28,GOOD,0,0,0,0,0,0,0,841,1411,462,1370,0,1,-99296,23330,-45091,428142,46375,-37983,,1050,551,1199,568,0,1432,1398,1338,1262,0,1,131242,UNKNOWN,2026-08-28T08:30:26.820315+00:00,-158744,-45776,-673018,68941,-13751,,459,564,323,676,False,TSE,勝一,UNKNOWN,ordinary_stock,TWSE_T86+TPEX_DAILY_TRADE_HIS,1773,1796,1004,1599,1041,0,0,223000,-223000,0,-1139017,0,0,,95,1042,62,1079
2026-08-28,GOOD,0,0,0,0,0,0,0,1155,612,675,1302,2,0,-21000,-13000,3000,122000,6000,-17000,,735,1353,986,639,0,1185,887,712,1299,0,1,-23000,UNKNOWN,2026-08-28T08:30:26.820315+00:00,-17000,-1000,78000,3000,-20000,,705,1093,949,639,False,TSE,展宇,UNKNOWN,ordinary_stock,TWSE_T86+TPEX_DAILY_TRADE_HIS,1776,1029,1005,861,1042,0,0,0,0,0,0,0,0,,1099,1043,952,1080
2026-08-28,GOOD,0,0,0,0,0,0,0,1168,1101,1084,931,0,1,28086,-14086,-6000,-100822,18000,7000,,723,859,577,1009,0,759,1088,889,954,0,1,-32914,UNKNOWN,2026-08-28T08:30:26.820315+00:00,42914,-6000,1178,15000,5000,,1132,870,772,985,False,TSE,和康生,UNKNOWN,ordinary_stock,TWSE_T86+TPEX_DAILY_TRADE_HIS,1783,1030,1006,862,1043,0,0,0,0,0,0,0,0,,1100,1044,953,1081
2026-08-28,GOOD,0,0,0,0,0,0,0,486,1531,467,1482,0,1,-394076,202134,-85000,422205,-56000,-95971,,1405,429,1194,456,0,572,1514,499,1473,0,1,-324274,UNKNOWN,2026-08-28T08:30:26.820315+00:00,131990,-85007,352242,-54465,-96142,,1319,448,1162,465,False,TSE,科妍,UNKNOWN,ordinary_stock,TWSE_T86+TPEX_DAILY_TRADE_HIS,1786,1031,1007,863,1044,0,0,0,0,0,0,0,0,,1101,1045,954,1082
2026-08-28,GOOD,0,0,0,0,0,0,0,347,458,1268,692,4,0,-360826,435798,13913,-446005,137471,37486,,1544,1504,393,1246,0,332,389,1281,591,4,0,-358826,UNKNOWN,2026-08-28T08:30:26.820315+00:00,495798,25913,-498976,163471,68486,,1559,1573,380,1347,False,TSE,神隆,UNKNOWN,ordinary_stock,TWSE_T86+TPEX_DAILY_TRADE_HIS,1789,1032,1008,864,1045,0,0,0,0,0,0,0,0,,1102,1046,955,1083
2026-08-28,GOOD,0,0,0,0,0,0,0,224,1482,196,1684,0,2,-2024702,1143760,-65843,2766786,-118766,-440471,,1667,480,1465,254,0,231,1406,217,1728,0,2,-2309034,UNKNOWN,2026-08-28T08:30:26.820315+00:00,1098298,-47925,2502991,-178803,-605368,,1660,556,1444,210,False,TSE,美時,UNKNOWN,ordinary_stock,TWSE_T86+TPEX_DAILY_TRADE_HIS,1795,1647,1009,1524,1046,0,0,2000,-2000,0,-155119,0,0,,235,1047,137,1084
2026-08-28,GOOD,0,0,0,0,0,0,0,24,10,37,9,1,0,23562851,24093685,11554188,29938079,21254178,23828268,,1867,1952,1624,1929,0,23,10,39,9,1,0,26682901,UNKNOWN,2026-08-28T08:30:26.820315+00:00,24467539,13336980,31749924,23408942,25575220,,1868,1952,1622,1929,False,TSE,台玻,UNKNOWN,ordinary_stock,TWSE_T86+TPEX_DAILY_TRADE_HIS,1802,1812,1010,1546,1876,0,0,-221000,-329000,0,-325944,82000,-275000,,79,1048,115,62
2026-08-28,GOOD,0,0,0,0,0,0,0,601,743,681,622,9,0,9412,103412,100,118412,39412,56412,,1290,1219,980,1316,0,607,748,686,620,9,0,10412,UNKNOWN,2026-08-28T08:30:26.820315+00:00,106412,100,94412,41412,58412,,1284,1214,975,1318,False,TSE,寶徠,UNKNOWN,ordinary_stock,TWSE_T86+TPEX_DAILY_TRADE_HIS,1805,1033,1011,865,1047,0,0,0,0,0,0,0,0,,1103,1049,956,1085
2026-08-28,GOOD,0,0,0,0,0,0,0,413,422,587,407,7,0,80819,300819,19551,200819,61286,190819,,1478,1540,1074,1531,0,406,424,607,410,7,0,71819,UNKNOWN,2026-08-28T08:30:26.820315+00:00,319819,19551,181819,65286,195819,,1485,1538,1054,1528,False,TSE,冠軍,UNKNOWN,ordinary_stock,TWSE_T86+TPEX_DAILY_TRADE_HIS,1806,1034,1012,866,1048,0,0,0,0,0,0,0,0,,1104,1050,957,1086
2026-08-28,GOOD,0,0,0,0,0,0,0,190,1858,401,1887,0,1,-8819905,1458673,-952574,658764,-2061881,-3680616,,1701,104,1260,51,0,173,1848,317,1886,0,1,-9012193,UNKNOWN,2026-08-28T08:30:26.820315+00:00,1921193,-951574,1220322,-1905361,-3545500,,1718,114,1344,52,False,TSE,潤隆,UNKNOWN,ordinary_stock,TWSE_T86+TPEX_DAILY_TRADE_HIS,1808,1035,1013,1436,1049,0,0,0,0,0,-13962,0,0,,1105,1051,225,1087
2026-08-28,GOOD,0,0,0,0,0,0,0,325,163,1469,438,2,0,-196657,502129,300090,-1919141,206683,152736,,1566,1799,192,1500,0,330,161,1473,445,2,0,-197279,UNKNOWN,2026-08-28T08:30:26.820315+00:00,503307,298124,-1923705,207447,153014,,1561,1801,188,1493,False,TSE,中釉,UNKNOWN,ordinary_stock,TWSE_T86+TPEX_DAILY_TRADE_HIS,1809,1036,1014,867,1050,0,0,0,0,0,0,0,0,,1106,1052,958,1088
2026-08-28,GOOD,0,0,0,0,0,0,0,1850,1904,1602,1830,0,1,6293134,-9650046,-1690143,-10295245,-1301469,-1678456,,41,58,59,108,0,1850,1900,1608,1831,0,1,6312637,UNKNOWN,2026-08-28T08:30:26.820315+00:00,-9624571,-1688877,-10361746,-1282596,-1655967,,41,62,53,107,False,TSE,和成,UNKNOWN,ordinary_stock,TWSE_T86+TPEX_DAILY_TRADE_HIS,1810,1037,1015,1454,1051,0,0,0,0,0,-19850,0,0,,1107,1053,207,1089
2026-08-28,GOOD,0,0,0,0,0,0,0,628,646,690,652,7,0,6000,92000,2000,106000,47000,49000,,1263,1322,971,1285,0,628,565,678,658,7,0,1037,UNKNOWN,2026-08-28T08:30:26.820315+00:00,96291,5000,106893,46664,48664,,1263,1404,983,1280,False,TSE,凱撒衛,UNKNOWN,ordinary_stock,TWSE_T86+TPEX_DAILY_TRADE_HIS,1817,1038,1016,868,1052,0,0,0,0,0,0,0,0,,1108,1054,959,1090
2026-08-28,GOOD,0,0,0,0,0,0,0,354,1284,484,672,0,1,-333010,421010,-23000,388175,41000,44000,,1537,680,1177,1266,0,363,1264,488,667,0,1,-332385,UNKNOWN,2026-08-28T08:30:26.820315+00:00,422807,-23000,375495,43211,45211,,1528,696,1173,1271,False,TSE,士紙,UNKNOWN,ordinary_stock,TWSE_T86+TPEX_DAILY_TRADE_HIS,1903,1039,1017,869,1053,0,0,0,0,0,0,0,0,,1109,1055,960,1091
2026-08-28,GOOD,0,0,0,0,0,0,0,84,1677,53,164,0,1,-2849633,5035857,-203114,18260930,780149,1093112,,1807,285,1608,1774,0,91,1664,51,176,0,1,-2885711,UNKNOWN,2026-08-28T08:30:26.820315+00:00,5147447,-202133,18487442,813130,1130868,,1800,298,1610,1762,False,TSE,正隆,UNKNOWN,ordinary_stock,TWSE_T86+TPEX_DAILY_TRADE_HIS,1904,191,1018,197,146,0,0,2000,2000,0,11688,2000,2000,,1699,1056,1464,1783
2026-08-28,GOOD,0,0,0,0,0,0,0,256,1654,232,1220,0,1,-856379,842019,-175691,2022050,509722,-7180,,1635,308,1429,718,0,236,1663,235,521,0,1,-875355,UNKNOWN,2026-08-28T08:30:26.820315+00:00,1074027,-201816,2123538,653705,99336,,1655,299,1426,1417,False,TSE,華紙,UNKNOWN,ordinary_stock,TWSE_T86+TPEX_DAILY_TRADE_HIS,1905,1040,1019,870,1054,0,0,0,0,0,0,0,0,,1110,1057,961,1092
2026-08-28,GOOD,0,0,0,0,0,0,0,635,788,588,912,0,0,-69777,87571,0,200591,-3096,8897,,1256,1173,1073,1026,0,644,688,575,982,2,0,-80777,UNKNOWN,2026-08-28T08:30:26.820315+00:00,88571,1000,223591,-2096,3897,,1247,1265,1086,956,False,TSE,寶隆,UNKNOWN,ordinary_stock,TWSE_T86+TPEX_DAILY_TRADE_HIS,1906,1041,1020,871,1055,0,0,0,0,0,0,0,0,,1111,1058,962,1093
2026-08-28,GOOD,0,0,0,0,0,0,0,158,1797,137,1692,0,1,-3206702,2269712,-551353,5133662,-484516,-468495,,1733,165,1524,246,0,154,1789,133,1659,0,1,-3167502,UNKNOWN,2026-08-28T08:30:26.820315+00:00,2450912,-544353,5755840,-420516,-358295,,1737,173,1528,279,False,TSE,永豐餘,UNKNOWN,ordinary_stock,TWSE_T86+TPEX_DAILY_TRADE_HIS,1907,192,1021,108,147,0,0,2000,2000,0,637978,2000,2000,,1700,1059,1553,1784
2026-08-28,GOOD,0,0,0,0,0,,0,61,168,,440,1,0,-7521055,7824751,277110,,661993,151848,,1830,1794,,1498,0,63,154,,338,1,0,-7386693,UNKNOWN,2026-08-28T08:30:26.820315+00:00,7959445,327110,,712993,286376,,1828,1808,,1600,False,TSE,榮成,UNKNOWN,ordinary_stock,TWSE_T86+TPEX_DAILY_TRADE_HIS,1909,1042,1022,,1056,0,0,0,0,0,,0,0,,1112,1060,,1094
2026-08-28,GOOD,0,0,0,0,0,0,0,27,1955,10,1931,0,2,-50568520,22371394,-11410047,109975225,-6133880,-14098563,,1864,7,1651,7,0,31,1955,16,1932,0,2,-54512006,UNKNOWN,2026-08-28T08:30:26.820315+00:00,20659416,-11443394,105475086,-6532695,-16926295,,1860,7,1645,6,False,TSE,中鋼,UNKNOWN,ordinary_stock,TWSE_T86+TPEX_DAILY_TRADE_HIS,2002,1776,1023,1527,1809,0,0,82000,-120000,0,-163399,-4000,-19000,,114,1061,134,128
2026-08-28,GOOD,0,0,0,0,0,0,0,1683,1386,66,1757,0,2,-383773,-1045727,-39865,13833465,66303,-714750,,208,576,1595,181,0,1621,1420,66,1760,0,2,-819742,UNKNOWN,2026-08-28T08:30:26.820315+00:00,-630340,-51817,13932611,-13574,-725041,,270,542,1595,178,False,TSE,東和鋼鐵,UNKNOWN,ordinary_stock,TWSE_T86+TPEX_DAILY_TRADE_HIS,2006,102,90,150,1806,1,0,-410247,377753,1000,200021,-16247,-16247,,1789,1874,1511,132
2026-08-28,GOOD,0,0,0,0,0,0,0,515,789,647,544,0,0,1000,171000,0,142000,53000,86000,,1377,1174,1014,1394,0,508,775,657,532,0,0,4000,UNKNOWN,2026-08-28T08:30:26.820315+00:00,182000,0,127000,60000,93000,,1383,1178,1004,1406,False,TSE,燁興,UNKNOWN,ordinary_stock,TWSE_T86+TPEX_DAILY_TRADE_HIS,2007,1043,1024,872,1057,0,0,0,0,0,0,0,0,,1113,1062,963,1095
2026-08-28,GOOD,0,0,0,0,0,0,0,1071,590,800,932,3,0,16000,-2000,4000,37000,13000,7000,,824,1378,861,1010,0,1012,585,814,884,3,0,17000,UNKNOWN,2026-08-28T08:30:26.820315+00:00,3000,4000,27000,16000,10000,,878,1380,847,1055,False,TSE,高興昌,UNKNOWN,ordinary_stock,TWSE_T86+TPEX_DAILY_TRADE_HIS,2008,1044,1025,873,1058,0,0,0,0,0,0,0,0,,1114,1063,964,1096
2026-08-28,GOOD,0,0,0,0,0,0,0,104,454,77,77,1,0,3320898,4015716,14553,11109851,1607724,3668307,,1787,1508,1584,1861,0,109,1622,79,79,0,2,3552575,UNKNOWN,2026-08-28T08:30:26.820315+00:00,3926285,-155367,11174994,1673019,3739430,,1782,340,1582,1859,False,TSE,第一銅,UNKNOWN,ordinary_stock,TWSE_T86+TPEX_DAILY_TRADE_HIS,2009,1045,1026,874,1059,0,0,0,0,0,0,0,0,,1115,1064,965,1097
2026-08-28,GOOD,0,0,0,0,0,0,0,187,1693,128,257,0,1,-657468,1539666,-226000,5815400,389883,441099,,1704,269,1533,1681,0,187,1675,135,282,0,1,-736385,UNKNOWN,2026-08-28T08:30:26.820315+00:00,1552583,-220000,5668126,323883,408099,,1704,287,1526,1656,False,TSE,春源,UNKNOWN,ordinary_stock,TWSE_T86+TPEX_DAILY_TRADE_HIS,2010,1648,1027,1369,1060,0,0,2000,-2000,0,-2000,0,0,,236,1065,288,1098
2026-08-28,GOOD,0,0,0,0,0,0,0,663,974,805,691,0,1,5000,71000,-2000,34000,26000,38000,,1229,1004,857,1248,0,677,1089,861,692,0,1,6000,UNKNOWN,2026-08-28T08:30:26.820315+00:00,70000,-6000,12000,27000,38000,,1214,871,800,1246,False,TSE,春雨,UNKNOWN,ordinary_stock,TWSE_T86+TPEX_DAILY_TRADE_HIS,2012,1046,1028,875,1061,0,0,0,0,0,0,0,0,,1116,1066,966,1099
2026-08-28,GOOD,0,0,0,0,0,0,0,522,647,791,590,4,0,-29484,163434,2000,41731,46975,66975,,1369,1323,870,1348,0,525,511,820,610,4,0,-37842,UNKNOWN,2026-08-28T08:30:26.820315+00:00,161844,9000,24589,41883,62001,,1366,1456,841,1328,False,TSE,中鋼構,UNKNOWN,ordinary_stock,TWSE_T86+TPEX_DAILY_TRADE_HIS,2013,1047,1029,876,1062,0,0,0,0,0,0,0,0,,1117,1067,967,1100
2026-08-28,GOOD,0,0,0,0,0,0,0,152,1812,78,1620,0,2,-2946963,2447379,-625000,10904003,-460587,-249792,,1739,150,1583,318,0,152,1807,80,1600,0,2,-2931963,UNKNOWN,2026-08-28T08:30:26.820315+00:00,2480379,-625000,10790598,-438587,-225792,,1739,155,1581,338,False,TSE,中鴻,UNKNOWN,ordinary_stock,TWSE_T86+TPEX_DAILY_TRADE_HIS,2014,1048,1030,217,1063,0,0,0,0,0,3595,0,0,,1118,1068,1444,1101
2026-08-28,GOOD,0,0,0,0,0,0,0,376,1546,1170,471,0,1,-125434,379844,-93501,-222019,98322,127205,,1515,416,491,1467,0,379,1533,1105,483,0,1,-140434,UNKNOWN,2026-08-28T08:30:26.820315+00:00,384844,-93501,-138467,100322,122205,,1512,429,556,1455,False,TSE,豐興,UNKNOWN,ordinary_stock,TWSE_T86+TPEX_DAILY_TRADE_HIS,2015,1624,1031,165,1064,0,0,1000,-1000,0,114687,0,0,,249,1069,1496,1102
2026-08-28,GOOD,0,0,0,0,0,0,0,1648,190,1336,1787,1,0,-1285452,-821592,213855,-656304,-838972,-1053522,,243,1772,325,151,0,1651,199,1332,1788,1,0,-1314452,UNKNOWN,2026-08-28T08:30:26.820315+00:00,-776592,184855,-650304,-830972,-1045522,,240,1763,329,150,False,TSE,官田鋼,UNKNOWN,ordinary_stock,TWSE_T86+TPEX_DAILY_TRADE_HIS,2017,1049,1032,877,1065,0,0,0,0,0,0,0,0,,1119,1070,968,1103
2026-08-28,GOOD,0,0,0,0,0,0,0,286,662,447,375,8,0,-212787,663749,1481,469549,127481,225481,,1605,1300,1214,1563,0,294,656,479,386,8,0,-209787,UNKNOWN,2026-08-28T08:30:26.820315+00:00,642749,1481,393286,117481,216481,,1597,1306,1182,1552,False,TSE,美亞,UNKNOWN,ordinary_stock,TWSE_T86+TPEX_DAILY_TRADE_HIS,2020,1050,1033,878,1066,0,0,0,0,0,0,0,0,,1120,1071,969,1104
2026-08-28,GOOD,0,0,0,0,0,0,0,334,1394,1008,1527,0,4,-737712,477756,-40927,-50504,-124451,-129978,,1557,568,653,411,0,356,1377,1062,1562,0,4,-789712,UNKNOWN,2026-08-28T08:30:26.820315+00:00,429756,-40927,-96504,-171451,-179978,,1535,585,599,376,False,TSE,聚亨,UNKNOWN,ordinary_stock,TWSE_T86+TPEX_DAILY_TRADE_HIS,2022,1051,1034,879,1067,0,0,0,0,0,0,0,0,,1121,1072,970,1105
2026-08-28,GOOD,0,0,0,0,0,0,0,269,1839,544,1774,0,1,-2494423,771553,-778331,268473,-763275,-861435,,1622,123,1117,164,0,273,1834,892,1771,0,3,-2514423,UNKNOWN,2026-08-28T08:30:26.820315+00:00,753553,-799331,747,-902275,-880435,,1618,128,769,167,False,TSE,燁輝,UNKNOWN,ordinary_stock,TWSE_T86+TPEX_DAILY_TRADE_HIS,2023,193,1035,189,148,0,0,2000,2000,0,17657,2000,2000,,1701,1073,1472,1785
2026-08-28,GOOD,0,0,0,0,0,,0,996,1017,,1049,0,1,-1999,3999,-3000,,0,1000,,895,956,,892,0,1016,999,,1097,0,2,-4999,UNKNOWN,2026-08-28T08:30:26.820315+00:00,2999,-3000,,-2000,-1000,,875,967,,843,False,TSE,志聯,UNKNOWN,ordinary_stock,TWSE_T86+TPEX_DAILY_TRADE_HIS,2024,1052,1036,,1068,0,0,0,0,0,,0,0,,1122,1074,,1106
2026-08-28,GOOD,0,0,0,0,0,0,0,236,394,359,256,1,0,-120369,1016041,24839,867502,493843,447836,,1655,1568,1302,1682,0,242,407,386,266,1,0,-122369,UNKNOWN,2026-08-28T08:30:26.820315+00:00,1016041,22839,777502,493843,446836,,1649,1555,1275,1672,False,TSE,千興,UNKNOWN,ordinary_stock,TWSE_T86+TPEX_DAILY_TRADE_HIS,2025,1053,1037,880,1069,0,0,0,0,0,0,0,0,,1123,1075,971,1107
2026-08-28,GOOD,0,0,0,0,0,0,0,19,1913,12,1832,0,2,-35908228,32510664,-2080208,101511526,-3830698,-1698782,,1872,49,1649,106,0,30,1910,22,1872,0,2,-25836697,UNKNOWN,2026-08-28T08:30:26.820315+00:00,20852635,-2218709,70214837,-4736062,-2492031,,1861,52,1639,66,False,TSE,大成鋼,UNKNOWN,ordinary_stock,TWSE_T86+TPEX_DAILY_TRADE_HIS,2027,1883,1038,1658,1824,0,0,8566830,-8625170,0,-25086034,-2000,-29170,,8,1076,3,114
2026-08-28,GOOD,0,0,0,0,0,0,0,747,1102,594,574,0,1,98000,44000,-6000,197000,49000,71000,,1145,860,1067,1364,0,697,1124,599,538,0,1,121000,UNKNOWN,2026-08-28T08:30:26.820315+00:00,59000,-8000,194000,56000,90000,,1194,841,1062,1400,False,TSE,威致,UNKNOWN,ordinary_stock,TWSE_T86+TPEX_DAILY_TRADE_HIS,2028,1054,1039,881,1070,0,0,0,0,0,0,0,0,,1124,1077,972,1108
2026-08-28,GOOD,0,0,0,0,0,0,0,243,412,312,344,1,0,-451901,978367,21579,1218248,92927,263233,,1648,1550,1349,1594,0,243,408,322,339,1,0,-441901,UNKNOWN,2026-08-28T08:30:26.820315+00:00,1014367,22579,1203246,69927,286233,,1648,1554,1339,1599,False,TSE,盛餘,UNKNOWN,ordinary_stock,TWSE_T86+TPEX_DAILY_TRADE_HIS,2029,1055,1040,882,1071,0,0,0,0,0,0,0,0,,1125,1078,973,1109
2026-08-28,GOOD,0,0,0,0,0,0,0,78,114,76,79,6,0,1252574,5870528,573707,11202683,1845364,3561551,,1813,1848,1585,1859,0,78,106,78,80,6,0,1284574,UNKNOWN,2026-08-28T08:30:26.820315+00:00,5990528,626707,11210683,1912364,3637551,,1813,1856,1583,1858,False,TSE,彰源,UNKNOWN,ordinary_stock,TWSE_T86+TPEX_DAILY_TRADE_HIS,2030,1056,1041,883,1072,0,0,0,0,0,0,0,0,,1126,1079,974,1110
2026-08-28,GOOD,0,0,0,0,0,0,0,163,1534,116,253,0,2,-1291606,2196878,-85760,6813042,-36789,452636,,1728,428,1545,1685,0,164,1510,117,269,0,2,-1310996,UNKNOWN,2026-08-28T08:30:26.820315+00:00,2195008,-83465,6888773,-71803,442006,,1727,452,1544,1669,False,TSE,新光鋼,UNKNOWN,ordinary_stock,TWSE_T86+TPEX_DAILY_TRADE_HIS,2031,1722,79,1475,1779,1,0,2122,-15878,4000,-40878,-6878,-6878,,169,1886,186,159
2026-08-28,GOOD,0,0,0,0,0,0,0,489,1338,385,836,0,4,-169364,199314,-29980,772987,-89675,14975,,1402,624,1276,1102,0,482,1328,403,758,0,4,-160697,UNKNOWN,2026-08-28T08:30:26.820315+00:00,209765,-30980,684271,-80116,24534,,1409,634,1258,1180,False,TSE,新鋼,UNKNOWN,ordinary_stock,TWSE_T86+TPEX_DAILY_TRADE_HIS,2032,1057,1042,884,1073,0,0,0,0,0,0,0,0,,1127,1080,975,1111
2026-08-28,GOOD,0,0,0,0,0,0,0,365,169,331,281,1,0,351574,403088,271107,1056945,152713,377331,,1526,1793,1330,1657,0,371,170,335,290,1,0,357283,UNKNOWN,2026-08-28T08:30:26.820315+00:00,405849,274342,1052180,156948,381566,,1520,1792,1326,1648,False,TSE,佳大,UNKNOWN,ordinary_stock,TWSE_T86+TPEX_DAILY_TRADE_HIS,2033,1058,1043,885,1074,0,0,0,0,0,0,0,0,,1128,1081,976,1112
2026-08-28,GOOD,0,0,0,0,0,0,0,109,129,83,149,8,0,-1148765,3748645,480429,9893936,700698,1299940,,1782,1833,1578,1789,0,113,140,86,162,8,0,-1130890,UNKNOWN,2026-08-28T08:30:26.820315+00:00,3780058,412120,9869640,730820,1324584,,1778,1822,1575,1776,False,TSE,允強,UNKNOWN,ordinary_stock,TWSE_T86+TPEX_DAILY_TRADE_HIS,2034,1059,1044,886,1075,0,0,0,0,0,0,0,0,,1129,1082,977,1113
2026-08-28,GOOD,0,0,0,0,0,0,0,439,301,421,448,8,0,21977,271833,61000,579178,81054,146905,,1452,1661,1240,1490,0,439,301,442,448,8,0,25977,UNKNOWN,2026-08-28T08:30:26.820315+00:00,277833,61000,496178,86054,151905,,1452,1661,1219,1490,False,TSE,海光,UNKNOWN,ordinary_stock,TWSE_T86+TPEX_DAILY_TRADE_HIS,2038,1060,1045,887,1076,0,0,0,0,0,0,0,0,,1130,1083,978,1114
2026-08-28,GOOD,0,0,0,0,0,0,0,1788,1574,122,1592,0,4,2875806,-3296878,-111214,6362392,-153796,-210536,,103,388,1539,346,0,1665,1808,98,1727,0,2,-327866,UNKNOWN,2026-08-28T08:30:26.820315+00:00,-879320,-625624,8491919,-556316,-603593,,226,154,1563,211,False,TSE,上銀,UNKNOWN,ordinary_stock,TWSE_T86+TPEX_DAILY_TRADE_HIS,2049,43,1939,74,1894,0,1,-3695369,2826631,-485000,1971282,-484000,-434369,,1848,23,1587,44
2026-08-28,GOOD,0,0,0,0,0,0,0,1374,250,1218,470,3,0,359731,-104975,102881,-328753,173764,127378,,517,1712,443,1468,0,378,361,436,409,1,0,4882,UNKNOWN,2026-08-28T08:30:26.820315+00:00,387334,34288,510658,91124,196108,,1513,1601,1225,1529,False,TSE,川湖,UNKNOWN,ordinary_stock,TWSE_T86+TPEX_DAILY_TRADE_HIS,2059,100,1908,102,103,0,3,-363940,421072,-58724,789154,-113465,28566,,1791,54,1559,1835
2026-08-28,GOOD,0,0,0,0,0,0,0,539,1336,860,702,0,2,-79214,148786,-29059,16312,16786,34786,,1352,626,801,1236,0,538,1317,999,723,0,2,-87588,UNKNOWN,2026-08-28T08:30:26.820315+00:00,148394,-29060,-54596,11685,30403,,1353,645,662,1215,False,TSE,橋椿,UNKNOWN,ordinary_stock,TWSE_T86+TPEX_DAILY_TRADE_HIS,2062,1061,1046,888,1077,0,0,0,0,0,0,0,0,,1131,1084,979,1115
2026-08-28,GOOD,0,0,0,0,0,0,0,258,1612,224,293,0,1,-137157,827917,-137323,2173818,182541,345380,,1633,350,1437,1645,0,266,1607,239,321,0,1,-174157,UNKNOWN,2026-08-28T08:30:26.820315+00:00,794917,-142323,2099818,147541,310380,,1625,355,1422,1617,False,TSE,運錩,UNKNOWN,ordinary_stock,TWSE_T86+TPEX_DAILY_TRADE_HIS,2069,1062,1047,889,1078,0,0,0,0,0,0,0,0,,1132,1085,980,1116
2026-08-28,GOOD,0,0,0,0,0,0,0,1609,1440,1417,1738,0,5,-654692,-595984,-52000,-1211202,-282000,-625338,,282,521,244,200,0,1612,1438,1419,1732,0,5,-644569,UNKNOWN,2026-08-28T08:30:26.820315+00:00,-591943,-57000,-1211068,-273918,-618256,,279,524,242,206,False,TSE,世紀風電,UNKNOWN,ordinary_stock,TWSE_T86+TPEX_DAILY_TRADE_HIS,2072,1063,1048,890,1079,0,0,0,0,0,0,0,0,,1133,1086,981,1117
2026-08-28,GOOD,0,0,0,0,0,0,0,155,1907,1515,1809,0,1,-5059631,2362375,-1890995,-2892260,-1714642,-1348628,,1736,55,146,129,0,158,1905,1516,1812,0,1,-5143122,UNKNOWN,2026-08-28T08:30:26.820315+00:00,2380310,-1900501,-2815870,-1747613,-1381406,,1733,57,145,126,False,TSE,南港,UNKNOWN,ordinary_stock,TWSE_T86+TPEX_DAILY_TRADE_HIS,2101,1064,1049,891,1080,0,0,0,0,0,0,0,0,,1134,1087,982,1118
2026-08-28,GOOD,0,0,0,0,0,0,0,762,1423,971,1290,0,2,-71859,39983,-48938,-32005,8062,-15938,,1129,539,690,648,0,723,1409,997,1230,0,2,-68859,UNKNOWN,2026-08-28T08:30:26.820315+00:00,48983,-48938,-54078,14062,-9938,,1168,553,664,708,False,TSE,泰豐,UNKNOWN,ordinary_stock,TWSE_T86+TPEX_DAILY_TRADE_HIS,2102,1065,1050,892,1081,0,0,0,0,0,0,0,0,,1135,1088,983,1119
2026-08-28,GOOD,0,0,0,0,0,0,0,80,74,51,112,3,0,-1421985,5694777,1216864,18706101,2673221,2136396,,1811,1888,1610,1826,0,82,74,54,126,3,0,-1852900,UNKNOWN,2026-08-28T08:30:26.820315+00:00,5704704,1229868,18038512,2455202,1925902,,1809,1888,1607,1812,False,TSE,台橡,UNKNOWN,ordinary_stock,TWSE_T86+TPEX_DAILY_TRADE_HIS,2103,1066,1051,893,1082,0,0,0,0,0,0,0,0,,1136,1089,984,1120
2026-08-28,GOOD,0,0,0,0,0,0,0,57,1863,70,81,0,2,-2384854,8810230,-993411,12011195,2174859,3212688,,1834,99,1591,1857,0,55,1851,74,82,0,2,-2229367,UNKNOWN,2026-08-28T08:30:26.820315+00:00,8970179,-993615,12122869,2399252,3370406,,1836,111,1587,1856,False,TSE,國際中橡,UNKNOWN,ordinary_stock,TWSE_T86+TPEX_DAILY_TRADE_HIS,2104,1067,1052,894,1083,0,0,0,0,0,0,0,0,,1137,1090,985,1121
2026-08-28,GOOD,0,0,0,0,0,0,0,89,1934,1594,1912,0,3,-16883728,4851974,-3807630,-9112564,-6360857,-6015877,,1802,28,67,26,0,124,1945,1613,1918,0,3,-19881780,UNKNOWN,2026-08-28T08:30:26.820315+00:00,3317036,-5759192,-11458465,-8580562,-8282372,,1767,17,48,20,False,TSE,正新,UNKNOWN,ordinary_stock,TWSE_T86+TPEX_DAILY_TRADE_HIS,2105,1836,1957,1567,1917,0,2,-2631390,-1025390,-1880000,-555031,-1864752,-1828390,,55,5,94,21
2026-08-28,GOOD,0,0,0,0,0,0,0,1814,1898,1600,1891,0,6,-3059076,-4694646,-1508155,-9854826,-2661861,-3876861,,77,64,61,47,0,1817,1892,1602,1895,0,6,-3041542,UNKNOWN,2026-08-28T08:30:26.820315+00:00,-4679112,-1508486,-9914307,-2648615,-3860327,,74,70,59,43,False,TSE,建大,UNKNOWN,ordinary_stock,TWSE_T86+TPEX_DAILY_TRADE_HIS,2106,1068,1053,895,1084,0,0,0,0,0,0,0,0,,1138,1091,986,1122
2026-08-28,GOOD,0,0,0,0,0,0,0,263,1489,483,362,0,1,-325972,802942,-67345,388949,129705,238485,,1628,473,1178,1576,0,265,1495,504,372,0,1,-330972,UNKNOWN,2026-08-28T08:30:26.820315+00:00,803942,-76345,341949,121705,236485,,1626,467,1157,1566,False,TSE,厚生,UNKNOWN,ordinary_stock,TWSE_T86+TPEX_DAILY_TRADE_HIS,2107,1069,1054,896,1085,0,0,0,0,0,0,0,0,,1139,1092,987,1123
2026-08-28,GOOD,0,0,0,0,0,0,0,201,382,119,915,2,0,-1330718,1347252,28641,6755918,425641,8267,,1690,1580,1542,1023,0,201,354,118,1447,2,0,-1509051,UNKNOWN,2026-08-28T08:30:26.820315+00:00,1352871,35973,6817566,454089,-78090,,1690,1608,1543,491,False,TSE,南帝,UNKNOWN,ordinary_stock,TWSE_T86+TPEX_DAILY_TRADE_HIS,2108,1625,1055,1341,1086,0,0,1000,-1000,0,-1000,0,0,,250,1093,307,1124
2026-08-28,GOOD,0,0,0,0,0,0,0,617,975,689,676,0,1,-10174,96144,-2000,108114,29000,42985,,1274,1005,972,1262,0,670,956,727,801,0,2,-37174,UNKNOWN,2026-08-28T08:30:26.820315+00:00,73144,-2000,69114,4000,17985,,1221,1016,934,1137,False,TSE,華豐,UNKNOWN,ordinary_stock,TWSE_T86+TPEX_DAILY_TRADE_HIS,2109,1070,1056,897,1087,0,0,0,0,0,0,0,0,,1140,1094,988,1125
2026-08-28,GOOD,0,0,0,0,0,0,0,622,1103,697,589,0,1,39000,95000,-6000,100167,61000,67000,,1270,861,964,1350,0,631,1090,687,596,0,1,39898,UNKNOWN,2026-08-28T08:30:26.820315+00:00,95898,-6000,94065,61898,67898,,1260,872,974,1342,False,TSE,鑫永銓,UNKNOWN,ordinary_stock,TWSE_T86+TPEX_DAILY_TRADE_HIS,2114,1071,1057,898,1088,0,0,0,0,0,0,0,0,,1141,1095,989,1126
2026-08-28,GOOD,0,0,0,0,0,0,0,678,976,742,1387,0,5,-150000,64000,-2000,68000,-12000,-43000,,1214,1006,919,553,0,664,957,746,1355,0,2,-153000,UNKNOWN,2026-08-28T08:30:26.820315+00:00,77000,-2000,61000,-8000,-38000,,1227,1017,915,583,False,TSE,六暉-KY,UNKNOWN,ordinary_stock,TWSE_T86+TPEX_DAILY_TRADE_HIS,2115,1072,1058,899,1089,0,0,0,0,0,0,0,0,,1142,1096,990,1127
2026-08-28,GOOD,0,0,0,0,0,0,0,113,1873,158,1763,0,2,-4996929,3494159,-1151106,3840750,-865223,-751385,,1778,89,1503,175,0,116,1870,154,1750,0,2,-4866240,UNKNOWN,2026-08-28T08:30:26.820315+00:00,3514784,-1153253,4725769,-798732,-675728,,1775,92,1507,188,False,TSE,裕隆,UNKNOWN,ordinary_stock,TWSE_T86+TPEX_DAILY_TRADE_HIS,2201,167,1059,99,108,0,0,26000,8000,0,839188,17000,17000,,1725,1097,1562,1830
2026-08-28,GOOD,0,0,0,0,0,0,0,107,1731,102,1760,0,5,-5257814,3803906,-302000,7925017,-445913,-726954,,1784,231,1559,178,0,121,1718,165,1759,0,5,-4848274,UNKNOWN,2026-08-28T08:30:26.820315+00:00,3416444,-296105,4074833,-452309,-715915,,1770,244,1496,179,False,TSE,中華,UNKNOWN,ordinary_stock,TWSE_T86+TPEX_DAILY_TRADE_HIS,2204,1723,73,1630,1749,1,0,10086,-15914,5000,-3209415,-2914,-2914,,168,1887,31,189
2026-08-28,GOOD,0,0,0,0,0,0,0,167,234,310,1557,2,0,-2436902,2110932,125997,1223795,29613,-162985,,1724,1728,1351,381,0,165,232,443,1532,2,0,-2410902,UNKNOWN,2026-08-28T08:30:26.820315+00:00,2134932,129997,492773,63613,-137985,,1726,1730,1218,406,False,TSE,三陽工業,UNKNOWN,ordinary_stock,TWSE_T86+TPEX_DAILY_TRADE_HIS,2206,1695,1060,1575,167,0,0,9000,-7000,0,-659170,1000,1000,,194,1098,86,1755
2026-08-28,GOOD,0,0,0,0,0,0,0,1328,1456,1235,693,0,1,139574,-67428,-55381,-360650,-18835,36073,,563,506,426,1245,0,1118,1442,1192,641,0,1,113688,UNKNOWN,2026-08-28T08:30:26.820315+00:00,-5896,-57485,-269761,-7436,53896,,773,520,469,1297,False,TSE,和泰車,UNKNOWN,ordinary_stock,TWSE_T86+TPEX_DAILY_TRADE_HIS,2207,146,1833,162,137,0,1,-43396,50604,-1000,127199,2000,3604,,1745,114,1499,1801
2026-08-28,GOOD,0,0,0,0,0,0,0,1808,1924,1597,1866,0,1,-845278,-4095994,-2620331,-9320562,-1362020,-2470636,,83,38,64,72,0,1808,1923,1597,1867,0,1,-831253,UNKNOWN,2026-08-28T08:30:26.820315+00:00,-4066019,-2620331,-9388049,-1341020,-2448636,,83,39,64,71,False,TSE,台船,UNKNOWN,ordinary_stock,TWSE_T86+TPEX_DAILY_TRADE_HIS,2208,1073,1061,1422,1090,0,0,0,0,0,-10487,0,0,,1143,1099,239,1128
2026-08-28,GOOD,0,0,0,0,0,0,0,1291,1659,423,1702,0,4,-957847,-49149,-180000,577151,-308326,-503498,,600,302,1238,236,0,1396,1648,1061,1714,0,5,-974228,UNKNOWN,2026-08-28T08:30:26.820315+00:00,-117442,-181134,-95322,-320011,-545835,,495,314,600,224,False,TSE,長榮鋼,UNKNOWN,ordinary_stock,TWSE_T86+TPEX_DAILY_TRADE_HIS,2211,1710,83,1496,1718,1,0,9396,-10604,3000,-71615,-604,-604,,181,1882,165,220
2026-08-28,GOOD,0,0,0,0,0,0,0,1223,1224,1011,1173,0,2,17775,-24943,-15494,-52683,3,-3584,,668,738,650,765,0,1168,1205,1005,931,0,2,26360,UNKNOWN,2026-08-28T08:30:26.820315+00:00,-14358,-15909,-56105,2588,6001,,723,757,656,1007,False,TSE,裕日車,UNKNOWN,ordinary_stock,TWSE_T86+TPEX_DAILY_TRADE_HIS,2227,1074,1062,900,1091,0,0,0,0,0,0,0,0,,1144,1100,991,1129
2026-08-28,GOOD,0,0,0,0,0,0,0,1339,488,1066,1489,1,0,-121215,-77031,10888,-85854,-31123,-99123,,552,1474,595,449,0,1338,492,1058,1472,1,0,-118161,UNKNOWN,2026-08-28T08:30:26.820315+00:00,-73977,10898,-93041,-28629,-96069,,553,1470,603,466,False,TSE,劍麟,UNKNOWN,ordinary_stock,TWSE_T86+TPEX_DAILY_TRADE_HIS,2228,1075,1063,901,1092,0,0,0,0,0,0,0,0,,1145,1101,992,1130
2026-08-28,GOOD,0,0,0,0,0,0,0,1569,1557,1376,1589,0,1,41109,-457165,-100834,-911438,-20000,-208028,,322,405,285,349,0,1571,1540,1369,1586,0,1,50425,UNKNOWN,2026-08-28T08:30:26.820315+00:00,-468247,-100618,-862657,-20798,-208911,,320,422,292,352,False,TSE,為升,UNKNOWN,ordinary_stock,TWSE_T86+TPEX_DAILY_TRADE_HIS,2231,1076,1064,902,1093,0,0,0,0,0,0,0,0,,1146,1102,993,1131
2026-08-28,GOOD,0,0,0,0,0,0,0,320,1290,418,509,0,4,-308541,524287,-23343,586507,-122011,107873,,1571,672,1243,1429,0,1495,326,1113,548,1,0,425853,UNKNOWN,2026-08-28T08:30:26.820315+00:00,-254399,44603,-147428,-46635,85727,,396,1636,548,1390,False,TSE,宇隆,UNKNOWN,ordinary_stock,TWSE_T86+TPEX_DAILY_TRADE_HIS,2233,1772,1065,1508,1854,0,0,-100000,-100000,0,-100000,0,-100000,,119,1103,153,84
2026-08-28,GOOD,0,0,0,0,0,0,0,1564,1350,1403,1518,0,1,195798,-437692,-32000,-1110944,-104880,-120947,,327,613,258,420,0,1563,1276,1400,1503,0,1,212226,UNKNOWN,2026-08-28T08:30:26.820315+00:00,-439258,-24100,-1071822,-95446,-113516,,328,686,261,435,False,TSE,百達-KY,UNKNOWN,ordinary_stock,TWSE_T86+TPEX_DAILY_TRADE_HIS,2236,1077,1066,903,1094,0,0,0,0,0,0,0,0,,1147,1104,994,1132
2026-08-28,GOOD,0,0,0,0,0,0,0,769,977,783,729,0,1,19000,39000,-2000,46000,19000,29000,,1123,1007,878,1209,0,746,1000,782,712,0,1,21000,UNKNOWN,2026-08-28T08:30:26.820315+00:00,45000,-3000,42913,21000,33000,,1145,968,879,1226,False,TSE,英利-KY,UNKNOWN,ordinary_stock,TWSE_T86+TPEX_DAILY_TRADE_HIS,2239,1078,1067,904,1095,0,0,0,0,0,0,0,0,,1148,1105,995,1133
2026-08-28,GOOD,0,0,0,0,0,0,0,1657,461,1509,1676,2,0,61597,-883973,13556,-2737387,30403,-411188,,234,1501,152,262,0,1666,463,1512,1672,2,0,64394,UNKNOWN,2026-08-28T08:30:26.820315+00:00,-882772,13556,-2773449,32403,-409189,,225,1499,149,266,False,TSE,艾姆勒,UNKNOWN,ordinary_stock,TWSE_T86+TPEX_DAILY_TRADE_HIS,2241,1079,1068,905,1096,0,0,0,0,0,0,0,0,,1149,1106,996,1134
2026-08-28,GOOD,0,0,0,0,0,0,0,1580,1584,1352,1616,0,1,-2990,-477494,-119000,-761610,-156000,-240242,,311,378,309,322,0,1576,1567,1349,1613,0,10,-2990,UNKNOWN,2026-08-28T08:30:26.820315+00:00,-481494,-119000,-756958,-159000,-242242,,315,395,312,325,False,TSE,宏旭-KY,UNKNOWN,ordinary_stock,TWSE_T86+TPEX_DAILY_TRADE_HIS,2243,1649,1069,1408,1724,0,0,0,-2000,0,-6000,-1000,-1000,,237,1107,252,211
2026-08-28,GOOD,0,0,0,0,0,0,0,599,833,658,619,0,1,10519,103589,-20,132507,59097,57054,,1292,1129,1003,1319,0,616,805,659,635,0,1,7519,UNKNOWN,2026-08-28T08:30:26.820315+00:00,102589,-20,126202,57097,55054,,1275,1157,1002,1303,False,TSE,汎德永業,UNKNOWN,ordinary_stock,TWSE_T86+TPEX_DAILY_TRADE_HIS,2247,1080,1070,1360,1097,0,0,0,0,0,-1305,0,0,,1150,1108,301,1135
2026-08-28,GOOD,0,0,0,0,0,0,0,729,1018,972,1396,0,2,-140965,47215,-3000,-32785,-4882,-46875,,1162,957,689,542,0,725,958,958,1385,0,2,-143965,UNKNOWN,2026-08-28T08:30:26.820315+00:00,48215,-2000,-34785,-4882,-47875,,1167,1018,703,553,False,TSE,華勝-KY,UNKNOWN,ordinary_stock,TWSE_T86+TPEX_DAILY_TRADE_HIS,2248,1081,1071,906,1098,0,0,0,0,0,0,0,0,,1151,1109,997,1136
2026-08-28,GOOD,0,0,0,0,0,0,0,773,1396,749,1259,0,1,-60000,38000,-41000,65070,-17000,-11000,,1117,565,912,676,0,786,1378,742,1252,0,1,-61000,UNKNOWN,2026-08-28T08:30:26.820315+00:00,37000,-41000,63070,-16000,-12000,,1106,580,919,686,False,TSE,IKKA-KY,UNKNOWN,ordinary_stock,TWSE_T86+TPEX_DAILY_TRADE_HIS,2250,1082,1072,907,1099,0,0,0,0,0,0,0,0,,1152,1110,998,1137
2026-08-28,GOOD,0,0,0,0,0,,0,1164,1123,,1214,0,1,0,-14000,-7000,,-1000,-7000,,727,838,,721,0,1227,1145,,1310,0,1,-23003,UNKNOWN,2026-08-28T08:30:26.820315+00:00,-24997,-10000,,-12000,-24000,,664,814,,628,False,TSE,巨鎧精密-創,UNKNOWN,ordinary_stock,TWSE_T86+TPEX_DAILY_TRADE_HIS,2254,1083,1073,,1100,0,0,0,0,0,,0,0,,1153,1111,,1138
2026-08-28,GOOD,0,0,0,0,0,0,0,530,1544,620,1566,0,1,-515978,159898,-92000,168707,-16040,-178040,,1361,418,1041,372,0,475,1525,772,1527,0,1,-482438,UNKNOWN,2026-08-28T08:30:26.820315+00:00,220616,-89623,46483,24959,-130911,,1416,437,889,411,False,TSE,鴻華先進-創,UNKNOWN,ordinary_stock,TWSE_T86+TPEX_DAILY_TRADE_HIS,2258,1084,1074,908,1101,0,0,0,0,0,0,0,0,,1154,1112,999,1139
2026-08-28,GOOD,0,0,0,0,0,0,0,69,26,18,51,1,0,6977360,7161448,4122033,79866925,-1020759,7069404,,1822,1936,1643,1887,0,29,25,17,25,1,0,11437886,UNKNOWN,2026-08-28T08:30:26.820315+00:00,21220656,5182376,97053257,4672804,16329271,,1862,1937,1644,1913,False,TSE,光寶科,UNKNOWN,ordinary_stock,TWSE_T86+TPEX_DAILY_TRADE_HIS,2301,10,15,15,3,9,0,1624682,13657948,778641,15989452,5014977,7641315,,1881,1947,1646,1935
2026-08-28,GOOD,0,0,0,0,0,0,0,1709,1821,372,161,0,2,3560186,-1298076,-662189,806251,1085710,1131055,,182,141,1289,1777,0,1715,1816,360,175,0,2,3605855,UNKNOWN,2026-08-28T08:30:26.820315+00:00,-1300205,-650746,876482,1115580,1152825,,176,146,1301,1763,False,TSE,麗正,UNKNOWN,ordinary_stock,TWSE_T86+TPEX_DAILY_TRADE_HIS,2302,1660,1075,1383,1725,0,0,1000,-3000,0,-3000,-1000,-1000,,221,1113,277,212
2026-08-28,GOOD,0,0,0,0,0,0,0,6,1,1372,5,1,0,-24315103,87090503,88988696,-884486,40927528,31387700,,1885,1961,289,1933,0,21,1,1653,7,1,0,40893304,UNKNOWN,2026-08-28T08:30:26.820315+00:00,28038126,91276874,-75685681,23207388,34465715,,1870,1961,8,1931,False,TSE,聯電,UNKNOWN,ordinary_stock,TWSE_T86+TPEX_DAILY_TRADE_HIS,2303,1890,1937,1660,1926,0,3,54505161,-61078041,-436141,-89098074,-22353698,-3286440,,1,25,1,12
2026-08-28,GOOD,0,0,0,0,0,0,0,1317,1855,1518,150,0,2,2650121,-62089,-896873,-2993728,548858,1294016,,574,107,143,1788,0,1319,1845,1526,166,0,2,2639383,UNKNOWN,2026-08-28T08:30:26.820315+00:00,-60533,-899736,-3096467,532292,1289425,,572,117,135,1772,False,TSE,全友,UNKNOWN,ordinary_stock,TWSE_T86+TPEX_DAILY_TRADE_HIS,2305,1672,1076,1427,1731,0,0,0,-4000,0,-12000,-2000,-2000,,213,1114,233,194
2026-08-28,GOOD,0,0,0,0,0,0,0,1741,78,1583,351,3,0,2267070,-1764846,1163858,-7040788,2485951,251112,,150,1884,78,1587,0,1809,117,1592,742,3,0,4133429,UNKNOWN,2026-08-28T08:30:26.820315+00:00,-4078369,546780,-8603549,1925942,27530,,82,1845,69,1196,False,TSE,台達電,UNKNOWN,ordinary_stock,TWSE_T86+TPEX_DAILY_TRADE_HIS,2308,1860,1945,1613,1909,0,1,939682,-2772062,-731354,-2068162,-862845,-916190,,31,17,48,29
2026-08-28,GOOD,0,0,0,0,0,0,0,483,89,44,59,3,0,11644117,210379,839000,22778161,4087934,5927248,,1408,1873,1617,1879,0,1762,99,48,59,3,0,13249218,UNKNOWN,2026-08-28T08:30:26.820315+00:00,-2157414,723636,22112684,4036845,5545902,,129,1863,1613,1879,False,TSE,金寶,UNKNOWN,ordinary_stock,TWSE_T86+TPEX_DAILY_TRADE_HIS,2312,1085,1077,186,130,0,0,12000,0,0,24731,0,6000,,1155,1115,1475,1807
2026-08-28,GOOD,0,0,0,0,0,0,0,53,184,86,31,3,0,12471213,9454277,226976,9355401,13327594,10962745,,1838,1778,1575,1907,0,37,84,47,34,3,0,12708467,UNKNOWN,2026-08-28T08:30:26.820315+00:00,15179755,927666,23573755,16335114,13944111,,1854,1878,1614,1904,False,TSE,華通,UNKNOWN,ordinary_stock,TWSE_T86+TPEX_DAILY_TRADE_HIS,2313,31,14,16,24,7,0,-120266,3782266,798000,12639155,1795000,1831000,,1860,1948,1645,1914
2026-08-28,GOOD,0,0,0,0,0,,0,1353,902,,1344,0,1,29000,-87000,-1000,,-1000,-29000,,538,1085,,593,0,1353,888,,1328,0,1,29000,UNKNOWN,2026-08-28T08:30:26.820315+00:00,-87000,-1000,,-1000,-29000,,538,1094,,609,False,TSE,台揚,UNKNOWN,ordinary_stock,TWSE_T86+TPEX_DAILY_TRADE_HIS,2314,1086,1078,,1102,0,0,0,0,0,,0,0,,1156,1116,,1140
2026-08-28,GOOD,0,0,0,0,0,0,0,92,207,201,260,4,0,-3797064,4668566,164221,2606803,574227,435751,,1799,1755,1460,1678,0,208,187,1372,268,4,0,-387364,UNKNOWN,2026-08-28T08:30:26.820315+00:00,1278204,214667,-883754,659839,445420,,1683,1775,289,1670,False,TSE,楠梓電,UNKNOWN,ordinary_stock,TWSE_T86+TPEX_DAILY_TRADE_HIS,2316,1866,1079,1633,1754,0,0,3471000,-3477000,0,-3534541,-3000,-3000,,25,1117,28,178
2026-08-28,GOOD,0,0,0,0,0,0,0,1883,76,36,1910,2,0,29034455,-40427479,1192347,31053942,17370312,-5696512,,8,1886,1625,28,0,1885,91,50,1896,2,0,36833835,UNKNOWN,2026-08-28T08:30:26.820315+00:00,-44571257,776583,19499367,18026919,-3868711,,6,1871,1611,42,False,TSE,鴻海,UNKNOWN,ordinary_stock,TWSE_T86+TPEX_DAILY_TRADE_HIS,2317,1870,28,1649,67,1,0,5263717,-4623221,307759,-8544772,202239,320248,,21,1934,12,1871
2026-08-28,GOOD,0,0,0,0,0,0,0,79,146,71,1822,1,0,-8822875,5723519,360420,11925455,425226,-1549678,,1812,1816,1590,116,0,80,1493,72,1860,0,2,-10386556,UNKNOWN,2026-08-28T08:30:26.820315+00:00,5895546,-75580,12325450,-172478,-2245505,,1811,469,1589,78,False,TSE,中環,UNKNOWN,ordinary_stock,TWSE_T86+TPEX_DAILY_TRADE_HIS,2323,1739,1080,193,1103,0,0,30000,-30000,0,15000,0,0,,150,1118,1467,1141
2026-08-28,GOOD,0,0,0,0,0,0,0,1879,1882,8,1921,0,2,10763903,-29668753,-1276391,114371931,-26326430,-9452425,,12,80,1653,17,0,1883,1893,10,1928,0,2,12508598,UNKNOWN,2026-08-28T08:30:26.820315+00:00,-34402922,-1543759,121543293,-27199726,-10947162,,8,69,1651,10,False,TSE,仁寶,UNKNOWN,ordinary_stock,TWSE_T86+TPEX_DAILY_TRADE_HIS,2324,99,1884,80,41,0,4,1161645,423563,-16000,1784198,-155473,792604,,1792,78,1581,1897
2026-08-28,GOOD,0,0,0,0,0,0,0,1869,1916,1654,1847,0,2,11165237,-15027425,-2215620,-71327909,-3005636,-1931094,,22,46,7,91,0,1881,1924,1657,1929,0,11,8193202,UNKNOWN,2026-08-28T08:30:26.820315+00:00,-31518384,-2761461,-83323490,-10203679,-11662591,,10,38,4,9,False,TSE,國巨*,UNKNOWN,ordinary_stock,TWSE_T86+TPEX_DAILY_TRADE_HIS,2327,1886,1952,1653,1936,0,10,-6688858,-16735378,-1105289,-10775367,-9301669,-11712118,,5,10,8,2
2026-08-28,GOOD,0,0,0,0,0,0,0,397,154,190,107,3,0,4123553,335219,336401,2917593,2416721,2229386,,1494,1808,1471,1831,0,522,176,228,107,3,0,4347152,UNKNOWN,2026-08-28T08:30:26.820315+00:00,163130,246852,2311506,2491363,2255141,,1369,1786,1433,1831,False,TSE,廣宇,UNKNOWN,ordinary_stock,TWSE_T86+TPEX_DAILY_TRADE_HIS,2328,183,1081,187,168,0,0,-1000,3000,0,21000,0,1000,,1707,1119,1474,1756
2026-08-28,GOOD,0,0,0,0,0,0,0,231,158,202,147,3,0,1583694,1064110,325040,2564963,1210320,1323902,,1660,1804,1459,1791,0,237,155,221,156,3,0,1694057,UNKNOWN,2026-08-28T08:30:26.820315+00:00,1059887,325938,2382122,1177185,1376972,,1654,1807,1440,1782,False,TSE,華泰,UNKNOWN,ordinary_stock,TWSE_T86+TPEX_DAILY_TRADE_HIS,2329,176,1082,211,149,0,0,0,4000,0,6492,0,2000,,1712,1120,1450,1786
2026-08-28,GOOD,0,0,0,0,0,0,0,48,33,153,35,3,0,9656954,10272506,3031655,4199608,12736582,9964730,,1843,1929,1508,1903,0,56,73,1402,46,3,0,8619149,UNKNOWN,2026-08-28T08:30:26.820315+00:00,8585169,1243293,-1079912,10440046,8602159,,1835,1889,259,1892,False,TSE,台積電,UNKNOWN,ordinary_stock,TWSE_T86+TPEX_DAILY_TRADE_HIS,2330,1867,1956,1622,1920,0,3,-658930,-3691768,-1764995,-2619499,-2657168,-2175349,,24,6,39,18
2026-08-28,GOOD,0,0,0,0,0,0,0,1739,1738,627,475,0,1,2007192,-1756380,-312170,162034,221273,125406,,152,224,1034,1463,0,1745,1725,647,440,0,1,2065509,UNKNOWN,2026-08-28T08:30:26.820315+00:00,-1749981,-313199,136350,232244,157764,,146,237,1014,1498,False,TSE,精英,UNKNOWN,ordinary_stock,TWSE_T86+TPEX_DAILY_TRADE_HIS,2331,1087,1083,909,1104,0,0,0,0,0,0,0,0,,1157,1121,1000,1142
2026-08-28,GOOD,0,0,0,0,0,0,0,1871,1801,1620,1892,0,10,10185618,-17967154,-554624,-14756731,-3398513,-3890768,,20,161,41,46,0,1875,1794,1618,1893,0,10,10533589,UNKNOWN,2026-08-28T08:30:26.820315+00:00,-18204771,-559305,-13638982,-3418460,-3835591,,16,168,43,45,False,TSE,友訊,UNKNOWN,ordinary_stock,TWSE_T86+TPEX_DAILY_TRADE_HIS,2332,1088,1084,910,1105,0,0,0,0,0,0,0,0,,1158,1122,1001,1143
2026-08-28,GOOD,0,0,0,0,0,0,0,99,1775,61,19,0,1,29056028,4202762,-431613,14643777,13723259,16629395,,1792,187,1600,1919,0,1879,1866,210,23,0,1,61150264,UNKNOWN,2026-08-28T08:30:26.820315+00:00,-27949678,-1132012,2665003,13342320,16600293,,12,96,1451,1915,False,TSE,旺宏,UNKNOWN,ordinary_stock,TWSE_T86+TPEX_DAILY_TRADE_HIS,2337,1889,1936,1647,1898,0,3,27864000,-28992000,-380000,-6938468,-567000,-564000,,2,26,14,40
2026-08-28,GOOD,0,0,0,0,0,0,0,1674,1676,1331,1658,0,2,338414,-1010322,-203000,-627404,-139694,-335954,,217,286,330,280,0,1687,1643,1364,1639,0,2,405829,UNKNOWN,2026-08-28T08:30:26.820315+00:00,-1030461,-174927,-833022,-92377,-312316,,204,319,297,299,False,TSE,光罩,UNKNOWN,ordinary_stock,TWSE_T86+TPEX_DAILY_TRADE_HIS,2338,1089,1085,911,1106,0,0,0,0,0,0,0,0,,1159,1123,1002,1144
2026-08-28,GOOD,0,0,0,0,0,0,0,106,122,115,75,3,0,3836123,3835227,518360,6925864,2810961,3835675,,1785,1840,1546,1863,0,108,116,108,70,3,0,4472705,UNKNOWN,2026-08-28T08:30:26.820315+00:00,4092829,551398,7563200,3154899,4282767,,1783,1846,1553,1868,False,TSE,台亞,UNKNOWN,ordinary_stock,TWSE_T86+TPEX_DAILY_TRADE_HIS,2340,1090,1086,912,1107,0,0,0,0,0,0,0,0,,1160,1124,1003,1145
2026-08-28,GOOD,0,0,0,0,0,0,0,1638,108,1010,154,1,0,3278809,-742037,591291,-51194,1283316,1268386,,253,1854,651,1784,0,1642,109,1103,168,1,0,3282684,UNKNOWN,2026-08-28T08:30:26.820315+00:00,-730906,595576,-137454,1290213,1275889,,249,1853,558,1770,False,TSE,茂矽,UNKNOWN,ordinary_stock,TWSE_T86+TPEX_DAILY_TRADE_HIS,2342,1091,1087,913,1108,0,0,0,0,0,0,0,0,,1161,1125,1004,1146
2026-08-28,GOOD,0,0,0,0,0,0,0,20,1961,11,52,0,1,-18984518,32471454,-31131358,104926246,13237082,6743468,,1871,1,1650,1886,0,111,1961,24,1757,0,1,-5226146,UNKNOWN,2026-08-28T08:30:26.820315+00:00,3817738,-38768880,52687416,6703220,-704204,,1780,1,1637,181,False,TSE,華邦電,UNKNOWN,ordinary_stock,TWSE_T86+TPEX_DAILY_TRADE_HIS,2344,1888,1961,1659,1927,0,4,17316338,-24298130,-3077568,-49594966,-3430211,-3490896,,3,1,2,11
2026-08-28,GOOD,0,0,0,0,0,0,0,1693,1791,1534,1416,0,2,1033568,-1145254,-531917,-3459095,-321970,-55843,,198,171,127,522,0,1790,1792,1571,1797,0,10,980937,UNKNOWN,2026-08-28T08:30:26.820315+00:00,-3331353,-553679,-5929437,-959108,-1175208,,101,170,90,141,False,TSE,智邦,UNKNOWN,ordinary_stock,TWSE_T86+TPEX_DAILY_TRADE_HIS,2345,1855,1886,1621,1911,0,1,-70210,-2237646,-17091,-2605685,-610504,-1153928,,36,76,40,27
2026-08-28,GOOD,0,0,0,0,0,0,0,1817,1860,1425,1871,0,4,-376284,-5128992,-967285,-1374795,-1695744,-2752638,,74,102,236,67,0,1793,1859,303,1879,0,4,-2499047,UNKNOWN,2026-08-28T08:30:26.820315+00:00,-3414237,-1046893,1327761,-1999779,-2956642,,98,103,1358,59,False,TSE,聯強,UNKNOWN,ordinary_stock,TWSE_T86+TPEX_DAILY_TRADE_HIS,2347,50,1888,45,88,0,2,-2034451,2183549,-23000,4348460,-40451,74549,,1841,73,1616,1850
2026-08-28,GOOD,0,0,0,0,0,0,0,288,1291,1249,1554,0,1,-971131,652933,-23625,-393582,54294,-159099,,1603,671,412,384,0,308,1272,1277,1596,0,1,-1032799,UNKNOWN,2026-08-28T08:30:26.820315+00:00,596347,-23625,-484896,-3834,-218226,,1583,690,384,342,False,TSE,海悅,UNKNOWN,ordinary_stock,TWSE_T86+TPEX_DAILY_TRADE_HIS,2348,1092,1088,914,1109,0,0,0,0,0,0,0,0,,1162,1126,1005,1147
2026-08-28,GOOD,0,0,0,0,0,0,0,273,221,1397,412,3,0,-377043,749811,136258,-1077741,533621,186384,,1618,1741,264,1526,0,272,226,1405,414,3,0,-396043,UNKNOWN,2026-08-28T08:30:26.820315+00:00,770811,136258,-1089741,533621,187384,,1619,1736,256,1524,False,TSE,錸德,UNKNOWN,ordinary_stock,TWSE_T86+TPEX_DAILY_TRADE_HIS,2349,1093,1089,915,1110,0,0,0,0,0,0,0,0,,1163,1127,1006,1148
2026-08-28,GOOD,0,0,0,0,0,0,0,97,68,174,57,2,0,7912070,4347576,1315438,3264409,4936625,6129823,,1794,1894,1487,1881,0,123,77,200,51,2,0,9971212,UNKNOWN,2026-08-28T08:30:26.820315+00:00,3354938,1134725,2980160,5467830,6663075,,1768,1885,1461,1887,False,TSE,順德,UNKNOWN,ordinary_stock,TWSE_T86+TPEX_DAILY_TRADE_HIS,2351,1843,1090,1566,65,0,0,1972000,-1326000,0,-553000,322000,323000,,48,1128,95,1873
2026-08-28,GOOD,0,0,0,0,0,0,0,1854,88,1619,1911,1,0,-1156234,-10463748,855066,-14289814,-1347084,-5809991,,37,1874,42,27,0,1849,88,1617,1909,1,0,-1916482,UNKNOWN,2026-08-28T08:30:26.820315+00:00,-9599050,846100,-13514485,-1340528,-5757766,,42,1874,44,29,False,TSE,佳世達,UNKNOWN,ordinary_stock,TWSE_T86+TPEX_DAILY_TRADE_HIS,2352,72,1091,95,107,0,0,-898000,940000,0,937195,15000,21000,,1819,1129,1566,1831
2026-08-28,GOOD,0,0,0,0,0,0,0,1833,1914,28,40,0,1,24731237,-6554613,-2194478,40539492,2227663,9088312,,58,48,1633,1898,0,1833,1918,34,41,0,1,24660248,UNKNOWN,2026-08-28T08:30:26.820315+00:00,-6365088,-2433191,41595872,1976664,9147580,,58,44,1627,1897,False,TSE,宏碁,UNKNOWN,ordinary_stock,TWSE_T86+TPEX_DAILY_TRADE_HIS,2353,76,1887,1583,102,0,1,-766105,828947,-22000,-763964,-32770,31421,,1815,75,78,1836
2026-08-28,GOOD,0,0,0,0,0,0,0,170,1953,34,89,0,1,4026669,1875327,-8305496,32316270,2354821,2950998,,1721,9,1627,1849,0,149,1953,36,77,0,1,5422141,UNKNOWN,2026-08-28T08:30:26.820315+00:00,2593609,-8701149,33782422,3242881,4007875,,1742,9,1625,1861,False,TSE,鴻準,UNKNOWN,ordinary_stock,TWSE_T86+TPEX_DAILY_TRADE_HIS,2354,1757,1864,1499,1823,0,5,-8000,-50000,-4000,-80835,-26000,-29000,,134,97,162,115
2026-08-28,GOOD,0,0,0,0,0,0,0,295,315,261,145,3,0,2064821,612989,52178,1653790,1706886,1338905,,1596,1647,1400,1793,0,229,299,234,146,3,0,2048585,UNKNOWN,2026-08-28T08:30:26.820315+00:00,1103543,63020,2195152,2032075,1576064,,1662,1663,1427,1792,False,TSE,敬鵬,UNKNOWN,ordinary_stock,TWSE_T86+TPEX_DAILY_TRADE_HIS,2355,1094,1092,916,1111,0,0,0,0,0,0,0,0,,1164,1130,1007,1149
2026-08-28,GOOD,0,0,0,0,0,0,0,1864,1932,22,1833,0,2,9148630,-12600980,-3437277,61456534,-1726810,-1726175,,27,30,1639,105,0,1869,1925,23,1838,0,2,12687014,UNKNOWN,2026-08-28T08:30:26.820315+00:00,-16158128,-2815378,60975263,-1729678,-1735557,,22,37,1638,100,False,TSE,英業達,UNKNOWN,ordinary_stock,TWSE_T86+TPEX_DAILY_TRADE_HIS,2356,1847,13,1576,60,1,0,2438154,-1734894,841000,-673650,540857,351630,,44,1949,85,1878
2026-08-28,GOOD,0,0,0,0,0,0,0,270,1653,58,120,0,1,3095572,770606,-175179,16416147,1198000,1933089,,1621,309,1603,1818,0,224,1599,61,134,0,1,2426129,UNKNOWN,2026-08-28T08:30:26.820315+00:00,1160875,-136435,16439922,1114575,1793502,,1667,363,1600,1804,False,TSE,華碩,UNKNOWN,ordinary_stock,TWSE_T86+TPEX_DAILY_TRADE_HIS,2357,80,37,130,1827,1,0,-836691,771719,108876,352699,8331,-32486,,1811,1925,1531,111
2026-08-28,GOOD,0,0,0,0,0,0,0,1832,1765,100,1898,0,6,-2120769,-6460219,-402000,8068636,-3149572,-4290494,,59,197,1561,40,0,1838,1770,101,1899,0,6,-2126822,UNKNOWN,2026-08-28T08:30:26.820315+00:00,-6714192,-424244,8275233,-3175695,-4420507,,53,192,1560,39,False,TSE,所羅門,UNKNOWN,ordinary_stock,TWSE_T86+TPEX_DAILY_TRADE_HIS,2359,1095,1093,917,1112,0,0,0,0,0,0,0,0,,1165,1131,1008,1150
2026-08-28,GOOD,0,0,0,0,0,0,0,175,309,145,162,2,0,433077,1794313,57483,4908620,53941,1113695,,1716,1653,1516,1776,0,1604,468,1407,1482,1,0,359176,UNKNOWN,2026-08-28T08:30:26.820315+00:00,-562222,12414,-1148458,-283092,-101523,,287,1494,254,456,False,TSE,致茂,UNKNOWN,ordinary_stock,TWSE_T86+TPEX_DAILY_TRADE_HIS,2360,1858,1895,1646,1914,0,8,-144088,-2551070,-32818,-6156255,-431001,-1347579,,33,67,15,24
2026-08-28,GOOD,0,0,0,0,0,0,0,1632,1734,123,226,0,2,1811229,-724947,-305000,6326960,-61631,543141,,259,228,1538,1712,0,1629,1723,123,235,0,2,1806615,UNKNOWN,2026-08-28T08:30:26.820315+00:00,-681349,-307000,6277666,-43586,562633,,262,239,1538,1703,False,TSE,藍天,UNKNOWN,ordinary_stock,TWSE_T86+TPEX_DAILY_TRADE_HIS,2362,177,1094,212,150,0,0,0,4000,0,5681,0,2000,,1713,1132,1449,1787
2026-08-28,GOOD,0,0,0,0,0,0,0,1775,1788,1516,1851,0,2,-1145456,-2794508,-530202,-2893383,-637047,-1969982,,116,174,145,87,0,1781,1713,1201,1839,0,2,-641351,UNKNOWN,2026-08-28T08:30:26.820315+00:00,-2847145,-281295,-293990,-322434,-1744248,,110,249,460,99,False,TSE,矽統,UNKNOWN,ordinary_stock,TWSE_T86+TPEX_DAILY_TRADE_HIS,2363,184,1095,1511,169,0,0,-1000,3000,0,-105729,0,1000,,1708,1133,150,1757
2026-08-28,GOOD,0,0,0,0,0,0,0,311,1815,245,1740,0,2,-1806429,555061,-632851,1843442,-645875,-625684,,1580,147,1416,198,0,321,1817,254,1739,0,2,-1826635,UNKNOWN,2026-08-28T08:30:26.820315+00:00,556051,-660851,1829432,-653865,-635292,,1570,145,1407,199,False,TSE,倫飛,UNKNOWN,ordinary_stock,TWSE_T86+TPEX_DAILY_TRADE_HIS,2364,1096,1096,918,1113,0,0,0,0,0,0,0,0,,1166,1134,1009,1151
2026-08-28,GOOD,0,0,0,0,0,0,0,1668,1586,1221,1668,0,1,231785,-956725,-121900,-334815,279537,-362470,,223,376,440,270,0,1680,1571,1231,1660,0,1,233785,UNKNOWN,2026-08-28T08:30:26.820315+00:00,-956725,-119900,-348015,284537,-361470,,211,391,430,278,False,TSE,昆盈,UNKNOWN,ordinary_stock,TWSE_T86+TPEX_DAILY_TRADE_HIS,2365,1097,1097,919,1114,0,0,0,0,0,0,0,0,,1167,1135,1010,1152
2026-08-28,GOOD,0,0,0,0,0,0,0,162,113,133,1612,1,0,-2672828,2207624,574200,5451363,-647093,-232602,,1729,1849,1528,326,0,193,112,155,1683,1,0,-2300052,UNKNOWN,2026-08-28T08:30:26.820315+00:00,1433448,574524,4614730,-498069,-433302,,1698,1850,1506,255,False,TSE,燿華,UNKNOWN,ordinary_stock,TWSE_T86+TPEX_DAILY_TRADE_HIS,2367,172,1098,233,139,0,0,1000,5000,0,813,0,3000,,1717,1136,1428,1799
2026-08-28,GOOD,0,0,0,0,0,0,0,1765,126,1621,739,1,0,2538430,-2483460,493878,-14793535,338847,27485,,126,1836,40,1199,0,1645,60,1606,152,1,0,3660327,UNKNOWN,2026-08-28T08:30:26.820315+00:00,-735989,1653826,-10083862,1819607,1462169,,246,1902,55,1786,False,TSE,金像電,UNKNOWN,ordinary_stock,TWSE_T86+TPEX_DAILY_TRADE_HIS,2368,70,17,47,52,1,0,-17266,1010380,667937,4223673,651642,496557,,1821,1945,1614,1886
2026-08-28,GOOD,0,0,0,0,0,0,0,1733,102,135,1730,1,0,506713,-1694483,653931,5218270,1144676,-593885,,158,1860,1526,208,0,1751,95,144,1729,1,0,637758,UNKNOWN,2026-08-28T08:30:26.820315+00:00,-1853126,748527,5042225,1202171,-607684,,140,1867,1517,209,False,TSE,菱生,UNKNOWN,ordinary_stock,TWSE_T86+TPEX_DAILY_TRADE_HIS,2369,1098,1099,920,1115,0,0,0,0,0,0,0,0,,1168,1137,1011,1153
2026-08-28,GOOD,0,0,0,0,0,0,0,81,1954,52,76,0,1,1985128,5664438,-9449642,18650078,3349962,3824783,,1810,8,1609,1862,0,73,1954,55,67,0,1,2354227,UNKNOWN,2026-08-28T08:30:26.820315+00:00,6454407,-9581156,18008687,3963480,4404317,,1818,8,1606,1871,False,TSE,大同,UNKNOWN,ordinary_stock,TWSE_T86+TPEX_DAILY_TRADE_HIS,2371,202,1100,1595,151,0,0,3000,1000,0,-1105884,2000,2000,,1687,1138,66,1788
2026-08-28,GOOD,0,0,0,0,0,0,0,972,1019,975,851,0,2,20000,6000,-3000,-33020,5000,13000,,920,958,686,1090,0,1038,1001,991,935,0,2,11000,UNKNOWN,2026-08-28T08:30:26.820315+00:00,1000,-3000,-50020,-2000,6000,,855,969,670,1001,False,TSE,震旦行,UNKNOWN,ordinary_stock,TWSE_T86+TPEX_DAILY_TRADE_HIS,2373,1099,1101,921,1116,0,0,0,0,0,0,0,0,,1169,1139,1012,1154
2026-08-28,GOOD,0,0,0,0,0,0,0,1726,1658,339,993,0,1,1616698,-1609788,-179999,984245,1156198,3455,,165,304,1322,945,0,1748,1654,354,1485,0,2,1611897,UNKNOWN,2026-08-28T08:30:26.820315+00:00,-1820391,-186769,910838,1163566,-104247,,143,308,1307,453,False,TSE,佳能,UNKNOWN,ordinary_stock,TWSE_T86+TPEX_DAILY_TRADE_HIS,2374,1661,1102,1342,1117,0,0,3000,-3000,0,-1000,0,0,,222,1140,308,1155
2026-08-28,GOOD,0,0,0,0,0,0,0,1767,1919,1584,1861,0,3,-1901267,-2605103,-2401846,-7317389,-2493990,-2253185,,124,43,77,77,0,1770,1915,1580,1857,0,1,-1793602,UNKNOWN,2026-08-28T08:30:26.820315+00:00,-2525544,-2418261,-6986380,-2352563,-2159573,,121,47,81,81,False,TSE,凱美,UNKNOWN,ordinary_stock,TWSE_T86+TPEX_DAILY_TRADE_HIS,2375,1673,1103,152,1732,0,0,0,-4000,0,188000,-2000,-2000,,214,1141,1509,195
2026-08-28,GOOD,0,0,0,0,0,0,0,1867,125,45,165,4,0,16771609,-14640941,499761,22132903,1482399,1065334,,24,1837,1616,1773,0,1870,1726,58,1826,0,3,13089744,UNKNOWN,2026-08-28T08:30:26.820315+00:00,-16228650,-313792,17161075,-1164002,-1569453,,21,236,1603,112,False,TSE,技嘉,UNKNOWN,ordinary_stock,TWSE_T86+TPEX_DAILY_TRADE_HIS,2376,1835,1948,1623,1921,0,3,-3685798,-1005176,-801000,-2659073,-2384188,-2345487,,56,14,38,17
2026-08-28,GOOD,0,0,0,0,0,0,0,1870,153,67,78,1,0,24439718,-17306032,337481,13538858,1456559,3566843,,21,1809,1594,1860,0,1876,211,65,86,1,0,25837904,UNKNOWN,2026-08-28T08:30:26.820315+00:00,-19486744,164583,14078849,1153076,3175580,,15,1751,1596,1852,False,TSE,微星,UNKNOWN,ordinary_stock,TWSE_T86+TPEX_DAILY_TRADE_HIS,2377,98,1854,131,96,0,2,-336312,431688,-2000,349899,76688,47688,,1793,105,1530,1842
2026-08-28,GOOD,0,0,0,0,0,0,0,1653,1741,701,243,0,2,1813512,-845292,-315011,95613,-266474,484110,,238,221,960,1695,0,1292,1690,287,224,0,2,1291085,UNKNOWN,2026-08-28T08:30:26.820315+00:00,-46749,-243680,1435967,-103115,622168,,599,272,1374,1714,False,TSE,瑞昱,UNKNOWN,ordinary_stock,TWSE_T86+TPEX_DAILY_TRADE_HIS,2379,88,43,93,100,1,0,-504369,578219,76000,1114668,28971,36925,,1803,1919,1568,1838
2026-08-28,GOOD,0,0,0,0,0,0,0,33,1826,107,45,0,1,967829,15361313,-669334,7306624,5597160,8164571,,1858,136,1554,1893,0,33,1739,100,40,0,1,2347249,UNKNOWN,2026-08-28T08:30:26.820315+00:00,16796235,-342889,8312140,6964848,9571742,,1858,223,1561,1898,False,TSE,廣達,UNKNOWN,ordinary_stock,TWSE_T86+TPEX_DAILY_TRADE_HIS,2382,67,27,68,45,1,0,47281,1169927,308515,2406721,426857,608604,,1824,1935,1593,1893
2026-08-28,GOOD,0,0,0,0,0,0,0,181,327,291,656,1,0,-1552052,1648942,45437,1416138,-117828,48445,,1710,1635,1370,1282,0,304,1616,319,1691,0,2,-1542352,UNKNOWN,2026-08-28T08:30:26.820315+00:00,602192,-149996,1218435,-439561,-470080,,1587,346,1342,247,False,TSE,台光電,UNKNOWN,ordinary_stock,TWSE_T86+TPEX_DAILY_TRADE_HIS,2383,1845,1925,1541,1906,0,2,44700,-1395712,-170053,-299625,-368317,-675506,,46,37,120,32
2026-08-28,GOOD,0,0,0,0,0,0,0,108,275,80,100,8,0,1274252,3793554,74381,10351243,1789164,2533903,,1783,1687,1581,1838,0,122,343,116,101,8,0,1469103,UNKNOWN,2026-08-28T08:30:26.820315+00:00,3379947,38988,7126569,1672768,2424525,,1769,1619,1545,1837,False,TSE,群光,UNKNOWN,ordinary_stock,TWSE_T86+TPEX_DAILY_TRADE_HIS,2385,150,1874,1619,1831,0,3,-111075,40207,-10000,-2485163,-49278,-35434,,1741,88,42,107
2026-08-28,GOOD,0,0,0,0,0,0,0,1587,254,1464,888,2,0,542437,-522391,100000,-1850471,98023,10023,,304,1708,197,1050,0,1594,253,1470,838,2,0,552048,UNKNOWN,2026-08-28T08:30:26.820315+00:00,-522628,100000,-1897471,102960,14710,,297,1709,191,1100,False,TSE,精元,UNKNOWN,ordinary_stock,TWSE_T86+TPEX_DAILY_TRADE_HIS,2387,1100,1104,1449,1118,0,0,0,0,0,-18437,0,0,,1170,1142,212,1156
2026-08-28,GOOD,0,0,0,0,0,0,0,1810,298,155,1820,1,0,1332226,-4288248,62660,4077768,-20526,-1478011,,81,1664,1506,118,0,1811,245,166,1828,1,0,976869,UNKNOWN,2026-08-28T08:30:26.820315+00:00,-4165105,115124,4073563,4149,-1594118,,80,1717,1495,110,False,TSE,威盛,UNKNOWN,ordinary_stock,TWSE_T86+TPEX_DAILY_TRADE_HIS,2388,178,1105,1531,152,0,0,0,4000,0,-196062,0,2000,,1714,1143,130,1789
2026-08-28,GOOD,0,0,0,0,0,0,0,1277,266,1287,673,3,0,128385,-42159,80000,-495970,252010,43113,,614,1696,374,1265,0,1340,303,1311,677,3,0,159604,UNKNOWN,2026-08-28T08:30:26.820315+00:00,-75378,60000,-595190,255010,42113,,551,1659,350,1261,False,TSE,云辰,UNKNOWN,ordinary_stock,TWSE_T86+TPEX_DAILY_TRADE_HIS,2390,1101,1106,922,1119,0,0,0,0,0,0,0,0,,1171,1144,1013,1157
2026-08-28,GOOD,0,0,0,0,0,0,0,95,1927,73,109,0,1,-89102,4508384,-2927261,11685123,125964,2209641,,1796,35,1588,1829,0,92,1929,71,98,0,1,277005,UNKNOWN,2026-08-28T08:30:26.820315+00:00,5078063,-3267879,12902081,-38697,2677534,,1799,33,1590,1840,False,TSE,正崴,UNKNOWN,ordinary_stock,TWSE_T86+TPEX_DAILY_TRADE_HIS,2392,1682,1107,1343,170,0,0,7000,-5000,0,-1000,1000,1000,,204,1145,309,1758
2026-08-28,GOOD,0,0,0,0,0,0,0,88,1683,68,98,0,1,371244,4865964,-207378,12721252,2014118,2618604,,1803,279,1593,1840,0,110,1719,92,149,0,1,-877176,UNKNOWN,2026-08-28T08:30:26.820315+00:00,3908764,-299968,9346850,1439557,1515794,,1781,243,1569,1789,False,TSE,億光,UNKNOWN,ordinary_stock,TWSE_T86+TPEX_DAILY_TRADE_HIS,2393,1815,1855,1587,1889,0,3,-415340,-365340,-2000,-911553,-23340,-390340,,76,106,74,49
2026-08-28,GOOD,0,0,0,0,0,0,0,1716,1526,249,1630,0,2,893439,-1429407,-81957,1769187,-49781,-267984,,175,436,1412,308,0,234,1563,185,380,0,2,-618995,UNKNOWN,2026-08-28T08:30:26.820315+00:00,1077451,-116408,3427690,-176816,229228,,1657,399,1476,1558,False,TSE,研華,UNKNOWN,ordinary_stock,TWSE_T86+TPEX_DAILY_TRADE_HIS,2395,44,1900,77,49,0,3,-1529220,2634542,-39085,1905689,-55254,552661,,1847,62,1584,1889
2026-08-28,GOOD,0,0,0,0,0,0,0,1548,1524,327,1571,0,1,12019,-382889,-81435,1085588,-76435,-185435,,343,438,1334,367,0,1540,1508,327,1572,0,1,-29981,UNKNOWN,2026-08-28T08:30:26.820315+00:00,-354889,-81435,1137588,-85435,-192435,,351,454,1334,366,False,TSE,友通,UNKNOWN,ordinary_stock,TWSE_T86+TPEX_DAILY_TRADE_HIS,2397,1102,1108,923,1120,0,0,0,0,0,0,0,0,,1172,1146,1014,1158
2026-08-28,GOOD,0,0,0,0,0,0,0,1541,62,237,94,1,0,5801193,-367497,1453579,1954157,3513254,2716848,,350,1900,1424,1844,0,1516,65,238,94,1,0,5849629,UNKNOWN,2026-08-28T08:30:26.820315+00:00,-302703,1449595,2109420,3433449,2773463,,375,1897,1423,1844,False,TSE,映泰,UNKNOWN,ordinary_stock,TWSE_T86+TPEX_DAILY_TRADE_HIS,2399,1103,1109,924,1121,0,0,0,0,0,0,0,0,,1173,1147,1015,1159
2026-08-28,GOOD,0,0,0,0,0,0,0,1816,1037,1548,1797,0,2,2562358,-4855770,-3740,-4117383,109433,-1146706,,75,925,113,141,0,1815,392,1539,1780,1,0,2567782,UNKNOWN,2026-08-28T08:30:26.820315+00:00,-4557198,25345,-3719238,215519,-994708,,76,1570,122,158,False,TSE,凌陽,UNKNOWN,ordinary_stock,TWSE_T86+TPEX_DAILY_TRADE_HIS,2401,121,1110,155,1122,0,0,-230000,230000,0,170000,0,0,,1770,1148,1506,1160
2026-08-28,GOOD,0,0,0,0,0,0,0,240,172,251,173,4,0,995080,997426,265656,1756971,1135742,996253,,1651,1790,1410,1765,0,248,184,264,184,4,0,1149418,UNKNOWN,2026-08-28T08:30:26.820315+00:00,930750,221614,1690319,1134942,1040084,,1643,1778,1397,1754,False,TSE,毅嘉,UNKNOWN,ordinary_stock,TWSE_T86+TPEX_DAILY_TRADE_HIS,2402,1104,1111,1485,1123,0,0,0,0,0,-61000,0,0,,1174,1149,176,1161
2026-08-28,GOOD,0,0,0,0,0,0,0,1666,1216,388,1744,0,7,-382394,-942134,-14325,744302,-522150,-662264,,225,746,1273,194,0,1674,742,1388,1743,1,0,-391742,UNKNOWN,2026-08-28T08:30:26.820315+00:00,-921930,186,-1008902,-521178,-656836,,217,1220,273,195,False,TSE,漢唐,UNKNOWN,ordinary_stock,TWSE_T86+TPEX_DAILY_TRADE_HIS,2404,124,1112,1603,125,0,0,-198078,213922,0,-1494563,-78,7922,,1767,1150,58,1813
2026-08-28,GOOD,0,0,0,0,0,0,0,1524,243,373,400,3,0,718401,-324401,113000,805813,310000,197000,,367,1719,1288,1538,0,1524,249,383,408,3,0,712401,UNKNOWN,2026-08-28T08:30:26.820315+00:00,-318401,107000,781813,309000,197000,,367,1713,1278,1530,False,TSE,輔信,UNKNOWN,ordinary_stock,TWSE_T86+TPEX_DAILY_TRADE_HIS,2405,1105,1113,925,1124,0,0,0,0,0,0,0,0,,1175,1151,1016,1162
2026-08-28,GOOD,0,0,0,0,0,0,0,1807,1818,1591,1849,0,2,120373,-4039663,-648536,-8738551,-748462,-1959645,,84,144,70,89,0,1810,1814,1594,1850,0,2,125701,UNKNOWN,2026-08-28T08:30:26.820315+00:00,-4089327,-647770,-9071654,-747009,-1981813,,81,148,67,88,False,TSE,國碩,UNKNOWN,ordinary_stock,TWSE_T86+TPEX_DAILY_TRADE_HIS,2406,1717,1114,1473,1775,0,0,0,-12000,0,-38000,-6000,-6000,,174,1152,188,162
2026-08-28,GOOD,0,0,0,0,0,0,0,11,1837,2,14,0,1,-12278026,53471958,-772623,173423817,32518693,20596966,,1880,125,1659,1924,0,12,1916,2,14,0,1,-14537977,UNKNOWN,2026-08-28T08:30:26.820315+00:00,55336345,-2428238,183582926,33972675,20399184,,1879,46,1659,1924,False,TSE,南亞科,UNKNOWN,ordinary_stock,TWSE_T86+TPEX_DAILY_TRADE_HIS,2408,52,40,23,73,3,0,-1729593,2164119,95791,9876012,1230597,217263,,1839,1922,1638,1865
2026-08-28,GOOD,0,0,0,0,0,0,0,30,8,1655,15,2,0,23075997,16771067,14811460,-75075005,12215374,19923532,,1861,1954,6,1923,0,44,8,1655,15,1,0,28563750,UNKNOWN,2026-08-28T08:30:26.820315+00:00,11524502,16281014,-75803769,13108121,20044126,,1847,1954,6,1923,False,TSE,友達,UNKNOWN,ordinary_stock,TWSE_T86+TPEX_DAILY_TRADE_HIS,2409,1802,1889,81,1868,0,4,-93606,-263708,-23000,1756723,-169767,-178657,,89,74,1580,70
2026-08-28,GOOD,0,0,0,0,0,0,0,1859,1938,1634,1916,0,3,-1934043,-11915605,-3945073,-22817584,-6294955,-6924824,,32,24,27,22,0,1820,1936,1628,1910,0,3,-7655978,UNKNOWN,2026-08-28T08:30:26.820315+00:00,-4791946,-3689837,-17448711,-5689060,-6223962,,71,26,33,28,False,TSE,中華電,UNKNOWN,ordinary_stock,TWSE_T86+TPEX_DAILY_TRADE_HIS,2412,18,31,38,53,2,0,-5985653,6951401,236248,5871954,436907,482874,,1873,1931,1623,1885
2026-08-28,GOOD,0,0,0,0,0,0,0,567,347,394,564,1,0,28741,126493,38195,721060,239962,77617,,1324,1615,1267,1374,0,589,350,398,567,1,0,40077,UNKNOWN,2026-08-28T08:30:26.820315+00:00,118663,36747,709045,233623,79370,,1302,1612,1263,1371,False,TSE,環科,UNKNOWN,ordinary_stock,TWSE_T86+TPEX_DAILY_TRADE_HIS,2413,1106,1115,926,1125,0,0,0,0,0,0,0,0,,1176,1153,1017,1163
2026-08-28,GOOD,0,0,0,0,0,0,0,1608,1528,1428,1645,0,9,-5858,-595858,-83000,-1405388,-122858,-300858,,283,434,233,293,0,1619,1500,1447,1641,0,9,-13551,UNKNOWN,2026-08-28T08:30:26.820315+00:00,-625551,-78000,-1581081,-129551,-319551,,272,462,214,297,False,TSE,精技,UNKNOWN,ordinary_stock,TWSE_T86+TPEX_DAILY_TRADE_HIS,2414,1674,1116,1423,1733,0,0,0,-4000,0,-11000,-2000,-2000,,215,1154,237,196
2026-08-28,GOOD,0,0,0,0,0,0,0,641,328,1183,1236,1,0,-98181,81819,44321,-242491,-91181,-8181,,1250,1634,478,702,0,612,327,1178,792,1,0,-66501,UNKNOWN,2026-08-28T08:30:26.820315+00:00,103953,44321,-238681,-64274,18726,,1279,1635,483,1146,False,TSE,錩新,UNKNOWN,ordinary_stock,TWSE_T86+TPEX_DAILY_TRADE_HIS,2415,153,1117,190,105,0,0,25000,23000,0,16000,24000,24000,,1738,1155,1470,1833
2026-08-28,GOOD,0,0,0,0,0,0,0,573,1669,1388,251,0,1,794379,124373,-188451,-992721,310824,459376,,1318,293,273,1687,0,570,1653,1380,260,0,1,794379,UNKNOWN,2026-08-28T08:30:26.820315+00:00,132373,-185451,-993273,312824,463376,,1321,309,281,1678,False,TSE,圓剛,UNKNOWN,ordinary_stock,TWSE_T86+TPEX_DAILY_TRADE_HIS,2417,1107,1118,927,1126,0,0,0,0,0,0,0,0,,1177,1156,1018,1164
2026-08-28,GOOD,0,0,0,0,0,0,0,393,1033,285,318,0,1,257180,337320,-3099,1432643,273878,297250,,1498,929,1376,1620,0,397,1076,295,323,0,1,264137,UNKNOWN,2026-08-28T08:30:26.820315+00:00,346283,-5099,1391004,280878,305210,,1494,886,1366,1615,False,TSE,仲琦,UNKNOWN,ordinary_stock,TWSE_T86+TPEX_DAILY_TRADE_HIS,2419,1108,1119,928,1127,0,0,0,0,0,0,0,0,,1178,1157,1019,1165
2026-08-28,GOOD,0,0,0,0,0,0,0,1311,531,258,1726,2,0,-1087085,-60351,6640,1696736,288381,-573718,,580,1431,1403,212,0,1400,531,267,1753,2,0,-1250337,UNKNOWN,2026-08-28T08:30:26.820315+00:00,-119781,6535,1625988,190774,-685059,,491,1431,1394,185,False,TSE,新巨,UNKNOWN,ordinary_stock,TWSE_T86+TPEX_DAILY_TRADE_HIS,2420,1109,1120,207,1128,0,0,0,0,0,8000,0,0,,1179,1158,1455,1166
2026-08-28,GOOD,0,0,0,0,0,0,0,68,55,55,49,3,0,7799053,7259539,1618157,16745619,7560866,7529296,,1823,1907,1606,1889,0,68,59,60,48,3,0,8203316,UNKNOWN,2026-08-28T08:30:26.820315+00:00,7432068,1670830,16748767,7844802,7817692,,1823,1903,1601,1890,False,TSE,建準,UNKNOWN,ordinary_stock,TWSE_T86+TPEX_DAILY_TRADE_HIS,2421,1110,1834,1530,1129,0,1,0,0,-1000,-177087,-1000,0,,1180,115,131,1167
2026-08-28,GOOD,0,0,0,0,0,0,0,1315,1183,968,1367,0,1,-11832,-61788,-11810,-29081,20190,-36810,,576,779,693,571,0,1304,1155,967,1341,0,1,-13832,UNKNOWN,2026-08-28T08:30:26.820315+00:00,-53788,-10810,-37194,24190,-33810,,587,807,694,597,False,TSE,固緯,UNKNOWN,ordinary_stock,TWSE_T86+TPEX_DAILY_TRADE_HIS,2423,1111,1121,929,1130,0,0,0,0,0,0,0,0,,1181,1159,1020,1168
2026-08-28,GOOD,0,0,0,0,0,,0,1252,1020,,1294,0,12,900,-33100,-3000,,-13100,-16100,,639,959,,644,0,1256,1002,,1282,0,12,900,UNKNOWN,2026-08-28T08:30:26.820315+00:00,-33100,-3000,,-13100,-16100,,635,970,,656,False,TSE,隴華,UNKNOWN,ordinary_stock,TWSE_T86+TPEX_DAILY_TRADE_HIS,2424,1112,1122,,1131,0,0,0,0,0,,0,0,,1182,1160,,1169
2026-08-28,GOOD,0,0,0,0,0,0,0,208,355,1575,245,6,0,-291695,1243527,35058,-6284041,155654,475916,,1683,1607,86,1693,0,211,358,1575,258,6,0,-297153,UNKNOWN,2026-08-28T08:30:26.820315+00:00,1256299,35058,-6262404,155654,479573,,1680,1604,86,1680,False,TSE,承啟,UNKNOWN,ordinary_stock,TWSE_T86+TPEX_DAILY_TRADE_HIS,2425,1662,1123,1415,1734,0,0,-1000,-3000,0,-9000,-2000,-2000,,223,1161,247,197
2026-08-28,GOOD,0,0,0,0,0,0,0,31,1947,54,56,0,1,-3967122,16387842,-5622993,16986487,-3634885,6210360,,1860,15,1607,1882,0,34,1944,57,53,0,1,-3663468,UNKNOWN,2026-08-28T08:30:26.820315+00:00,16735320,-5735266,17344118,-3522814,6535926,,1857,18,1604,1885,False,TSE,鼎元,UNKNOWN,ordinary_stock,TWSE_T86+TPEX_DAILY_TRADE_HIS,2426,1113,1124,930,1132,0,0,0,0,0,0,0,0,,1183,1162,1021,1170
2026-08-28,GOOD,0,0,0,0,0,0,0,329,438,393,277,8,0,272088,496310,16043,724268,273116,384199,,1562,1524,1268,1661,0,334,444,393,291,8,0,267088,UNKNOWN,2026-08-28T08:30:26.820315+00:00,495310,16043,720268,271116,381199,,1557,1518,1268,1647,False,TSE,三商電,UNKNOWN,ordinary_stock,TWSE_T86+TPEX_DAILY_TRADE_HIS,2427,1114,1125,931,1133,0,0,0,0,0,0,0,0,,1184,1163,1022,1171
2026-08-28,GOOD,0,0,0,0,0,0,0,1770,1455,1579,298,0,1,3336761,-2692637,-55299,-6599414,534821,322062,,121,507,82,1640,0,1765,1797,1570,1829,0,6,-970213,UNKNOWN,2026-08-28T08:30:26.820315+00:00,-2256635,-574113,-5835951,-1251894,-1613424,,126,165,91,109,False,TSE,興勤,UNKNOWN,ordinary_stock,TWSE_T86+TPEX_DAILY_TRADE_HIS,2428,101,1940,111,1918,0,4,-4315000,397000,-530000,617324,-1821000,-1959000,,1790,22,1550,20
2026-08-28,GOOD,0,0,0,0,0,0,0,1620,1547,1202,600,0,1,807630,-680930,-94044,-279723,6986,63350,,271,415,459,1338,0,1631,1535,1212,603,0,1,816150,UNKNOWN,2026-08-28T08:30:26.820315+00:00,-687450,-94044,-313723,7986,64350,,260,427,449,1335,False,TSE,銘旺科,UNKNOWN,ordinary_stock,TWSE_T86+TPEX_DAILY_TRADE_HIS,2429,1115,1126,932,1134,0,0,0,0,0,0,0,0,,1185,1164,1023,1172
2026-08-28,GOOD,0,0,0,0,0,0,0,650,1203,640,904,0,1,-59000,77000,-13000,148180,20000,9000,,1242,761,1021,1033,0,643,1136,655,885,0,1,-70000,UNKNOWN,2026-08-28T08:30:26.820315+00:00,90000,-9000,128180,13000,10000,,1248,829,1006,1056,False,TSE,燦坤,UNKNOWN,ordinary_stock,TWSE_T86+TPEX_DAILY_TRADE_HIS,2430,1116,1127,933,1135,0,0,0,0,0,0,0,0,,1186,1165,1024,1173
2026-08-28,GOOD,0,0,0,0,0,0,0,436,1541,429,1377,0,1,-353317,273279,-90000,553279,-48000,-40019,,1455,423,1232,561,0,432,1521,435,1354,0,1,-362321,UNKNOWN,2026-08-28T08:30:26.820315+00:00,288283,-88000,513343,-45000,-37019,,1459,441,1226,584,False,TSE,聯昌,UNKNOWN,ordinary_stock,TWSE_T86+TPEX_DAILY_TRADE_HIS,2431,1117,1128,934,1136,0,0,0,0,0,0,0,0,,1187,1166,1025,1174
2026-08-28,GOOD,0,0,0,0,0,0,0,993,903,829,948,0,1,8000,4000,-1000,27000,7000,6000,,903,1086,834,990,0,1123,889,822,1188,0,2,-5957,UNKNOWN,2026-08-28T08:30:26.820315+00:00,-6043,-1000,23181,-4000,-6000,,768,1095,839,751,False,TSE,倚天酷碁-創,UNKNOWN,ordinary_stock,TWSE_T86+TPEX_DAILY_TRADE_HIS,2432,1118,1129,935,1137,0,0,0,0,0,0,0,0,,1188,1167,1026,1175
2026-08-28,GOOD,0,0,0,0,0,0,0,863,978,847,801,0,1,17000,19000,-2000,21000,14000,18000,,1031,1008,813,1140,0,898,959,877,858,0,1,9297,UNKNOWN,2026-08-28T08:30:26.820315+00:00,15297,-2000,5297,8297,12297,,993,1019,784,1080,False,TSE,互盛電,UNKNOWN,ordinary_stock,TWSE_T86+TPEX_DAILY_TRADE_HIS,2433,1119,1130,936,1138,0,0,0,0,0,0,0,0,,1189,1168,1027,1176
2026-08-28,GOOD,0,0,0,0,0,0,0,1363,167,1306,786,1,0,132595,-94261,277399,-553536,122075,19167,,528,1795,355,1152,0,1352,164,1298,720,1,0,149887,UNKNOWN,2026-08-28T08:30:26.820315+00:00,-86969,289691,-555166,133367,31459,,539,1798,363,1218,False,TSE,統懋,UNKNOWN,ordinary_stock,TWSE_T86+TPEX_DAILY_TRADE_HIS,2434,1120,1131,937,1139,0,0,0,0,0,0,0,0,,1190,1169,1028,1177
2026-08-28,GOOD,0,0,0,0,0,0,0,1843,77,247,1872,1,0,2020022,-7546582,1177012,1788773,-2606818,-2763280,,48,1885,1414,66,0,1844,76,302,1873,1,0,2551359,UNKNOWN,2026-08-28T08:30:26.820315+00:00,-7737283,1202363,1344147,-2363500,-2592962,,47,1886,1359,65,False,TSE,偉詮電,UNKNOWN,ordinary_stock,TWSE_T86+TPEX_DAILY_TRADE_HIS,2436,1650,1132,1548,1140,0,0,2000,-2000,0,-352000,0,0,,238,1170,113,1178
2026-08-28,GOOD,0,0,0,0,0,0,0,1004,433,1162,696,4,0,69000,3000,18000,-216000,35000,36000,,886,1531,499,1242,0,1051,447,1172,713,4,0,66000,UNKNOWN,2026-08-28T08:30:26.820315+00:00,0,16000,-232000,35000,33000,,841,1517,488,1227,False,TSE,翔耀,UNKNOWN,ordinary_stock,TWSE_T86+TPEX_DAILY_TRADE_HIS,2438,1121,1133,938,1141,0,0,0,0,0,0,0,0,,1191,1171,1029,1179
2026-08-28,GOOD,0,0,0,0,0,0,0,1789,1766,1569,1574,0,1,2920770,-3298106,-405058,-5792282,-162058,-188668,,102,196,92,364,0,1780,1756,1563,1611,0,1,2339198,UNKNOWN,2026-08-28T08:30:26.820315+00:00,-2820484,-397438,-5149613,-125321,-240643,,111,206,98,327,False,TSE,美律,UNKNOWN,ordinary_stock,TWSE_T86+TPEX_DAILY_TRADE_HIS,2439,97,1835,122,123,0,1,-418000,436000,-1000,433347,9000,9000,,1794,116,1539,1815
2026-08-28,GOOD,0,0,0,0,0,0,0,1340,1507,1379,1317,0,1,35816,-77484,-74004,-922936,37477,-20834,,551,455,282,621,0,1421,1487,1382,1327,0,1,85816,UNKNOWN,2026-08-28T08:30:26.820315+00:00,-143484,-74004,-994936,34477,-28834,,470,475,279,611,False,TSE,太空梭,UNKNOWN,ordinary_stock,TWSE_T86+TPEX_DAILY_TRADE_HIS,2440,1122,1134,939,1142,0,0,0,0,0,0,0,0,,1192,1172,1030,1180
2026-08-28,GOOD,0,0,0,0,0,0,0,1780,53,204,1613,1,0,2629232,-3096964,1647845,2556919,1697731,-233866,,111,1909,1457,325,0,1728,58,126,130,1,0,5190826,UNKNOWN,2026-08-28T08:30:26.820315+00:00,-1476968,1713333,6176442,2530171,1856929,,163,1904,1535,1808,False,TSE,超豐,UNKNOWN,ordinary_stock,TWSE_T86+TPEX_DAILY_TRADE_HIS,2441,54,1836,58,27,0,2,1241000,2053000,-1000,3454766,404000,1647000,,1837,117,1603,1911
2026-08-28,GOOD,0,0,0,0,0,0,0,1734,1902,1530,1880,0,2,-4957845,-1696637,-1631000,-3378570,-1918000,-3327241,,157,60,131,58,0,1747,1896,1533,1881,0,2,-4828845,UNKNOWN,2026-08-28T08:30:26.820315+00:00,-1791637,-1631000,-3447570,-1913000,-3310241,,144,66,128,57,False,TSE,新美齊,UNKNOWN,ordinary_stock,TWSE_T86+TPEX_DAILY_TRADE_HIS,2442,1123,1135,940,1143,0,0,0,0,0,0,0,0,,1193,1173,1031,1181
2026-08-28,GOOD,0,0,0,0,0,0,0,581,496,1026,550,4,0,50000,118000,10000,-57000,80000,84000,,1310,1470,635,1387,0,587,471,1008,543,4,0,54000,UNKNOWN,2026-08-28T08:30:26.820315+00:00,122000,12000,-58000,82000,88000,,1304,1490,653,1395,False,TSE,兆勁,UNKNOWN,ordinary_stock,TWSE_T86+TPEX_DAILY_TRADE_HIS,2444,1124,1136,941,1144,0,0,0,0,0,0,0,0,,1194,1174,1032,1182
2026-08-28,GOOD,0,0,0,0,0,0,0,36,11,1633,23,3,0,14713212,14538068,11540547,-21966331,12731652,14625640,,1855,1951,28,1915,0,40,9,1630,18,3,0,21069690,UNKNOWN,2026-08-28T08:30:26.820315+00:00,13794516,14008411,-19388530,16176163,17432103,,1851,1953,31,1920,False,TSE,京元電子,UNKNOWN,ordinary_stock,TWSE_T86+TPEX_DAILY_TRADE_HIS,2449,1856,10,67,33,4,0,5010024,-2358990,1019790,2463344,1975300,1325517,,35,1952,1594,1905
2026-08-28,GOOD,0,0,0,0,0,0,0,1396,1104,1291,981,0,1,133000,-125000,-6000,-504200,9000,4000,,495,862,370,956,0,1404,1091,1287,1056,0,1,125657,UNKNOWN,2026-08-28T08:30:26.820315+00:00,-124343,-6000,-523543,5657,657,,487,873,374,882,False,TSE,神腦,UNKNOWN,ordinary_stock,TWSE_T86+TPEX_DAILY_TRADE_HIS,2450,1125,1137,942,1145,0,0,0,0,0,0,0,0,,1195,1175,1033,1183
2026-08-28,GOOD,0,0,0,0,0,0,0,150,1883,111,1909,0,5,-13180181,2521237,-1283363,7168493,-2288940,-5329472,,1741,79,1550,29,0,171,1882,127,1908,0,5,-13115445,UNKNOWN,2026-08-28T08:30:26.820315+00:00,1949967,-1307600,6142013,-2364285,-5582739,,1720,80,1534,30,False,TSE,創見,UNKNOWN,ordinary_stock,TWSE_T86+TPEX_DAILY_TRADE_HIS,2451,1820,1878,1581,101,0,3,579600,-514400,-13000,-723918,-54400,32600,,71,82,80,1837
2026-08-28,GOOD,0,0,0,0,0,0,0,739,384,622,552,3,0,121431,45509,28065,166094,144470,83470,,1152,1578,1039,1386,0,762,379,628,557,3,0,120431,UNKNOWN,2026-08-28T08:30:26.820315+00:00,42509,28065,150094,142470,81470,,1129,1583,1033,1381,False,TSE,凌群,UNKNOWN,ordinary_stock,TWSE_T86+TPEX_DAILY_TRADE_HIS,2453,1126,1138,943,1146,0,0,0,0,0,0,0,0,,1196,1176,1034,1184
2026-08-28,GOOD,0,0,0,0,0,0,0,143,80,72,104,1,0,2125112,2603774,1096338,11706388,2081460,2364443,,1748,1882,1589,1834,0,1807,81,158,118,1,0,8063702,UNKNOWN,2026-08-28T08:30:26.820315+00:00,-3966158,996310,4542429,1918302,2048772,,84,1881,1503,1820,False,TSE,聯發科,UNKNOWN,ordinary_stock,TWSE_T86+TPEX_DAILY_TRADE_HIS,2454,1880,1919,1643,1896,0,5,5164600,-6134620,-117270,-5831527,-240464,-485010,,11,43,18,42
2026-08-28,GOOD,0,0,0,0,0,0,0,1216,118,1457,69,5,0,8908387,-23369,547707,-1753253,2190563,4442509,,675,1844,204,1869,0,101,113,174,54,5,0,8579116,UNKNOWN,2026-08-28T08:30:26.820315+00:00,4308682,568444,3869072,3574960,6443899,,1790,1849,1487,1884,False,TSE,全新,UNKNOWN,ordinary_stock,TWSE_T86+TPEX_DAILY_TRADE_HIS,2455,42,1904,56,1850,0,3,-3079000,2909000,-49000,3655057,-84000,-85000,,1849,58,1605,88
2026-08-28,GOOD,0,0,0,0,0,0,0,289,194,186,235,3,0,367304,650664,203663,3004323,663687,508984,,1602,1768,1475,1703,0,301,193,198,238,3,0,485173,UNKNOWN,2026-08-28T08:30:26.820315+00:00,612261,200307,3031786,714003,548717,,1590,1769,1463,1700,False,TSE,飛宏,UNKNOWN,ordinary_stock,TWSE_T86+TPEX_DAILY_TRADE_HIS,2457,1127,1139,944,1147,0,0,0,0,0,0,0,0,,1197,1177,1035,1185
2026-08-28,GOOD,0,0,0,0,0,0,0,1822,1794,1611,1812,0,2,2774149,-5494813,-543680,-12877461,-676654,-1360332,,69,168,50,126,0,1805,1805,1616,1832,0,2,578420,UNKNOWN,2026-08-28T08:30:26.820315+00:00,-3895702,-617199,-13204276,-788320,-1658641,,86,157,45,106,False,TSE,義隆,UNKNOWN,ordinary_stock,TWSE_T86+TPEX_DAILY_TRADE_HIS,2458,63,1903,1557,1873,0,1,-1843189,1330811,-46000,-448178,-91189,-256189,,1828,60,104,65
2026-08-28,GOOD,0,0,0,0,0,0,0,583,1105,814,1395,0,1,-205932,113884,-6000,30884,-11024,-46024,,1308,863,847,543,0,613,1003,857,1412,0,1,-219932,UNKNOWN,2026-08-28T08:30:26.820315+00:00,103884,-3000,12884,-20024,-58024,,1278,971,804,526,False,TSE,敦吉,UNKNOWN,ordinary_stock,TWSE_T86+TPEX_DAILY_TRADE_HIS,2459,1128,1140,945,1148,0,0,0,0,0,0,0,0,,1198,1178,1036,1186
2026-08-28,GOOD,0,0,0,0,0,0,0,728,510,1152,492,3,0,185065,47229,8767,-192762,113760,116147,,1163,1452,509,1446,0,717,512,1166,490,3,0,184065,UNKNOWN,2026-08-28T08:30:26.820315+00:00,50229,8767,-220762,115760,117147,,1174,1450,495,1448,False,TSE,建通,UNKNOWN,ordinary_stock,TWSE_T86+TPEX_DAILY_TRADE_HIS,2460,1129,1141,946,1149,0,0,0,0,0,0,0,0,,1199,1179,1037,1187
2026-08-28,GOOD,0,0,0,0,0,0,0,222,201,240,208,3,0,160875,1163971,178660,1945618,633588,662423,,1669,1761,1421,1730,0,216,204,248,215,3,0,156875,UNKNOWN,2026-08-28T08:30:26.820315+00:00,1201971,172660,1927618,637588,679423,,1675,1758,1413,1723,False,TSE,光群雷,UNKNOWN,ordinary_stock,TWSE_T86+TPEX_DAILY_TRADE_HIS,2461,1130,1142,947,1150,0,0,0,0,0,0,0,0,,1200,1180,1038,1188
2026-08-28,GOOD,0,0,0,0,0,0,0,400,377,479,301,2,0,304690,333310,30000,397310,120000,319000,,1491,1585,1182,1637,0,400,372,478,314,2,0,305590,UNKNOWN,2026-08-28T08:30:26.820315+00:00,334360,30661,396011,122591,319975,,1491,1590,1183,1624,False,TSE,良得電,UNKNOWN,ordinary_stock,TWSE_T86+TPEX_DAILY_TRADE_HIS,2462,1131,1143,948,1151,0,0,0,0,0,0,0,0,,1201,1181,1039,1189
2026-08-28,GOOD,0,0,0,0,0,0,0,1812,1950,69,1897,0,1,-4089244,-4348630,-7514156,12164748,-5777587,-4218937,,79,12,1592,41,0,1792,1950,67,1888,0,1,-4033530,UNKNOWN,2026-08-28T08:30:26.820315+00:00,-3366394,-8007979,13895842,-5920434,-3699962,,99,12,1594,50,False,TSE,盟立,UNKNOWN,ordinary_stock,TWSE_T86+TPEX_DAILY_TRADE_HIS,2464,73,1144,90,62,0,0,-249000,909000,0,1315539,36000,330000,,1818,1182,1571,1876
2026-08-28,GOOD,0,0,0,0,0,0,0,1773,238,183,163,3,0,4959219,-2770067,116399,3090347,877993,1094576,,118,1724,1478,1775,0,1777,241,195,179,3,0,4949169,UNKNOWN,2026-08-28T08:30:26.820315+00:00,-2768017,117399,3091293,878993,1090576,,114,1721,1466,1759,False,TSE,麗臺,UNKNOWN,ordinary_stock,TWSE_T86+TPEX_DAILY_TRADE_HIS,2465,1132,1145,949,1152,0,0,0,0,0,0,0,0,,1202,1183,1040,1190
2026-08-28,GOOD,0,0,0,0,0,0,0,1696,1680,1406,1782,0,1,-849392,-1161328,-206548,-1133080,-308380,-1005360,,195,282,255,156,0,1703,1667,1409,1781,0,1,-861306,UNKNOWN,2026-08-28T08:30:26.820315+00:00,-1168156,-206548,-1171408,-306380,-1014731,,188,295,252,157,False,TSE,冠西電,UNKNOWN,ordinary_stock,TWSE_T86+TPEX_DAILY_TRADE_HIS,2466,1683,1146,1444,1755,0,0,-1000,-5000,0,-17000,-3000,-3000,,205,1184,217,179
2026-08-28,GOOD,0,0,0,0,0,0,0,165,103,188,171,3,0,-142629,2145505,646718,2986637,1255350,1001438,,1726,1859,1473,1767,0,181,102,223,186,3,0,331511,UNKNOWN,2026-08-28T08:30:26.820315+00:00,1704489,672543,2334882,1320992,1018000,,1710,1860,1438,1752,False,TSE,志聖,UNKNOWN,ordinary_stock,TWSE_T86+TPEX_DAILY_TRADE_HIS,2467,1819,1837,1573,1822,0,4,412227,-468227,-1000,-643696,-3000,-28000,,72,118,88,116
2026-08-28,GOOD,0,0,0,0,0,0,0,657,1117,938,1278,0,2,-101537,73477,-6755,-12852,37435,-14030,,1234,845,723,660,0,667,1117,916,1270,0,2,-103537,UNKNOWN,2026-08-28T08:30:26.820315+00:00,75477,-7755,-10852,37435,-14030,,1224,845,745,668,False,TSE,華經,UNKNOWN,ordinary_stock,TWSE_T86+TPEX_DAILY_TRADE_HIS,2468,1133,1147,950,1153,0,0,0,0,0,0,0,0,,1203,1185,1041,1191
2026-08-28,GOOD,0,0,0,0,0,0,0,753,836,446,515,0,1,167988,41848,-110,470265,74918,104918,,1138,1126,1215,1423,0,760,814,445,536,0,1,138988,UNKNOWN,2026-08-28T08:30:26.820315+00:00,42848,-110,484265,60918,90918,,1131,1148,1216,1402,False,TSE,資通,UNKNOWN,ordinary_stock,TWSE_T86+TPEX_DAILY_TRADE_HIS,2471,1134,1148,951,1154,0,0,0,0,0,0,0,0,,1204,1186,1042,1192
2026-08-28,GOOD,0,0,0,0,0,0,0,646,1912,1480,1836,0,2,-3628891,79125,-2013544,-2083482,-2063259,-1774883,,1245,50,181,102,0,1746,1907,1567,1846,0,1,-2014390,UNKNOWN,2026-08-28T08:30:26.820315+00:00,-1765208,-2000312,-5510657,-2058797,-1889799,,145,55,94,92,False,TSE,立隆電,UNKNOWN,ordinary_stock,TWSE_T86+TPEX_DAILY_TRADE_HIS,2472,1851,1882,1632,1871,0,1,1447500,-1874500,-15000,-3491235,-108500,-213500,,40,79,29,67
2026-08-28,GOOD,0,0,0,0,0,0,0,1748,1842,482,325,0,1,2525213,-1946955,-789718,393673,793096,289129,,143,120,1179,1613,0,1743,1854,694,841,0,1,1743191,UNKNOWN,2026-08-28T08:30:26.820315+00:00,-1714737,-1014449,92218,532970,14227,,148,108,967,1097,False,TSE,可成,UNKNOWN,ordinary_stock,TWSE_T86+TPEX_DAILY_TRADE_HIS,2474,84,1870,147,1746,0,3,-693238,688762,-7000,220273,-21238,-2238,,1807,91,1514,192
2026-08-28,GOOD,0,0,0,0,0,0,0,1764,1789,1506,239,0,1,3326836,-2318906,-530545,-2620314,777856,503965,,127,173,155,1699,0,277,1669,293,132,0,1,2895637,UNKNOWN,2026-08-28T08:30:26.820315+00:00,717309,-207748,1395207,1626337,1806473,,1614,293,1368,1806,False,TSE,鉅祥,UNKNOWN,ordinary_stock,TWSE_T86+TPEX_DAILY_TRADE_HIS,2476,64,1149,86,1735,0,0,-1306000,1302000,0,1507000,-10000,-2000,,1827,1187,1575,198
2026-08-28,GOOD,0,0,0,0,0,0,0,1457,1400,1129,1481,0,13,-8000,-182000,-42000,-151696,-79000,-95000,,434,563,532,457,0,1446,1385,1137,1467,0,13,-9000,UNKNOWN,2026-08-28T08:30:26.820315+00:00,-173000,-42000,-173238,-76000,-91000,,445,577,524,471,False,TSE,美隆電,UNKNOWN,ordinary_stock,TWSE_T86+TPEX_DAILY_TRADE_HIS,2477,1135,1150,1397,1155,0,0,0,0,0,-4542,0,0,,1205,1188,264,1193
2026-08-28,GOOD,0,0,0,0,0,0,0,1782,1880,1618,670,0,1,3274389,-3185209,-1212582,-14231899,-583002,44590,,109,82,43,1268,0,205,1873,1601,564,0,1,-1182026,UNKNOWN,2026-08-28T08:30:26.820315+00:00,1343330,-1185922,-9897821,-546582,80652,,1686,89,60,1374,False,TSE,大毅,UNKNOWN,ordinary_stock,TWSE_T86+TPEX_DAILY_TRADE_HIS,2478,26,1151,49,1793,0,0,-4492000,4470000,0,4209000,-38000,-11000,,1865,1189,1612,145
2026-08-28,GOOD,0,0,0,0,0,0,0,469,302,1288,578,2,0,-87244,226136,60161,-498795,-1142,69446,,1422,1660,373,1360,0,467,302,1290,577,2,0,-83239,UNKNOWN,2026-08-28T08:30:26.820315+00:00,231141,60161,-535336,5373,73951,,1424,1660,371,1361,False,TSE,敦陽科,UNKNOWN,ordinary_stock,TWSE_T86+TPEX_DAILY_TRADE_HIS,2480,1614,1152,1432,189,0,0,1845,-155,0,-13236,845,845,,277,1190,229,1749
2026-08-28,GOOD,0,0,0,0,0,0,0,344,14,1628,18,1,0,33192060,448478,9150422,-19658247,14227304,16820269,,1547,1948,33,1920,0,276,15,1626,17,5,0,36573283,UNKNOWN,2026-08-28T08:30:26.820315+00:00,722667,9474966,-16961371,16138212,18647975,,1615,1947,35,1921,False,TSE,強茂,UNKNOWN,ordinary_stock,TWSE_T86+TPEX_DAILY_TRADE_HIS,2481,1691,30,70,34,4,0,2580000,-6000,265000,2325290,1285000,1287000,,198,1932,1591,1904
2026-08-28,GOOD,0,0,0,0,0,0,0,584,521,1178,751,3,0,-61200,113200,8000,-231740,69000,26000,,1307,1445,483,1189,0,597,519,1186,738,3,0,-58460,UNKNOWN,2026-08-28T08:30:26.820315+00:00,114450,7810,-260986,71286,27995,,1294,1443,475,1200,False,TSE,連宇,UNKNOWN,ordinary_stock,TWSE_T86+TPEX_DAILY_TRADE_HIS,2482,1136,1153,952,1156,0,0,0,0,0,0,0,0,,1206,1191,1043,1194
2026-08-28,GOOD,0,0,0,0,0,0,0,1567,1805,1542,1565,0,1,91184,-445916,-586180,-3769842,-219513,-177366,,324,157,119,373,0,1564,1799,1547,1558,0,1,95184,UNKNOWN,2026-08-28T08:30:26.820315+00:00,-441916,-586180,-4068842,-217513,-173366,,327,163,114,380,False,TSE,百容,UNKNOWN,ordinary_stock,TWSE_T86+TPEX_DAILY_TRADE_HIS,2483,1137,1154,953,1157,0,0,0,0,0,0,0,0,,1207,1192,1044,1195
2026-08-28,GOOD,0,0,0,0,0,0,0,1769,1917,1478,1918,0,3,-14124355,-2671105,-2248036,-2007777,-8482392,-8397730,,122,45,183,20,0,1773,1911,1476,1919,0,3,-14341952,UNKNOWN,2026-08-28T08:30:26.820315+00:00,-2632046,-2278666,-1980326,-8508509,-8486999,,118,51,185,19,False,TSE,希華,UNKNOWN,ordinary_stock,TWSE_T86+TPEX_DAILY_TRADE_HIS,2484,1692,1155,1445,1756,0,0,0,-6000,0,-17000,-3000,-3000,,199,1193,218,180
2026-08-28,GOOD,0,0,0,0,0,0,0,1278,1870,1452,1767,0,1,-1539461,-42469,-1106518,-1713089,403395,-790965,,613,92,209,171,0,396,1868,1394,1720,0,1,-1507283,UNKNOWN,2026-08-28T08:30:26.820315+00:00,348143,-1134954,-1048521,655763,-579570,,1495,94,267,218,False,TSE,兆赫,UNKNOWN,ordinary_stock,TWSE_T86+TPEX_DAILY_TRADE_HIS,2485,1138,1156,954,1158,0,0,0,0,0,0,0,0,,1208,1194,1045,1196
2026-08-28,GOOD,0,0,0,0,0,0,0,1799,116,1547,1800,2,0,1169252,-3566964,566678,-4101820,192244,-1198856,,92,1846,114,138,0,960,111,595,1667,2,0,-799124,UNKNOWN,2026-08-28T08:30:26.820315+00:00,8358,578245,197365,352243,-395383,,931,1851,1066,271,False,TSE,一詮,UNKNOWN,ordinary_stock,TWSE_T86+TPEX_DAILY_TRADE_HIS,2486,35,1157,42,40,0,0,-1923000,3571000,0,4671000,63000,824000,,1856,1195,1619,1898
2026-08-28,GOOD,0,0,0,0,0,0,0,1498,1162,1329,1530,0,6,1599,-270583,-10000,-621887,-34000,-134492,,393,795,332,408,0,1505,1146,1330,1542,0,6,-13475,UNKNOWN,2026-08-28T08:30:26.820315+00:00,-283661,-10000,-648984,-47085,-148568,,386,815,331,396,False,TSE,漢平,UNKNOWN,ordinary_stock,TWSE_T86+TPEX_DAILY_TRADE_HIS,2488,1139,1158,955,1159,0,0,0,0,0,0,0,0,,1209,1196,1046,1197
2026-08-28,GOOD,0,0,0,0,0,0,0,1835,56,1607,1923,1,0,-12563993,-6884987,1614974,-12046024,-10040551,-9724490,,56,1906,54,15,0,1823,61,1605,1921,1,0,-12358358,UNKNOWN,2026-08-28T08:30:26.820315+00:00,-4946704,1646490,-10083139,-9644813,-8652531,,68,1901,56,17,False,TSE,瑞軒,UNKNOWN,ordinary_stock,TWSE_T86+TPEX_DAILY_TRADE_HIS,2489,120,1159,141,70,0,0,285000,233000,0,243050,-13000,259000,,1771,1197,1520,1868
2026-08-28,GOOD,0,0,0,0,0,0,0,136,139,212,87,4,0,3127525,2877113,423000,2373313,2745882,3002319,,1755,1823,1449,1851,0,137,136,225,89,4,0,3112754,UNKNOWN,2026-08-28T08:30:26.820315+00:00,2890856,430485,2326812,2750433,3001805,,1754,1826,1436,1849,False,TSE,吉祥全,UNKNOWN,ordinary_stock,TWSE_T86+TPEX_DAILY_TRADE_HIS,2491,1651,1160,1409,1726,0,0,0,-2000,0,-6000,-1000,-1000,,239,1198,253,213
2026-08-28,GOOD,0,0,0,0,0,0,0,1876,82,1652,203,1,0,26496762,-25099850,1048048,-67643046,22773,698456,,15,1880,9,1735,0,1877,53,1652,99,2,0,28246967,UNKNOWN,2026-08-28T08:30:26.820315+00:00,-22958587,1885983,-69195393,2026611,2644190,,14,1909,9,1839,False,TSE,華新科,UNKNOWN,ordinary_stock,TWSE_T86+TPEX_DAILY_TRADE_HIS,2492,169,56,89,118,1,0,16000,6000,29000,1398776,11000,11000,,1721,1906,1572,1820
2026-08-28,GOOD,0,0,0,0,0,0,0,1740,1679,1581,1727,0,3,605205,-1757555,-204898,-6706538,-945102,-576175,,151,283,80,211,0,1757,1676,1579,1719,0,3,907230,UNKNOWN,2026-08-28T08:30:26.820315+00:00,-2064816,-220363,-6817481,-914070,-578793,,134,286,82,219,False,TSE,揚博,UNKNOWN,ordinary_stock,TWSE_T86+TPEX_DAILY_TRADE_HIS,2493,1706,1838,184,1776,0,3,-2000,-10000,-1000,37000,-6000,-6000,,183,119,1478,163
2026-08-28,GOOD,0,0,0,0,0,0,0,330,132,306,224,2,0,607331,492963,444228,1257310,507086,550147,,1561,1830,1355,1714,0,373,133,316,242,2,0,629482,UNKNOWN,2026-08-28T08:30:26.820315+00:00,393112,441669,1227149,523197,511297,,1518,1829,1345,1696,False,TSE,普安,UNKNOWN,ordinary_stock,TWSE_T86+TPEX_DAILY_TRADE_HIS,2495,159,1161,185,115,0,0,11000,13000,0,29000,12000,12000,,1731,1199,1476,1821
2026-08-28,GOOD,0,0,0,0,0,,0,1057,790,,1215,0,0,-13000,-1000,0,,-2000,-7000,,832,1175,,722,0,1085,776,,1227,0,0,-15088,UNKNOWN,2026-08-28T08:30:26.820315+00:00,-3088,0,,-4088,-9088,,806,1179,,711,False,TSE,卓越,UNKNOWN,ordinary_stock,TWSE_T86+TPEX_DAILY_TRADE_HIS,2496,1140,1162,,1160,0,0,0,0,0,,0,0,,1210,1200,,1198
2026-08-28,GOOD,0,0,0,0,0,0,0,1508,294,1302,1364,1,0,214337,-285573,66000,-539592,53370,-35618,,383,1668,359,574,0,1506,292,1320,1362,1,0,206165,UNKNOWN,2026-08-28T08:30:26.820315+00:00,-288161,66145,-616954,46340,-40998,,385,1670,341,576,False,TSE,怡利電,UNKNOWN,ordinary_stock,TWSE_T86+TPEX_DAILY_TRADE_HIS,2497,163,1163,200,120,0,0,10000,10000,0,10000,10000,10000,,1727,1201,1462,1817
2026-08-28,GOOD,0,0,0,0,0,0,0,1701,1737,293,1707,0,1,164822,-1186846,-308563,1405954,374218,-511012,,190,225,1368,231,0,1697,1737,309,1734,0,1,-134062,UNKNOWN,2026-08-28T08:30:26.820315+00:00,-1108158,-335563,1289063,355169,-621110,,194,225,1352,204,False,TSE,宏達電,UNKNOWN,ordinary_stock,TWSE_T86+TPEX_DAILY_TRADE_HIS,2498,1742,1164,1470,1816,0,0,-12000,-32000,0,-33485,-18000,-22000,,149,1202,191,122
2026-08-28,GOOD,0,0,0,0,0,0,0,1728,1918,1124,1868,0,1,-3369494,-1640116,-2334517,-148871,-2547708,-2504805,,163,44,537,70,0,1739,1913,1432,1869,0,1,-3330983,UNKNOWN,2026-08-28T08:30:26.820315+00:00,-1617813,-2331919,-1417647,-2523301,-2474398,,152,49,229,69,False,TSE,國建,UNKNOWN,ordinary_stock,TWSE_T86+TPEX_DAILY_TRADE_HIS,2501,1652,1165,1598,1161,0,0,2000,-2000,0,-1135000,0,0,,240,1203,63,1199
2026-08-28,GOOD,0,0,0,0,0,0,0,182,1825,1244,1696,0,3,-2592917,1643845,-669016,-384421,-1403418,-474536,,1709,137,417,242,0,176,1815,1303,1687,0,3,-2729812,UNKNOWN,2026-08-28T08:30:26.820315+00:00,1834950,-649610,-569890,-1402313,-447431,,1715,147,358,251,False,TSE,國產,UNKNOWN,ordinary_stock,TWSE_T86+TPEX_DAILY_TRADE_HIS,2504,1732,68,1533,1796,1,0,0,-24000,8000,-199823,-12000,-12000,,159,1894,128,143
2026-08-28,GOOD,0,0,0,0,0,0,0,1338,1462,520,1675,0,6,-743000,-75000,-58021,310034,-259126,-409000,,553,500,1141,263,0,1312,1444,531,1670,0,6,-743000,UNKNOWN,2026-08-28T08:30:26.820315+00:00,-57000,-58021,285846,-251126,-400000,,579,518,1130,268,False,TSE,國揚,UNKNOWN,ordinary_stock,TWSE_T86+TPEX_DAILY_TRADE_HIS,2505,1141,1166,956,1162,0,0,0,0,0,0,0,0,,1211,1204,1047,1200
2026-08-28,GOOD,0,0,0,0,0,0,0,1527,1465,1327,1595,0,2,-89000,-335000,-60000,-606191,-78000,-212000,,364,497,334,343,0,1544,1448,1331,1609,0,2,-116000,UNKNOWN,2026-08-28T08:30:26.820315+00:00,-358000,-60000,-649191,-104000,-237000,,347,514,330,329,False,TSE,太設,UNKNOWN,ordinary_stock,TWSE_T86+TPEX_DAILY_TRADE_HIS,2506,1142,1167,957,1163,0,0,0,0,0,0,0,0,,1212,1205,1048,1201
2026-08-28,GOOD,0,0,0,0,0,0,0,453,533,570,526,1,0,-55804,252196,6118,226196,74151,98196,,1438,1429,1091,1412,0,464,536,568,539,1,0,-56896,UNKNOWN,2026-08-28T08:30:26.820315+00:00,235104,6118,238104,75059,89104,,1427,1426,1093,1399,False,TSE,全坤建,UNKNOWN,ordinary_stock,TWSE_T86+TPEX_DAILY_TRADE_HIS,2509,1143,1168,958,1164,0,0,0,0,0,0,0,0,,1213,1206,1049,1202
2026-08-28,GOOD,0,0,0,0,0,0,0,372,1722,1565,319,0,1,208985,384445,-273447,-5218535,143000,296715,,1519,240,96,1619,0,311,1710,1565,284,0,1,210985,UNKNOWN,2026-08-28T08:30:26.820315+00:00,580445,-273447,-5465535,192000,395715,,1580,252,96,1654,False,TSE,太子,UNKNOWN,ordinary_stock,TWSE_T86+TPEX_DAILY_TRADE_HIS,2511,1144,1169,959,1165,0,0,0,0,0,0,0,0,,1214,1207,1050,1203
2026-08-28,GOOD,0,0,0,0,0,0,0,660,1106,1040,506,0,2,148000,72000,-6000,-64000,18000,110000,,1231,864,622,1432,0,727,1085,1098,507,0,2,167541,UNKNOWN,2026-08-28T08:30:26.820315+00:00,48045,-5964,-131572,25774,107793,,1164,877,563,1431,False,TSE,龍邦,UNKNOWN,ordinary_stock,TWSE_T86+TPEX_DAILY_TRADE_HIS,2514,1145,1170,960,1166,0,0,0,0,0,0,0,0,,1215,1208,1051,1204
2026-08-28,GOOD,0,0,0,0,0,0,0,114,1929,259,105,0,1,1001022,3471950,-3250403,1677795,-557334,2236486,,1777,33,1402,1833,0,120,1930,285,104,0,1,1309011,UNKNOWN,2026-08-28T08:30:26.820315+00:00,3425045,-3300861,1452430,-499792,2367028,,1771,32,1376,1834,False,TSE,中工,UNKNOWN,ordinary_stock,TWSE_T86+TPEX_DAILY_TRADE_HIS,2515,1721,1171,1437,1167,0,0,14000,-14000,0,-14000,0,0,,170,1209,224,1205
2026-08-28,GOOD,0,0,0,0,0,0,0,534,791,537,1282,0,0,-183719,154271,0,282228,-3723,-14724,,1357,1176,1124,656,0,519,777,543,1182,0,0,-175719,UNKNOWN,2026-08-28T08:30:26.820315+00:00,164271,0,270228,4277,-5724,,1372,1180,1118,756,False,TSE,新建,UNKNOWN,ordinary_stock,TWSE_T86+TPEX_DAILY_TRADE_HIS,2516,1146,1172,961,1168,0,0,0,0,0,0,0,0,,1216,1210,1052,1206
2026-08-28,GOOD,0,0,0,0,0,0,0,172,1807,147,1778,0,2,-3748056,1812416,-593353,4844594,-727707,-967820,,1719,155,1514,160,0,195,1801,159,1785,0,2,-3490172,UNKNOWN,2026-08-28T08:30:26.820315+00:00,1423696,-605275,4504452,-726715,-1033238,,1696,161,1502,153,False,TSE,冠德,UNKNOWN,ordinary_stock,TWSE_T86+TPEX_DAILY_TRADE_HIS,2520,1693,1173,1370,171,0,0,8000,-6000,0,-2000,1000,1000,,200,1211,289,1759
2026-08-28,GOOD,0,0,0,0,0,0,0,478,396,601,494,8,0,18000,212000,24000,191000,83000,115000,,1413,1563,1060,1444,0,487,397,606,486,8,0,36000,UNKNOWN,2026-08-28T08:30:26.820315+00:00,206000,24000,183000,88000,121000,,1404,1564,1055,1452,False,TSE,京城,UNKNOWN,ordinary_stock,TWSE_T86+TPEX_DAILY_TRADE_HIS,2524,1147,1174,962,1169,0,0,0,0,0,0,0,0,,1217,1212,1053,1207
2026-08-28,GOOD,0,0,0,0,0,0,0,1682,598,1497,1756,2,0,-365551,-1044539,3352,-2430048,-29025,-705045,,209,1364,164,182,0,1672,1566,1499,1768,0,1,-772825,UNKNOWN,2026-08-28T08:30:26.820315+00:00,-906993,-118523,-2451379,-161213,-839909,,219,396,162,170,False,TSE,宏璟,UNKNOWN,ordinary_stock,TWSE_T86+TPEX_DAILY_TRADE_HIS,2527,1626,1175,1344,1170,0,0,1000,-1000,0,-1000,0,0,,251,1213,310,1208
2026-08-28,GOOD,0,0,0,0,0,0,0,212,1414,244,223,0,1,-97101,1207059,-45781,1881077,323682,554979,,1679,548,1417,1715,0,233,1419,288,274,0,1,-238101,UNKNOWN,2026-08-28T08:30:26.820315+00:00,1084059,-51781,1434588,192682,422979,,1658,543,1373,1664,False,TSE,皇普,UNKNOWN,ordinary_stock,TWSE_T86+TPEX_DAILY_TRADE_HIS,2528,1148,1176,1434,1171,0,0,0,0,0,-13489,0,0,,1218,1214,227,1209
2026-08-28,GOOD,0,0,0,0,0,0,0,1563,1817,1355,1791,0,2,-1718986,-435132,-643092,-774059,-626078,-1077059,,328,145,306,147,0,1667,1811,1453,1792,0,2,-1360986,UNKNOWN,2026-08-28T08:30:26.820315+00:00,-883132,-634092,-1653989,-637078,-1122059,,224,151,208,146,False,TSE,華建,UNKNOWN,ordinary_stock,TWSE_T86+TPEX_DAILY_TRADE_HIS,2530,1696,69,1486,1780,1,0,-7000,-7000,8000,-63930,-7000,-7000,,195,1895,175,157
2026-08-28,GOOD,0,0,0,0,0,0,0,173,1555,230,174,0,1,163508,1810624,-98988,2049182,621074,987066,,1718,407,1431,1764,0,175,1476,246,183,0,1,203508,UNKNOWN,2026-08-28T08:30:26.820315+00:00,1878624,-68988,2030283,675074,1041066,,1716,486,1415,1755,False,TSE,宏盛,UNKNOWN,ordinary_stock,TWSE_T86+TPEX_DAILY_TRADE_HIS,2534,1149,1177,963,1172,0,0,0,0,0,0,0,0,,1219,1215,1054,1210
2026-08-28,GOOD,0,0,0,0,0,0,0,416,1686,1292,1561,0,1,-630545,298961,-211155,-504261,-94058,-165792,,1475,276,369,377,0,445,1672,1229,1565,0,1,-636041,UNKNOWN,2026-08-28T08:30:26.820315+00:00,265453,-214941,-346589,-114471,-185294,,1446,290,432,373,False,TSE,達欣工,UNKNOWN,ordinary_stock,TWSE_T86+TPEX_DAILY_TRADE_HIS,2535,1627,1178,143,1173,0,0,1000,-1000,0,240000,0,0,,252,1216,1518,1211
2026-08-28,GOOD,0,0,0,0,0,0,0,1772,1900,1561,1834,0,2,-761880,-2767182,-1595000,-4871148,-1317980,-1764531,,119,62,100,104,0,1778,1894,1557,1842,0,2,-811812,UNKNOWN,2026-08-28T08:30:26.820315+00:00,-2797250,-1594000,-4871148,-1368980,-1804531,,113,68,104,96,False,TSE,宏普,UNKNOWN,ordinary_stock,TWSE_T86+TPEX_DAILY_TRADE_HIS,2536,1150,1179,964,1174,0,0,0,0,0,0,0,0,,1220,1217,1055,1212
2026-08-28,GOOD,0,0,0,0,0,0,0,130,1673,214,349,0,1,-2450351,2959883,-198995,2343371,223463,254766,,1761,289,1447,1589,0,134,1661,232,351,0,1,-2418101,UNKNOWN,2026-08-28T08:30:26.820315+00:00,2937949,-199252,2271674,226637,259924,,1757,301,1429,1587,False,TSE,聯上發,UNKNOWN,ordinary_stock,TWSE_T86+TPEX_DAILY_TRADE_HIS,2537,1151,1180,965,1175,0,0,0,0,0,0,0,0,,1221,1218,1056,1213
2026-08-28,GOOD,0,0,0,0,0,0,0,1313,1744,1456,1473,0,2,-119000,-61000,-331000,-1752410,-382000,-90000,,579,218,205,465,0,1348,1735,1462,1457,0,2,-83000,UNKNOWN,2026-08-28T08:30:26.820315+00:00,-85000,-331000,-1821410,-377000,-84000,,543,227,199,481,False,TSE,基泰,UNKNOWN,ordinary_stock,TWSE_T86+TPEX_DAILY_TRADE_HIS,2538,1152,1181,966,1176,0,0,0,0,0,0,0,0,,1222,1219,1057,1214
2026-08-28,GOOD,0,0,0,0,0,0,0,1755,1764,1538,1843,0,5,-1625659,-2086927,-401705,-3614861,-964729,-1856293,,136,198,123,95,0,1755,1757,1538,1844,0,5,-1675798,UNKNOWN,2026-08-28T08:30:26.820315+00:00,-2051188,-399461,-3678295,-961929,-1863493,,136,205,123,94,False,TSE,櫻花建,UNKNOWN,ordinary_stock,TWSE_T86+TPEX_DAILY_TRADE_HIS,2539,1628,1182,1366,1727,0,0,-1000,-1000,0,-1615,0,-1000,,253,1220,295,214
2026-08-28,GOOD,0,0,0,0,0,0,0,259,1783,1545,1673,0,2,-1594120,824838,-502828,-4013307,-441195,-384641,,1632,179,116,265,0,422,1781,1561,1772,0,2,-2078120,UNKNOWN,2026-08-28T08:30:26.820315+00:00,298838,-500828,-5136230,-938195,-889641,,1469,181,100,166,False,TSE,愛山林,UNKNOWN,ordinary_stock,TWSE_T86+TPEX_DAILY_TRADE_HIS,2540,1153,1183,1412,1177,0,0,0,0,0,-6923,0,0,,1223,1221,249,1215
2026-08-28,GOOD,0,0,0,0,0,0,0,21,192,35,462,1,0,-29387614,29653188,208245,31069054,181232,132787,,1870,1770,1626,1476,0,19,200,33,117,1,0,-31076088,UNKNOWN,2026-08-28T08:30:26.820315+00:00,35211894,181168,42980620,1925673,2067903,,1872,1762,1628,1821,False,TSE,興富發,UNKNOWN,ordinary_stock,TWSE_T86+TPEX_DAILY_TRADE_HIS,2542,23,65,24,26,1,0,-1700700,5061300,9000,9639351,1348300,1680300,,1868,1896,1637,1912
2026-08-28,GOOD,0,0,0,0,0,0,0,229,1563,303,717,0,1,-1028155,1090473,-103347,1284219,47574,31159,,1662,399,1358,1221,0,230,1555,313,765,0,1,-1055516,UNKNOWN,2026-08-28T08:30:26.820315+00:00,1100452,-107176,1256791,40034,22468,,1661,407,1348,1173,False,TSE,皇昌,UNKNOWN,ordinary_stock,TWSE_T86+TPEX_DAILY_TRADE_HIS,2543,1663,1184,1363,1178,0,0,3000,-3000,0,-1493,0,0,,224,1222,298,1216
2026-08-28,GOOD,0,0,0,0,0,0,0,312,938,511,426,0,1,-204783,541903,-1203,327461,272404,168560,,1579,1024,1150,1512,0,309,974,509,449,0,1,-291851,UNKNOWN,2026-08-28T08:30:26.820315+00:00,590971,-2203,333844,252404,149560,,1582,988,1152,1489,False,TSE,皇翔,UNKNOWN,ordinary_stock,TWSE_T86+TPEX_DAILY_TRADE_HIS,2545,1154,1185,967,1179,0,0,0,0,0,0,0,0,,1224,1223,1058,1217
2026-08-28,GOOD,0,0,0,0,0,0,0,306,1267,566,571,0,1,-434105,579985,-21143,233094,-35111,72940,,1585,695,1095,1367,0,324,1212,502,607,0,4,-406522,UNKNOWN,2026-08-28T08:30:26.820315+00:00,531048,-16143,345443,-54788,62263,,1567,750,1159,1331,False,TSE,根基,UNKNOWN,ordinary_stock,TWSE_T86+TPEX_DAILY_TRADE_HIS,2546,1155,1186,157,1180,0,0,0,0,0,162000,0,0,,1225,1224,1504,1218
2026-08-28,GOOD,0,0,0,0,0,0,0,141,1790,405,1600,0,1,-3085060,2649224,-531000,633592,-138918,-217918,,1750,172,1256,338,0,156,1785,526,1678,0,1,-3258427,UNKNOWN,2026-08-28T08:30:26.820315+00:00,2411857,-524000,292642,-302285,-423285,,1735,177,1135,260,False,TSE,日勝生,UNKNOWN,ordinary_stock,TWSE_T86+TPEX_DAILY_TRADE_HIS,2547,160,61,1456,113,1,0,13000,13000,13000,-20927,13000,13000,,1732,1901,205,1825
2026-08-28,GOOD,0,0,0,0,0,0,0,1738,1856,1595,1821,0,5,-1233851,-1741187,-919628,-9240584,-1238211,-1487519,,153,106,66,117,0,1740,1846,1596,1823,0,5,-1367123,UNKNOWN,2026-08-28T08:30:26.820315+00:00,-1636613,-932126,-9304531,-1247563,-1501868,,151,116,65,115,False,TSE,華固,UNKNOWN,ordinary_stock,TWSE_T86+TPEX_DAILY_TRADE_HIS,2548,127,1187,168,1747,0,0,-175800,171200,0,102991,-6000,-2300,,1764,1225,1493,191
2026-08-28,GOOD,0,0,0,0,0,0,0,303,357,321,285,10,0,134002,591770,34469,1112163,289886,362886,,1588,1605,1340,1653,0,312,357,352,298,8,0,148241,UNKNOWN,2026-08-28T08:30:26.820315+00:00,577163,35081,926319,294443,362702,,1579,1605,1309,1640,False,TSE,潤弘,UNKNOWN,ordinary_stock,TWSE_T86+TPEX_DAILY_TRADE_HIS,2597,1629,1188,1362,1181,0,0,1000,-1000,0,-1484,0,0,,254,1226,299,1219
2026-08-28,GOOD,0,0,0,0,0,0,0,1785,223,1482,1828,2,0,-35359,-3233205,134900,-2102499,-239419,-1634282,,106,1739,179,110,0,1787,228,1484,1833,2,0,-147655,UNKNOWN,2026-08-28T08:30:26.820315+00:00,-3217205,134900,-2125499,-229419,-1682430,,104,1734,177,105,False,TSE,益航,UNKNOWN,ordinary_stock,TWSE_T86+TPEX_DAILY_TRADE_HIS,2601,1156,1189,968,1182,0,0,0,0,0,0,0,0,,1226,1227,1059,1220
2026-08-28,GOOD,0,0,0,0,0,0,0,4,1885,7,10,0,1,-48790223,94859523,-1284547,123087844,8096185,23034650,,1887,77,1654,1928,0,5,1888,11,27,0,1,-57797646,UNKNOWN,2026-08-28T08:30:26.820315+00:00,89436524,-1433152,120780661,3093772,15819439,,1886,74,1650,1911,False,TSE,長榮,UNKNOWN,ordinary_stock,TWSE_T86+TPEX_DAILY_TRADE_HIS,2603,1873,44,1607,1932,1,0,-6877036,-4911874,73801,-1642309,-4980398,-5894455,,18,1918,54,6
2026-08-28,GOOD,0,0,0,0,0,0,0,1844,63,1502,1915,1,0,-4272613,-8526129,1436651,-2530946,-382673,-6399371,,47,1899,159,23,0,1855,57,1548,1917,1,0,-6077173,UNKNOWN,2026-08-28T08:30:26.820315+00:00,-10354029,1773989,-4279526,-1366616,-8215601,,36,1905,113,21,False,TSE,新興,UNKNOWN,ordinary_stock,TWSE_T86+TPEX_DAILY_TRADE_HIS,2605,1701,1190,1392,172,0,0,10000,-8000,0,-4000,1000,1000,,191,1228,268,1760
2026-08-28,GOOD,0,0,0,0,0,0,0,23,1897,31,21,0,1,5339994,25961474,-1495855,35986634,792742,15650734,,1868,65,1630,1917,0,24,1912,37,36,0,1,-157619,UNKNOWN,2026-08-28T08:30:26.820315+00:00,24206907,-2330887,33448830,-911988,12024644,,1867,50,1624,1902,False,TSE,裕民,UNKNOWN,ordinary_stock,TWSE_T86+TPEX_DAILY_TRADE_HIS,2606,1848,1946,1624,1922,0,5,-2920000,-1774000,-734000,-2666427,-1247000,-2347000,,43,16,37,16
2026-08-28,GOOD,0,0,0,0,0,0,0,248,1518,425,443,0,1,-609923,909159,-76860,576484,-17698,149618,,1643,444,1236,1495,0,252,1496,434,478,0,1,-655897,UNKNOWN,2026-08-28T08:30:26.820315+00:00,905365,-76860,514435,-43709,124734,,1639,466,1227,1460,False,TSE,榮運,UNKNOWN,ordinary_stock,TWSE_T86+TPEX_DAILY_TRADE_HIS,2607,1157,1191,1418,1183,0,0,0,0,0,-9541,0,0,,1227,1229,243,1221
2026-08-28,GOOD,0,0,0,0,0,0,0,1482,1471,1443,1441,0,3,101442,-237366,-63000,-1583727,-170000,-67962,,409,490,218,497,0,1500,1457,1454,1490,0,3,56037,UNKNOWN,2026-08-28T08:30:26.820315+00:00,-267307,-63300,-1656298,-208712,-105635,,391,505,207,448,False,TSE,嘉里大榮,UNKNOWN,ordinary_stock,TWSE_T86+TPEX_DAILY_TRADE_HIS,2608,1158,1192,969,1184,0,0,0,0,0,0,0,0,,1228,1230,1060,1222
2026-08-28,GOOD,0,0,0,0,0,0,0,1,1957,3,1903,0,1,-165926057,156451061,-17452883,166614758,-41073419,-4737498,,1890,5,1658,35,0,2,1957,3,1916,0,1,-179002415,UNKNOWN,2026-08-28T08:30:26.820315+00:00,162730193,-17497897,173076417,-42870251,-8136111,,1889,5,1658,22,False,TSE,陽明,UNKNOWN,ordinary_stock,TWSE_T86+TPEX_DAILY_TRADE_HIS,2609,94,1897,101,99,0,2,-367832,450136,-37000,801105,5722,41152,,1797,65,1560,1839
2026-08-28,GOOD,0,0,0,0,0,0,0,1818,1959,1657,37,0,2,24353567,-5323543,-18967484,-116609398,-6368616,9515012,,73,3,4,1901,0,1782,1959,1658,39,0,2,23661835,UNKNOWN,2026-08-28T08:30:26.820315+00:00,-2885963,-19348863,-111140568,-6330524,10387936,,109,3,3,1899,False,TSE,華航,UNKNOWN,ordinary_stock,TWSE_T86+TPEX_DAILY_TRADE_HIS,2610,48,1875,22,59,0,2,-1628844,2345156,-11000,9941528,157000,358156,,1843,87,1639,1879
2026-08-28,GOOD,0,0,0,0,0,0,0,1691,183,1408,1664,1,0,427634,-1130820,230172,-1151821,318204,-351593,,200,1779,253,274,0,1699,180,1417,1653,1,0,433178,UNKNOWN,2026-08-28T08:30:26.820315+00:00,-1118820,232172,-1202821,329204,-342821,,192,1782,244,285,False,TSE,志信,UNKNOWN,ordinary_stock,TWSE_T86+TPEX_DAILY_TRADE_HIS,2611,1159,1193,970,1185,0,0,0,0,0,0,0,0,,1229,1231,1061,1223
2026-08-28,GOOD,0,0,0,0,0,0,0,118,1793,165,144,0,1,-540561,3248823,-543571,3645722,23890,1354131,,1773,169,1496,1794,0,126,1791,182,160,0,1,-575428,UNKNOWN,2026-08-28T08:30:26.820315+00:00,3238524,-551107,3618228,-37586,1331548,,1765,171,1479,1778,False,TSE,中航,UNKNOWN,ordinary_stock,TWSE_T86+TPEX_DAILY_TRADE_HIS,2612,1160,1194,971,1186,0,0,0,0,0,0,0,0,,1230,1232,1062,1224
2026-08-28,GOOD,0,0,0,0,0,0,0,1680,255,1407,1816,2,0,-1782762,-1036762,98837,-1142762,-294315,-1409762,,211,1707,254,122,0,1688,252,1408,1817,2,0,-1803685,UNKNOWN,2026-08-28T08:30:26.820315+00:00,-1031839,101837,-1153839,-288315,-1417762,,203,1710,253,121,False,TSE,中櫃,UNKNOWN,ordinary_stock,TWSE_T86+TPEX_DAILY_TRADE_HIS,2613,1161,1195,972,1187,0,0,0,0,0,0,0,0,,1231,1233,1063,1225
2026-08-28,GOOD,0,0,0,0,0,0,0,178,1708,358,1606,0,1,-2141757,1692007,-250234,867526,-34955,-224875,,1713,254,1303,332,0,179,1695,361,1585,0,1,-2125757,UNKNOWN,2026-08-28T08:30:26.820315+00:00,1710007,-250234,855526,-17955,-207875,,1712,267,1300,353,False,TSE,東森,UNKNOWN,ordinary_stock,TWSE_T86+TPEX_DAILY_TRADE_HIS,2614,1162,1196,973,1188,0,0,0,0,0,0,0,0,,1232,1234,1064,1226
2026-08-28,GOOD,0,0,0,0,0,0,0,7,48,9,13,1,0,-30735872,74414246,2088891,110312629,4640143,21839187,,1884,1914,1652,1925,0,7,68,13,13,1,0,-38165826,UNKNOWN,2026-08-28T08:30:26.820315+00:00,80086130,1304159,117266903,4249983,20960152,,1884,1894,1648,1925,False,TSE,萬海,UNKNOWN,ordinary_stock,TWSE_T86+TPEX_DAILY_TRADE_HIS,2615,61,1914,87,1847,0,2,-1706666,1549000,-99000,1454053,-79686,-78833,,1830,48,1574,91
2026-08-28,GOOD,0,0,0,0,0,0,0,631,1163,832,817,0,1,-56000,90000,-10000,26000,29000,17000,,1260,796,829,1128,0,638,1147,898,783,0,1,-53951,UNKNOWN,2026-08-28T08:30:26.820315+00:00,93477,-10000,-2988,30900,19763,,1253,816,763,1155,False,TSE,山隆,UNKNOWN,ordinary_stock,TWSE_T86+TPEX_DAILY_TRADE_HIS,2616,1163,1197,974,1189,0,0,0,0,0,0,0,0,,1233,1235,1065,1227
2026-08-28,GOOD,0,0,0,0,0,0,0,91,1864,169,125,0,1,-1223926,4828130,-1018799,3492201,-722467,1802102,,1800,98,1492,1813,0,96,1857,186,139,0,1,-1481296,UNKNOWN,2026-08-28T08:30:26.820315+00:00,4791268,-1025711,3388359,-822193,1654986,,1795,105,1475,1799,False,TSE,台航,UNKNOWN,ordinary_stock,TWSE_T86+TPEX_DAILY_TRADE_HIS,2617,1164,1198,975,1190,0,0,0,0,0,0,0,0,,1234,1236,1066,1228
2026-08-28,GOOD,0,0,0,0,0,0,0,10,1949,13,65,0,2,-50332003,60316045,-6400678,99004376,-831741,4992021,,1881,13,1648,1873,0,11,1948,19,75,0,2,-48899828,UNKNOWN,2026-08-28T08:30:26.820315+00:00,57065008,-7098775,85925189,-1725589,4082590,,1880,14,1642,1863,False,TSE,長榮航,UNKNOWN,ordinary_stock,TWSE_T86+TPEX_DAILY_TRADE_HIS,2618,1844,74,1640,74,4,0,1772620,-1348698,5000,-4971001,316263,211961,,47,1888,21,1864
2026-08-28,GOOD,0,0,0,0,0,0,0,1774,1814,1535,1678,0,1,1948197,-2778519,-629909,-3490637,-298161,-415161,,117,148,126,260,0,1774,1858,1530,1630,0,1,2094957,UNKNOWN,2026-08-28T08:30:26.820315+00:00,-2681101,-1045199,-3239237,-107115,-293072,,117,104,131,308,False,TSE,亞航,UNKNOWN,ordinary_stock,TWSE_T86+TPEX_DAILY_TRADE_HIS,2630,1165,1199,976,1191,0,0,0,0,0,0,0,0,,1235,1237,1067,1229
2026-08-28,GOOD,0,0,0,0,0,0,0,184,1729,1632,122,0,1,2162824,1616998,-298000,-21765561,825186,1889911,,1707,233,29,1816,0,85,1721,1627,102,0,1,-493435,UNKNOWN,2026-08-28T08:30:26.820315+00:00,5336161,-303000,-17435223,984638,2421363,,1806,241,34,1836,False,TSE,台灣高鐵,UNKNOWN,ordinary_stock,TWSE_T86+TPEX_DAILY_TRADE_HIS,2633,34,1871,40,56,0,1,-2744000,3610000,-7000,5008970,106000,433000,,1857,92,1621,1882
2026-08-28,GOOD,0,0,0,0,0,0,0,1848,1960,118,1933,0,1,-27665161,-9184781,-24256778,6767415,-17002153,-18424971,,43,2,1543,5,0,1858,1960,134,1933,0,1,-27029046,UNKNOWN,2026-08-28T08:30:26.820315+00:00,-11188188,-27505344,5725616,-17717880,-19108617,,33,2,1527,5,False,TSE,漢翔,UNKNOWN,ordinary_stock,TWSE_T86+TPEX_DAILY_TRADE_HIS,2634,1754,1200,1605,1815,0,0,2000,-44000,0,-1583020,-15000,-21000,,137,1238,56,123
2026-08-28,GOOD,0,0,0,0,0,0,0,203,1648,248,1712,0,3,-2387430,1321518,-170269,1769976,-664286,-532956,,1688,314,1413,226,0,203,1615,257,1710,0,3,-2428962,UNKNOWN,2026-08-28T08:30:26.820315+00:00,1349084,-149272,1787462,-686091,-539939,,1688,347,1404,228,False,TSE,台驊控股,UNKNOWN,ordinary_stock,TWSE_T86+TPEX_DAILY_TRADE_HIS,2636,1166,1201,977,1192,0,0,0,0,0,0,0,0,,1236,1239,1068,1230
2026-08-28,GOOD,0,0,0,0,0,0,0,32,1874,46,36,0,1,3222595,16137057,-1174783,22086417,698136,9679826,,1859,88,1615,1902,0,97,1876,77,1862,0,1,-9217174,UNKNOWN,2026-08-28T08:30:26.820315+00:00,4671382,-1216078,11238259,621137,-2272896,,1794,86,1584,76,False,TSE,慧洋-KY,UNKNOWN,ordinary_stock,TWSE_T86+TPEX_DAILY_TRADE_HIS,2637,1885,1868,1652,1937,0,2,-12251969,-11445969,-6000,-10653136,-7269,-11848969,,6,94,9,1
2026-08-28,GOOD,0,0,0,0,0,0,0,594,331,654,573,4,0,38000,106000,42000,136000,70000,72000,,1297,1632,1006,1365,0,604,330,652,572,4,0,42000,UNKNOWN,2026-08-28T08:30:26.820315+00:00,110000,42000,134000,71000,76000,,1287,1630,1009,1366,False,TSE,宅配通,UNKNOWN,ordinary_stock,TWSE_T86+TPEX_DAILY_TRADE_HIS,2642,1167,1202,978,1193,0,0,0,0,0,0,0,0,,1237,1240,1069,1231
2026-08-28,GOOD,0,0,0,0,0,0,0,1863,1931,1627,1894,0,1,4457833,-12379501,-3374330,-17781747,-2539049,-3960834,,28,31,34,44,0,1862,1931,1629,1887,0,1,4754837,UNKNOWN,2026-08-28T08:30:26.820315+00:00,-12088727,-3343809,-17776720,-2188605,-3666945,,29,31,32,51,False,TSE,長榮航太,UNKNOWN,ordinary_stock,TWSE_T86+TPEX_DAILY_TRADE_HIS,2645,128,45,1509,80,2,0,80000,164000,64000,-101559,126000,122000,,1763,1917,152,1858
2026-08-28,GOOD,0,0,0,0,0,0,0,49,1854,1512,126,0,1,-6671278,10222062,-895359,-2841282,229883,1775392,,1842,108,149,1812,0,50,1844,1560,129,0,1,-6459506,UNKNOWN,2026-08-28T08:30:26.820315+00:00,10195172,-895918,-5038043,312324,1867833,,1841,118,101,1809,False,TSE,星宇航空,UNKNOWN,ordinary_stock,TWSE_T86+TPEX_DAILY_TRADE_HIS,2646,1707,1203,1608,153,0,0,14000,-10000,0,-1806304,2000,2000,,184,1241,53,1790
2026-08-28,GOOD,0,0,0,0,0,0,0,1454,1379,1199,1411,0,2,73000,-181000,-39000,-273000,-61000,-54000,,437,582,462,528,0,1464,1379,1210,1394,0,2,81000,UNKNOWN,2026-08-28T08:30:26.820315+00:00,-187000,-41000,-312000,-60000,-53000,,427,581,451,544,False,TSE,萬企,UNKNOWN,ordinary_stock,TWSE_T86+TPEX_DAILY_TRADE_HIS,2701,1168,1204,979,1194,0,0,0,0,0,0,0,0,,1238,1242,1070,1232
2026-08-28,GOOD,0,0,0,0,0,0,0,844,1124,779,905,0,1,-5000,23000,-7000,48000,8000,9000,,1047,839,881,1034,0,887,1092,781,974,0,1,-9000,UNKNOWN,2026-08-28T08:30:26.820315+00:00,17000,-6000,43000,3000,4000,,1003,874,880,959,False,TSE,華園,UNKNOWN,ordinary_stock,TWSE_T86+TPEX_DAILY_TRADE_HIS,2702,1169,1205,980,1195,0,0,0,0,0,0,0,0,,1239,1243,1071,1233
2026-08-28,GOOD,0,0,0,0,0,0,0,1594,1521,1369,1597,0,9,118000,-544000,-79000,-869000,-114000,-213000,,297,441,292,341,0,1599,1497,1371,1590,0,11,106000,UNKNOWN,2026-08-28T08:30:26.820315+00:00,-532000,-77000,-876000,-115000,-213000,,292,465,290,348,False,TSE,國賓,UNKNOWN,ordinary_stock,TWSE_T86+TPEX_DAILY_TRADE_HIS,2704,1170,1206,981,1196,0,0,0,0,0,0,0,0,,1240,1244,1072,1234
2026-08-28,GOOD,0,0,0,0,0,0,0,1077,1285,1028,1293,0,1,-29151,-2889,-23000,-58942,9000,-16020,,814,681,633,645,0,1033,1265,1046,1268,0,1,-29151,UNKNOWN,2026-08-28T08:30:26.820315+00:00,1111,-23000,-82942,9000,-14020,,858,697,615,670,False,TSE,六福,UNKNOWN,ordinary_stock,TWSE_T86+TPEX_DAILY_TRADE_HIS,2705,1171,1207,982,1197,0,0,0,0,0,0,0,0,,1241,1245,1073,1235
2026-08-28,GOOD,0,0,0,0,0,0,0,1474,1051,1232,1352,0,2,157000,-219000,-4000,-358000,-9000,-31000,,417,913,429,588,0,1473,1029,1252,1324,0,2,156816,UNKNOWN,2026-08-28T08:30:26.820315+00:00,-213184,-4000,-402184,-7184,-28184,,418,924,409,614,False,TSE,第一店,UNKNOWN,ordinary_stock,TWSE_T86+TPEX_DAILY_TRADE_HIS,2706,1172,1208,983,1198,0,0,0,0,0,0,0,0,,1242,1246,1074,1236
2026-08-28,GOOD,0,0,0,0,0,0,0,392,1516,1139,1476,0,2,-522878,337328,-76246,-169874,-74927,-92775,,1499,446,522,462,0,398,1494,1157,1465,0,2,-521972,UNKNOWN,2026-08-28T08:30:26.820315+00:00,342234,-76340,-207087,-72021,-89869,,1493,468,504,473,False,TSE,晶華,UNKNOWN,ordinary_stock,TWSE_T86+TPEX_DAILY_TRADE_HIS,2707,1630,1209,1371,1199,0,0,1000,-1000,0,-2000,0,0,,255,1247,290,1237
2026-08-28,GOOD,0,0,0,0,0,,0,1072,792,,949,0,0,14000,-2000,0,,4000,6000,,825,1177,,991,0,1052,778,,909,0,0,16000,UNKNOWN,2026-08-28T08:30:26.820315+00:00,0,0,,6000,8000,,842,1181,,1027,False,TSE,遠雄來,UNKNOWN,ordinary_stock,TWSE_T86+TPEX_DAILY_TRADE_HIS,2712,1173,1210,,1200,0,0,0,0,0,,0,0,,1243,1248,,1238
2026-08-28,GOOD,0,0,0,0,0,0,0,709,613,817,726,4,0,8000,52000,3000,30033,29000,30000,,1181,1354,844,1216,0,703,606,835,702,4,0,13000,UNKNOWN,2026-08-28T08:30:26.820315+00:00,57000,3000,19033,34000,35000,,1189,1356,826,1236,False,TSE,夏都,UNKNOWN,ordinary_stock,TWSE_T86+TPEX_DAILY_TRADE_HIS,2722,1174,1211,984,1201,0,0,0,0,0,0,0,0,,1244,1249,1075,1239
2026-08-28,GOOD,0,0,0,0,0,0,0,196,322,433,205,1,0,-22637,1377851,47097,538108,153477,677607,,1695,1640,1228,1733,0,200,317,439,217,1,0,-59853,UNKNOWN,2026-08-28T08:30:26.820315+00:00,1382851,49097,506893,158477,661499,,1691,1645,1222,1721,False,TSE,美食-KY,UNKNOWN,ordinary_stock,TWSE_T86+TPEX_DAILY_TRADE_HIS,2723,1175,1212,985,1202,0,0,0,0,0,0,0,0,,1245,1250,1076,1240
2026-08-28,GOOD,0,0,0,0,0,0,0,313,345,308,583,1,0,-403330,539526,39000,1241917,-50845,68098,,1578,1617,1353,1355,0,377,1185,346,1486,0,3,-596912,UNKNOWN,2026-08-28T08:30:26.820315+00:00,387448,-13001,968793,-164321,-104732,,1514,777,1315,452,False,TSE,王品,UNKNOWN,ordinary_stock,TWSE_T86+TPEX_DAILY_TRADE_HIS,2727,1787,1907,1529,1866,0,1,-174000,-176000,-52000,-176000,-110000,-175000,,104,56,132,72
2026-08-28,GOOD,0,0,0,0,0,0,0,1423,1308,1424,869,0,1,173731,-150843,-25000,-1368792,-456,11444,,468,657,237,1069,0,1487,1286,1449,1034,0,1,246030,UNKNOWN,2026-08-28T08:30:26.820315+00:00,-243024,-25118,-1630645,-7418,1503,,404,676,212,904,False,TSE,雄獅,UNKNOWN,ordinary_stock,TWSE_T86+TPEX_DAILY_TRADE_HIS,2731,1770,1213,1537,1203,0,0,81000,-81000,0,-231684,0,0,,121,1251,124,1241
2026-08-28,GOOD,0,0,0,0,0,0,0,421,1223,513,533,0,1,-107048,292952,-15048,322163,80952,92952,,1470,739,1148,1405,0,433,1176,517,540,0,1,-110048,UNKNOWN,2026-08-28T08:30:26.820315+00:00,287952,-12048,319163,73952,88952,,1458,786,1144,1398,False,TSE,寒舍,UNKNOWN,ordinary_stock,TWSE_T86+TPEX_DAILY_TRADE_HIS,2739,1176,1214,986,1204,0,0,0,0,0,0,0,0,,1246,1252,1077,1242
2026-08-28,GOOD,0,0,0,0,0,0,0,716,527,1127,1079,3,0,-50000,50000,7000,-151000,24000,0,,1176,1435,534,859,0,709,524,1146,995,3,0,-48000,UNKNOWN,2026-08-28T08:30:26.820315+00:00,54000,7000,-193000,27000,3000,,1182,1437,515,945,False,TSE,雲品,UNKNOWN,ordinary_stock,TWSE_T86+TPEX_DAILY_TRADE_HIS,2748,1177,1215,987,1205,0,0,0,0,0,0,0,0,,1247,1253,1078,1243
2026-08-28,GOOD,0,0,0,0,0,0,0,346,1079,521,1418,0,3,-549849,437971,-5000,307007,-181900,-55939,,1545,886,1140,520,0,353,1065,528,1407,0,3,-550515,UNKNOWN,2026-08-28T08:30:26.820315+00:00,437305,-5000,287450,-184211,-56605,,1538,895,1133,531,False,TSE,八方雲集,UNKNOWN,ordinary_stock,TWSE_T86+TPEX_DAILY_TRADE_HIS,2753,1680,1216,1435,1750,0,0,-966,-4966,0,-13550,-2966,-2966,,211,1254,226,188
2026-08-28,GOOD,0,0,0,0,0,0,0,924,1472,1187,845,0,1,14819,11271,-63000,-251829,17045,13045,,967,491,474,1093,0,956,1453,1184,930,0,1,2819,UNKNOWN,2026-08-28T08:30:26.820315+00:00,9271,-61000,-259829,14045,6045,,935,510,477,1008,False,TSE,世界健身-KY,UNKNOWN,ordinary_stock,TWSE_T86+TPEX_DAILY_TRADE_HIS,2762,1178,1217,988,1206,0,0,0,0,0,0,0,0,,1248,1255,1079,1244
2026-08-28,GOOD,0,0,0,0,0,0,0,26,1908,1653,67,0,1,-13180364,22748308,-1907750,-69456776,9671555,4783972,,1865,54,8,1871,0,28,1909,1654,62,0,1,-11650053,UNKNOWN,2026-08-28T08:30:26.820315+00:00,22067105,-2202915,-75736024,10294158,5208526,,1863,53,7,1876,False,TSE,彰銀,UNKNOWN,ordinary_stock,TWSE_T86+TPEX_DAILY_TRADE_HIS,2801,1839,1930,62,1890,0,2,309091,-1090909,-302000,3087622,-109000,-390909,,52,31,1599,48
2026-08-28,GOOD,0,0,0,0,0,0,0,37,1942,1650,53,0,1,-1208779,14180637,-4707757,-65740345,-2681459,6485929,,1854,20,11,1885,0,39,1941,1651,52,0,1,-785240,UNKNOWN,2026-08-28T08:30:26.820315+00:00,14046176,-4702595,-60839972,-2506751,6630468,,1852,21,10,1886,False,TSE,台中銀,UNKNOWN,ordinary_stock,TWSE_T86+TPEX_DAILY_TRADE_HIS,2812,1783,1218,37,1837,0,0,68831,-161169,0,6210891,-6000,-46169,,108,1256,1624,101
2026-08-28,GOOD,0,0,0,0,0,0,0,197,1646,305,290,0,1,-676672,1377178,-168991,1263944,157103,350253,,1694,316,1356,1648,0,207,1646,314,304,0,1,-630672,UNKNOWN,2026-08-28T08:30:26.820315+00:00,1333178,-180991,1242944,157103,351253,,1684,316,1347,1634,False,TSE,旺旺保,UNKNOWN,ordinary_stock,TWSE_T86+TPEX_DAILY_TRADE_HIS,2816,1179,1219,989,1207,0,0,0,0,0,0,0,0,,1249,1257,1080,1245
2026-08-28,GOOD,0,0,0,0,0,0,0,96,1662,1601,83,0,1,1908741,4437983,-181000,-9986132,2763362,3173362,,1795,301,60,1855,0,102,1658,1604,90,0,1,1701741,UNKNOWN,2026-08-28T08:30:26.820315+00:00,4284983,-197000,-10076532,2581362,2993362,,1789,304,57,1848,False,TSE,華票,UNKNOWN,ordinary_stock,TWSE_T86+TPEX_DAILY_TRADE_HIS,2820,1180,1220,990,1208,0,0,0,0,0,0,0,0,,1250,1258,1081,1246
2026-08-28,GOOD,0,0,0,0,0,0,0,511,1464,694,1402,0,2,-275780,176586,-59907,103238,-55418,-49597,,1380,498,967,536,0,513,1447,722,1359,0,2,-251482,UNKNOWN,2026-08-28T08:30:26.820315+00:00,172362,-59632,72612,-47681,-39560,,1378,515,939,579,False,TSE,台產,UNKNOWN,ordinary_stock,TWSE_T86+TPEX_DAILY_TRADE_HIS,2832,1181,1221,1406,1209,0,0,0,0,0,-5887,0,0,,1251,1259,255,1247
2026-08-28,GOOD,0,0,0,0,0,0,0,1877,12,1660,1934,1,0,-18996009,-28530833,11459380,-220788865,-724165,-23763421,,14,1950,1,4,0,1880,11,1660,1934,1,0,-17949949,UNKNOWN,2026-08-28T08:30:26.820315+00:00,-28822853,11462380,-216963539,-253165,-23386401,,11,1951,1,4,False,TSE,臺企銀,UNKNOWN,ordinary_stock,TWSE_T86+TPEX_DAILY_TRADE_HIS,2834,1822,1222,32,1840,0,0,450020,-557980,0,7151187,-7000,-53980,,69,1260,1629,98
2026-08-28,GOOD,0,0,0,0,0,0,0,111,300,1537,278,2,0,-2802740,3564016,62000,-3542743,315269,380638,,1780,1662,124,1660,0,115,307,1534,316,2,0,-2901740,UNKNOWN,2026-08-28T08:30:26.820315+00:00,3539016,58000,-3471814,250269,318638,,1776,1655,127,1622,False,TSE,高雄銀,UNKNOWN,ordinary_stock,TWSE_T86+TPEX_DAILY_TRADE_HIS,2836,1708,1223,1420,1210,0,0,10000,-10000,0,-10000,0,0,,185,1261,241,1248
2026-08-28,GOOD,0,0,0,0,0,0,0,1697,1894,1588,1850,0,1,-2752142,-1167942,-1453042,-8156325,-1555042,-1960042,,194,68,73,88,0,1676,1887,1587,1836,0,1,-2488439,UNKNOWN,2026-08-28T08:30:26.820315+00:00,-930943,-1429758,-8142153,-1319818,-1709691,,215,75,74,102,False,TSE,聯邦銀,UNKNOWN,ordinary_stock,TWSE_T86+TPEX_DAILY_TRADE_HIS,2838,173,1224,203,133,0,0,5000,5000,0,8866,5000,5000,,1718,1262,1458,1804
2026-08-05,STALE,0,0,,,0,,,,,,,3,0,,,9000,,21000,,,,,,,23,,,,,3,0,,UNKNOWN,2026-08-28T08:30:26.820315+00:00,,9000,,21000,,,,,,,True,TSE,聯邦銀甲特,UNKNOWN,warrant,TWSE_T86+TPEX_DAILY_TRADE_HIS,2838A,,,,,0,0,,,0,,0,,,,,,
2026-08-28,GOOD,0,0,0,0,0,0,0,40,1951,264,1920,0,1,-30172218,12112260,-8144849,1632377,-8088985,-9029979,,1851,11,1397,18,0,32,1951,97,1911,0,1,-32532218,UNKNOWN,2026-08-28T08:30:26.820315+00:00,19338260,-8165849,8497540,-7974985,-6596979,,1859,11,1564,27,False,TSE,遠東銀,UNKNOWN,ordinary_stock,TWSE_T86+TPEX_DAILY_TRADE_HIS,2845,24,1225,41,30,0,0,-1904000,4944000,0,4908858,-3000,1520000,,1867,1263,1620,1908
2026-08-28,GOOD,0,0,0,0,0,0,0,1073,1192,1073,1243,0,2,-16000,-2000,-12000,-90000,27000,-9000,,826,774,588,696,0,1344,1171,1220,1266,0,2,52000,UNKNOWN,2026-08-28T08:30:26.820315+00:00,-80000,-12000,-322331,19000,-14000,,547,790,441,672,False,TSE,安泰銀,UNKNOWN,ordinary_stock,TWSE_T86+TPEX_DAILY_TRADE_HIS,2849,1182,1226,216,1211,0,0,0,0,0,3769,0,0,,1252,1264,1445,1249
2026-08-28,GOOD,0,0,0,0,0,0,0,1153,1709,1044,1669,0,1,-717662,-12562,-251380,-68722,-258531,-365112,,738,253,617,269,0,981,1697,1029,1655,0,1,-708522,UNKNOWN,2026-08-28T08:30:26.820315+00:00,6316,-250968,-69622,-244259,-351103,,910,265,632,283,False,TSE,新產,UNKNOWN,ordinary_stock,TWSE_T86+TPEX_DAILY_TRADE_HIS,2850,1631,1227,234,1212,0,0,1000,-1000,0,642,0,0,,256,1265,1427,1250
2026-08-28,GOOD,0,0,0,0,0,0,0,100,1616,106,1751,0,2,-5492096,4135598,-139932,7454393,3276218,-678249,,1791,346,1555,187,0,105,1612,113,1764,0,2,-5673387,UNKNOWN,2026-08-28T08:30:26.820315+00:00,4146705,-146060,7227158,3200277,-763341,,1786,350,1548,174,False,TSE,中再保,UNKNOWN,ordinary_stock,TWSE_T86+TPEX_DAILY_TRADE_HIS,2851,1725,1228,1472,1805,0,0,-15000,-17000,0,-37000,-16000,-16000,,167,1266,189,133
2026-08-28,GOOD,0,0,0,0,0,0,0,137,1589,205,292,0,2,-2160962,2854754,-122992,2522186,43641,346896,,1754,373,1456,1646,0,140,1587,218,310,0,2,-2103962,UNKNOWN,2026-08-28T08:30:26.820315+00:00,2785754,-129992,2496186,13641,340896,,1751,375,1443,1628,False,TSE,第一保,UNKNOWN,ordinary_stock,TWSE_T86+TPEX_DAILY_TRADE_HIS,2852,1183,1229,991,1213,0,0,0,0,0,0,0,0,,1253,1267,1082,1251
2026-08-28,GOOD,0,0,0,0,0,0,0,1795,86,1577,1655,3,0,2864766,-3525392,931383,-6389280,3615898,-330313,,96,1876,84,283,0,160,82,142,112,3,0,1988506,UNKNOWN,2026-08-28T08:30:26.820315+00:00,2374348,991383,5196521,3613638,2181427,,1731,1880,1519,1826,False,TSE,統一證,UNKNOWN,ordinary_stock,TWSE_T86+TPEX_DAILY_TRADE_HIS,2855,21,48,18,16,1,0,-876260,5899740,60000,11585801,-2260,2511740,,1870,1915,1643,1922
2026-08-19,STALE,0,0,0,0,0,,0,15,34,,7,2,0,11720668,39083918,2989250,,15274293,25402293,,1876,1928,,1931,9,17,40,,10,2,0,11742452,UNKNOWN,2026-08-28T08:30:26.820315+00:00,39347576,2900250,,15317871,25545014,,1874,1922,,1928,True,TSE,三商壽,UNKNOWN,ordinary_stock,TWSE_T86+TPEX_DAILY_TRADE_HIS,2867,1748,1230,,1214,0,0,35063,-35063,0,,0,0,,143,1268,,1252
2026-08-28,GOOD,0,0,0,0,0,0,0,18,9,1644,11,2,0,11025053,34197039,14103214,-42387533,14233702,22611046,,1873,1953,17,1927,0,15,12,56,31,1,0,-13216412,UNKNOWN,2026-08-28T08:30:26.820315+00:00,41746906,11442323,18004330,9294982,14265247,,1876,1950,1605,1907,False,TSE,華南金,UNKNOWN,ordinary_stock,TWSE_T86+TPEX_DAILY_TRADE_HIS,2880,13,1959,4,1934,0,3,-22489308,9891876,-1992605,80386597,-3132012,-6298716,,1878,3,1657,4
2026-08-28,GOOD,0,0,0,0,0,0,0,14,66,27,28,1,0,-15291725,39803973,1366701,44633499,-4584784,12256124,,1877,1896,1634,1910,0,16,51,25,19,2,0,-7268253,UNKNOWN,2026-08-28T08:30:26.820315+00:00,41022781,1968070,51961898,126818,16877264,,1875,1911,1636,1919,False,TSE,富邦金,UNKNOWN,ordinary_stock,TWSE_T86+TPEX_DAILY_TRADE_HIS,2881,58,12,20,10,2,0,7316568,1804002,868469,10298812,4561047,4560285,,1833,1950,1641,1928
2026-08-27,STALE,0,0,,,0,,0,,,,,1,0,,,3000,,0,-4000,,,,,,1,,,,,1,0,,UNKNOWN,2026-08-28T08:30:26.820315+00:00,,3000,,0,-4000,,,,,,True,TSE,富邦特,UNKNOWN,warrant,TWSE_T86+TPEX_DAILY_TRADE_HIS,2881A,,,,,0,0,,,0,,0,0,,,,,
2026-08-28,GOOD,0,0,0,0,0,,0,,,,,0,0,0,0,0,,0,0,,,,,,0,,,,,9,0,-12000,UNKNOWN,2026-08-28T08:30:26.820315+00:00,36000,5000,,8000,12000,,,,,,False,TSE,富邦金乙特,UNKNOWN,warrant,TWSE_T86+TPEX_DAILY_TRADE_HIS,2881B,,,,,0,0,-38000,38000,0,,0,0,,,,,
2026-08-28,GOOD,0,0,0,0,0,0,0,50,25,60,26,1,0,15589593,10016615,4385710,15342072,4755325,12803104,,1841,1937,1601,1912,0,57,24,46,32,1,0,19977695,UNKNOWN,2026-08-28T08:30:26.820315+00:00,8548237,5758800,24478522,6354858,14262966,,1834,1938,1615,1906,False,TSE,國泰金,UNKNOWN,ordinary_stock,TWSE_T86+TPEX_DAILY_TRADE_HIS,2882,1804,9,17,36,1,0,2565379,-285109,1188250,12389199,1175563,1140135,,87,1953,1644,1902
2026-08-19,STALE,0,0,,,0,,0,,,,,0,0,,,0,,-11000,-16000,,,,,,9,,,,,2,0,,UNKNOWN,2026-08-28T08:30:26.820315+00:00,,40000,,57000,52000,,,,,,True,TSE,國泰特,UNKNOWN,warrant,TWSE_T86+TPEX_DAILY_TRADE_HIS,2882A,,,,,2,0,,,40000,,68000,68000,,,,,
2026-08-28,GOOD,0,0,0,0,0,,0,,,,,0,0,36000,12000,0,,24000,24000,,,,,,0,,,,,4,0,29000,UNKNOWN,2026-08-28T08:30:26.820315+00:00,-13000,1000,,24000,8000,,,,,,False,TSE,國泰金乙特,UNKNOWN,warrant,TWSE_T86+TPEX_DAILY_TRADE_HIS,2882B,,,,,0,0,0,0,0,,0,0,,,,,
2026-08-28,GOOD,0,0,0,0,0,0,0,16,13,21,3,4,0,103054967,36850785,9558028,65526460,50817688,69952876,,1875,1949,1640,1935,0,6,13,4,4,4,0,42608966,UNKNOWN,2026-08-28T08:30:26.820315+00:00,84320594,9698842,169316856,43556327,63464780,,1885,1949,1657,1934,False,TSE,凱基金,UNKNOWN,ordinary_stock,TWSE_T86+TPEX_DAILY_TRADE_HIS,2883,3,1901,2,1930,0,2,-60798495,50068551,-42890,113194899,-6317133,-5364972,,1888,61,1659,8
2026-08-28,GOOD,0,0,0,0,0,0,0,,,,,0,4,-568482,285518,-35000,-868482,-226000,-141482,,,,,,0,,,,,0,4,-565482,UNKNOWN,2026-08-28T08:30:26.820315+00:00,-461482,-4000,-2019482,-541000,-513482,,,,,,False,TSE,凱基金乙特,UNKNOWN,warrant,TWSE_T86+TPEX_DAILY_TRADE_HIS,2883B,,,,,0,0,0,0,0,0,0,0,,,,,
2026-08-28,GOOD,0,0,0,0,0,0,0,1888,1948,1659,1928,0,3,65766531,-91501299,-6139266,-147679412,-24102552,-12867384,,3,14,2,10,0,1872,1947,1649,1912,0,3,3256647,UNKNOWN,2026-08-28T08:30:26.820315+00:00,-17322949,-6335833,-55100032,-19296263,-7033151,,19,15,12,26,False,TSE,玉山金,UNKNOWN,ordinary_stock,TWSE_T86+TPEX_DAILY_TRADE_HIS,2884,2,54,3,4,17,0,-63149248,75818350,32067,97243746,5637094,6334551,,1889,1908,1658,1934
2026-08-28,GOOD,0,0,0,0,0,0,0,1886,47,1648,1914,2,0,44616993,-57308531,2113168,-57460628,3988938,-6345769,,5,1915,13,24,0,1887,1554,1648,1924,0,1,43869524,UNKNOWN,2026-08-28T08:30:26.820315+00:00,-63792786,-106738,-53542378,1395727,-9961631,,4,408,13,14,False,TSE,元大金,UNKNOWN,ordinary_stock,TWSE_T86+TPEX_DAILY_TRADE_HIS,2885,1877,1954,29,1925,0,7,-765687,-5200471,-1626104,7609631,-1766498,-2983079,,14,8,1632,13
2026-08-28,GOOD,0,0,0,0,0,0,0,2,3,14,2,12,0,7667622,155696568,42353340,98937167,55201774,81682095,,1889,1959,1647,1936,0,1,3,6,2,12,0,-20386716,UNKNOWN,2026-08-28T08:30:26.820315+00:00,169799736,39263206,147832295,51681976,74706510,,1890,1959,1655,1936,False,TSE,兆豐金,UNKNOWN,ordinary_stock,TWSE_T86+TPEX_DAILY_TRADE_HIS,2886,9,1960,5,1933,0,2,-27510227,15179595,-2885169,64265113,-2642079,-6165316,,1882,2,1656,5
2026-08-28,GOOD,0,0,0,0,0,0,0,1889,1939,1641,1863,0,1,87701436,-92370410,-4053099,-33652244,5780971,-2334487,,2,23,20,75,0,1873,1926,20,1789,0,1,15248264,UNKNOWN,2026-08-28T08:30:26.820315+00:00,-17388778,-2846100,85740172,8938042,-1070257,,18,36,1641,149,False,TSE,台新新光金,UNKNOWN,ordinary_stock,TWSE_T86+TPEX_DAILY_TRADE_HIS,2887,1,5,1,13,4,0,-71347544,77256050,1481699,126341723,3619115,2954253,,1890,1957,1660,1925
2026-08-28,GOOD,0,0,0,0,0,,0,,,,,0,2,97000,3000,-14000,,-15000,50000,,,,,,0,,,,,0,2,97000,UNKNOWN,2026-08-28T08:30:26.820315+00:00,3000,-14000,,-15000,50000,,,,,,False,TSE,台新新光戊特一,UNKNOWN,warrant,TWSE_T86+TPEX_DAILY_TRADE_HIS,2887E,,,,,0,0,0,0,0,,0,0,,,,,
2026-08-26,STALE,0,0,,,0,,0,,,,,2,0,,,2000,,3000,7000,,,,,,2,,,,,2,0,,UNKNOWN,2026-08-28T08:30:26.820315+00:00,,2000,,3000,7000,,,,,,True,TSE,台新新光庚特一,UNKNOWN,warrant,TWSE_T86+TPEX_DAILY_TRADE_HIS,2887G,,,,,0,0,,,0,,0,0,,,,,
2026-08-28,GOOD,0,0,0,0,0,,0,,,,,0,3,-111000,59000,-9000,,-30000,-26000,,,,,,0,,,,,0,3,-111000,UNKNOWN,2026-08-28T08:30:26.820315+00:00,59000,-9000,,-30000,-26000,,,,,,False,TSE,台新新光庚特二,UNKNOWN,warrant,TWSE_T86+TPEX_DAILY_TRADE_HIS,2887H,,,,,0,0,0,0,0,,0,0,,,,,
2026-08-28,GOOD,0,0,0,0,0,0,0,,,,,0,5,-2444808,-4565192,-552000,-12549570,-3121000,-3505000,,,,,,0,,,,,0,5,-2444808,UNKNOWN,2026-08-28T08:30:26.820315+00:00,-4565192,-552000,-12549570,-3121000,-3505000,,,,,,False,TSE,台新新光辛特,UNKNOWN,warrant,TWSE_T86+TPEX_DAILY_TRADE_HIS,2887I,,,,,0,0,0,0,0,0,0,0,,,,,
2026-08-06,STALE,0,0,,,0,,,,,,,0,3,,,-37000,,-65000,,,,,,,22,,,,,0,3,,UNKNOWN,2026-08-28T08:30:26.820315+00:00,,-37000,,-65000,,,,,,,True,TSE,台新新光己特,UNKNOWN,warrant,TWSE_T86+TPEX_DAILY_TRADE_HIS,2887Z1,,,,,0,0,,,0,,0,,,,,,
2026-08-28,GOOD,0,0,0,0,0,0,0,28,1933,64,20,0,1,9983001,22018075,-3727000,14210682,16397494,16000538,,1863,29,1597,1918,0,27,1935,73,26,0,1,10149430,UNKNOWN,2026-08-28T08:30:26.820315+00:00,22126348,-3680649,12216705,16526845,16137889,,1864,27,1588,1912,False,TSE,國票金,UNKNOWN,ordinary_stock,TWSE_T86+TPEX_DAILY_TRADE_HIS,2889,1184,1231,1611,1215,0,0,0,0,0,-2026394,0,0,,1254,1269,50,1253
2026-08-28,GOOD,0,0,0,0,0,0,0,1878,32,194,61,2,0,40990275,-29305801,3146930,2805474,6862977,5842237,,13,1930,1467,1877,0,88,41,31,100,2,0,-128711,UNKNOWN,2026-08-28T08:30:26.820315+00:00,5235525,2846752,44142333,5099172,2553407,,1803,1921,1630,1838,False,TSE,永豐金,UNKNOWN,ordinary_stock,TWSE_T86+TPEX_DAILY_TRADE_HIS,2890,5,1905,8,1916,0,3,-39438013,36371977,-49404,49265498,-411812,-1533018,,1886,57,1653,22
2026-08-28,GOOD,0,0,0,0,0,0,0,1880,110,48,1905,1,0,21901370,-31847272,579279,20734052,-5564645,-4972951,,11,1852,1613,33,0,1884,48,75,1906,1,0,27658385,UNKNOWN,2026-08-28T08:30:26.820315+00:00,-37638633,2181189,11998934,-5001664,-4990124,,7,1914,1586,32,False,TSE,中信金,UNKNOWN,ordinary_stock,TWSE_T86+TPEX_DAILY_TRADE_HIS,2891,1876,4,1639,29,1,0,8238547,-5130817,1953753,-4712489,1775613,1553865,,15,1958,22,1909
2026-08-27,STALE,0,0,0,0,0,,0,,,,,0,0,0,0,0,,0,0,,,,,,1,,,,,0,0,-1000,UNKNOWN,2026-08-28T08:30:26.820315+00:00,13000,0,,5000,6000,,,,,,True,TSE,中信金乙特,UNKNOWN,warrant,TWSE_T86+TPEX_DAILY_TRADE_HIS,2891B,,,,,0,0,0,0,0,,0,0,,,,,
2026-08-28,GOOD,0,0,0,0,0,,0,,,,,0,0,0,0,0,,0,0,,,,,,0,,,,,1,0,-44000,UNKNOWN,2026-08-28T08:30:26.820315+00:00,-26000,1000,,-37000,-35000,,,,,,False,TSE,中信金丙特,UNKNOWN,warrant,TWSE_T86+TPEX_DAILY_TRADE_HIS,2891C,,,,,0,0,0,0,0,,0,0,,,,,
2026-08-28,GOOD,0,0,0,0,0,0,0,3,2,19,1,8,0,56224263,130231021,43364720,67944777,66076633,93227642,,1888,1960,1642,1937,0,3,2,15,1,14,0,24647554,UNKNOWN,2026-08-28T08:30:26.820315+00:00,148826810,42448487,110562961,63886282,86737182,,1888,1960,1646,1937,False,TSE,第一金,UNKNOWN,ordinary_stock,TWSE_T86+TPEX_DAILY_TRADE_HIS,2892,8,1949,7,1935,0,3,-33102279,19133825,-927055,50424890,-2640941,-6984227,,1883,13,1654,3
2026-08-28,GOOD,0,0,0,0,0,0,0,34,84,81,39,10,0,3400738,14974738,963000,10323080,8015553,9187738,,1857,1878,1580,1899,0,38,86,115,42,10,0,3122738,UNKNOWN,2026-08-28T08:30:26.820315+00:00,14836738,897000,7192928,7775553,8979738,,1853,1876,1546,1896,False,TSE,王道銀行,UNKNOWN,ordinary_stock,TWSE_T86+TPEX_DAILY_TRADE_HIS,2897,1185,1232,1625,1216,0,0,0,0,0,-2703152,0,0,,1255,1270,36,1254
2026-08-28,GOOD,0,0,0,0,0,,0,930,701,,950,1,0,1000,11000,1000,,4000,6000,,964,1263,,992,0,918,689,,910,1,0,3000,UNKNOWN,2026-08-28T08:30:26.820315+00:00,13000,1000,,5000,8000,,973,1266,,1028,False,TSE,欣欣,UNKNOWN,ordinary_stock,TWSE_T86+TPEX_DAILY_TRADE_HIS,2901,1186,1233,,1217,0,0,0,0,0,,0,0,,1256,1271,,1255
2026-08-28,GOOD,0,0,0,0,0,0,0,54,591,317,123,8,0,-5437194,9153584,4000,1178610,264121,1858195,,1837,1379,1344,1815,0,51,387,175,128,8,0,-6241408,UNKNOWN,2026-08-28T08:30:26.820315+00:00,10059798,26000,3775326,318121,1909195,,1840,1574,1486,1810,False,TSE,遠百,UNKNOWN,ordinary_stock,TWSE_T86+TPEX_DAILY_TRADE_HIS,2903,77,1234,73,173,0,0,-804000,806000,0,2248729,1000,1000,,1814,1272,1588,1761
2026-08-28,GOOD,0,0,0,0,0,0,0,759,702,866,875,1,0,-19000,41000,1000,15000,11000,11000,,1134,1264,795,1062,0,774,690,880,861,1,0,-16000,UNKNOWN,2026-08-28T08:30:26.820315+00:00,40000,1000,5000,12000,12000,,1118,1267,783,1074,False,TSE,匯僑,UNKNOWN,ordinary_stock,TWSE_T86+TPEX_DAILY_TRADE_HIS,2904,1187,1235,992,1218,0,0,0,0,0,0,0,0,,1257,1273,1083,1256
2026-08-28,GOOD,0,0,0,0,0,0,0,133,252,177,168,4,0,-863267,2927455,100690,3230117,919694,1032094,,1758,1710,1484,1770,0,129,196,189,174,4,0,-768541,UNKNOWN,2026-08-28T08:30:26.820315+00:00,3100197,188690,3235859,1048694,1165828,,1762,1766,1472,1764,False,TSE,三商,UNKNOWN,ordinary_stock,TWSE_T86+TPEX_DAILY_TRADE_HIS,2905,1188,1236,993,1219,0,0,0,0,0,0,0,0,,1258,1274,1084,1257
2026-08-28,GOOD,0,0,0,0,0,0,0,326,546,432,505,4,0,-279794,501794,6000,540794,65000,111000,,1565,1424,1229,1433,0,326,501,433,514,4,0,-319794,UNKNOWN,2026-08-28T08:30:26.820315+00:00,523794,10000,516794,61000,102000,,1565,1463,1228,1424,False,TSE,高林,UNKNOWN,ordinary_stock,TWSE_T86+TPEX_DAILY_TRADE_HIS,2906,1189,1237,994,1220,0,0,0,0,0,0,0,0,,1259,1275,1085,1258
2026-08-28,GOOD,0,0,0,0,0,0,0,656,1080,1109,504,0,2,149488,73488,-5000,-126410,23498,111488,,1235,887,552,1434,0,655,1066,1189,555,0,2,82488,UNKNOWN,2026-08-28T08:30:26.820315+00:00,82488,-5000,-266410,-5502,82488,,1236,896,472,1383,False,TSE,特力,UNKNOWN,ordinary_stock,TWSE_T86+TPEX_DAILY_TRADE_HIS,2908,1190,1238,995,1221,0,0,0,0,0,0,0,0,,1260,1276,1086,1259
2026-08-28,GOOD,0,0,0,0,0,0,0,994,793,883,1006,0,0,2000,4000,0,9000,5000,3000,,904,1178,779,936,0,993,779,882,975,0,0,3000,UNKNOWN,2026-08-28T08:30:26.820315+00:00,5000,0,3848,7000,4000,,895,1182,779,960,False,TSE,統領,UNKNOWN,ordinary_stock,TWSE_T86+TPEX_DAILY_TRADE_HIS,2910,1191,1239,996,1222,0,0,0,0,0,0,0,0,,1261,1277,1087,1260
2026-08-28,GOOD,0,0,0,0,0,0,0,1358,1212,836,1322,0,2,47000,-91000,-14000,24000,-9000,-22000,,533,750,824,616,0,1367,1196,829,1300,0,2,54000,UNKNOWN,2026-08-28T08:30:26.820315+00:00,-94000,-14000,21000,-7000,-20000,,524,767,831,640,False,TSE,麗嬰房,UNKNOWN,ordinary_stock,TWSE_T86+TPEX_DAILY_TRADE_HIS,2911,1192,1240,997,1223,0,0,0,0,0,0,0,0,,1262,1278,1088,1261
2026-08-28,GOOD,0,0,0,0,0,0,0,71,1742,96,184,0,1,-4915669,6617045,-318169,8442839,-102904,850688,,1820,220,1565,1754,0,87,1810,132,250,0,1,-4325509,UNKNOWN,2026-08-28T08:30:26.820315+00:00,5307437,-627147,5821277,-378301,490964,,1804,152,1529,1688,False,TSE,統一超,UNKNOWN,ordinary_stock,TWSE_T86+TPEX_DAILY_TRADE_HIS,2912,1842,1931,1618,1881,0,2,627507,-1254493,-302000,-2457525,-303000,-313493,,49,32,43,57
2026-08-28,GOOD,0,0,0,0,0,0,0,110,1806,166,236,0,1,-2628088,3645406,-587000,3604837,37659,508659,,1781,156,1495,1702,0,114,1800,183,220,0,1,-2413188,UNKNOWN,2026-08-28T08:30:26.820315+00:00,3690506,-587000,3582373,166659,638659,,1777,162,1478,1718,False,TSE,農林,UNKNOWN,ordinary_stock,TWSE_T86+TPEX_DAILY_TRADE_HIS,2913,1193,1241,998,1224,0,0,0,0,0,0,0,0,,1263,1279,1089,1262
2026-08-28,GOOD,0,0,0,0,0,0,0,166,1823,110,1810,0,4,-4850826,2141778,-667952,7174130,-1298514,-1354524,,1725,139,1551,128,0,144,1826,107,1806,0,4,-5360657,UNKNOWN,2026-08-28T08:30:26.820315+00:00,2683669,-703415,7671783,-1307389,-1338494,,1747,136,1554,132,False,TSE,潤泰全,UNKNOWN,ordinary_stock,TWSE_T86+TPEX_DAILY_TRADE_HIS,2915,85,1242,112,1757,0,0,-618000,612000,0,605489,-2000,-3000,,1806,1280,1549,181
2026-08-28,GOOD,0,0,0,0,0,0,0,1381,1430,1270,1303,0,1,74069,-108069,-51000,-446750,40000,-17000,,510,530,391,640,0,1357,1481,1319,721,0,1,151608,UNKNOWN,2026-08-28T08:30:26.820315+00:00,-88756,-71101,-612020,57426,31426,,534,481,342,1217,False,TSE,鼎固-KY,UNKNOWN,ordinary_stock,TWSE_T86+TPEX_DAILY_TRADE_HIS,2923,1194,1243,1464,1225,0,0,0,0,0,-25583,0,0,,1264,1281,197,1263
2026-08-28,GOOD,0,0,0,0,0,0,0,965,1052,916,630,0,1,102999,6999,-4000,-2001,64000,54999,,926,914,745,1308,0,1061,1030,936,669,0,1,90999,UNKNOWN,2026-08-28T08:30:26.820315+00:00,-1001,-4000,-20001,54000,44999,,830,925,725,1269,False,TSE,淘帝-KY,UNKNOWN,ordinary_stock,TWSE_T86+TPEX_DAILY_TRADE_HIS,2929,1195,1244,999,1226,0,0,0,0,0,0,0,0,,1265,1282,1090,1264
2026-08-28,GOOD,0,0,0,0,0,,0,1165,1021,,1230,0,2,-2000,-14000,-3000,,-2000,-8000,,728,960,,711,0,1165,1031,,1221,0,1,-4000,UNKNOWN,2026-08-28T08:30:26.820315+00:00,-14000,-4000,,-2000,-9000,,727,926,,715,False,TSE,永邑-KY,UNKNOWN,ordinary_stock,TWSE_T86+TPEX_DAILY_TRADE_HIS,2939,1196,1245,,1227,0,0,0,0,0,,0,0,,1266,1283,,1265
2026-08-28,GOOD,0,0,0,0,0,0,0,1136,904,917,1144,0,1,6000,-10000,-1000,-3000,-1000,-2000,,755,1087,744,797,0,1188,890,918,1238,0,2,-3094,UNKNOWN,2026-08-28T08:30:26.820315+00:00,-17094,-1000,-11094,-4094,-10094,,703,1096,743,700,False,TSE,三商家購,UNKNOWN,ordinary_stock,TWSE_T86+TPEX_DAILY_TRADE_HIS,2945,1197,1246,1000,1228,0,0,0,0,0,0,0,0,,1267,1284,1091,1266
2026-08-28,GOOD,0,0,0,0,0,0,0,565,456,606,503,7,0,97000,127000,14000,183000,81000,112000,,1326,1506,1054,1435,0,579,460,624,498,7,0,95825,UNKNOWN,2026-08-28T08:30:26.820315+00:00,128187,14000,157864,82006,112006,,1312,1503,1037,1440,False,TSE,歐格,UNKNOWN,ordinary_stock,TWSE_T86+TPEX_DAILY_TRADE_HIS,3002,1198,1247,1001,1229,0,0,0,0,0,0,0,0,,1268,1285,1092,1267
2026-08-28,GOOD,0,0,0,0,0,0,0,213,75,148,129,2,0,2085699,1206649,1200229,4811849,1743132,1646174,,1678,1887,1513,1809,0,206,72,150,137,2,0,2087222,UNKNOWN,2026-08-28T08:30:26.820315+00:00,1337050,1262176,4897789,1807756,1712136,,1685,1890,1511,1801,False,TSE,健和興,UNKNOWN,ordinary_stock,TWSE_T86+TPEX_DAILY_TRADE_HIS,3003,1199,1248,1002,1230,0,0,0,0,0,0,0,0,,1269,1286,1093,1268
2026-08-28,GOOD,0,0,0,0,0,0,0,1640,1716,1201,1706,0,2,-266688,-755232,-264055,-278298,-364090,-510960,,251,246,460,232,0,1668,1703,1296,1712,0,11,-192710,UNKNOWN,2026-08-28T08:30:26.820315+00:00,-890724,-263831,-548763,-391860,-541717,,223,259,365,226,False,TSE,豐達科,UNKNOWN,ordinary_stock,TWSE_T86+TPEX_DAILY_TRADE_HIS,3004,1740,1249,1520,1825,0,0,-30000,-30000,0,-134000,-30000,-30000,,151,1287,141,112
2026-08-28,GOOD,0,0,0,0,0,0,0,521,1695,179,1480,0,1,-355692,166602,-227813,3194375,261223,-94545,,1370,267,1482,458,0,1465,1692,250,1610,0,2,-287602,UNKNOWN,2026-08-28T08:30:26.820315+00:00,-189956,-248833,1913794,190013,-238779,,426,270,1411,328,False,TSE,神基,UNKNOWN,ordinary_stock,TWSE_T86+TPEX_DAILY_TRADE_HIS,3005,1761,1250,1563,1829,0,0,-7624,-59624,0,-495292,-33624,-33624,,130,1288,98,109
2026-08-28,GOOD,0,0,0,0,0,0,0,251,1828,38,141,0,1,1887275,880681,-676539,29644932,-1495675,1383978,,1640,134,1623,1797,0,478,1840,40,143,0,1,2999309,UNKNOWN,2026-08-28T08:30:26.820315+00:00,212645,-845653,29526715,-1259141,1605977,,1413,122,1621,1795,False,TSE,晶豪科,UNKNOWN,ordinary_stock,TWSE_T86+TPEX_DAILY_TRADE_HIS,3006,1744,1251,1467,1810,0,0,-5000,-33000,0,-27715,-20000,-19000,,146,1289,194,129
2026-08-28,GOOD,0,0,0,0,0,0,0,1435,117,1461,639,1,0,270945,-166823,563648,-1790383,306031,52061,,456,1845,200,1299,0,250,114,505,301,3,0,-201471,UNKNOWN,2026-08-28T08:30:26.820315+00:00,918625,565736,341101,648557,358577,,1641,1848,1156,1637,False,TSE,大立光,UNKNOWN,ordinary_stock,TWSE_T86+TPEX_DAILY_TRADE_HIS,3008,83,39,85,63,3,0,-40686,691646,101680,1590191,316597,325480,,1808,1923,1576,1875
2026-08-28,GOOD,0,0,0,0,0,0,0,1659,1342,252,1695,0,4,-46880,-901970,-30000,1754634,-217868,-474425,,232,623,1409,243,0,1660,1309,261,1685,0,4,-40352,UNKNOWN,2026-08-28T08:30:26.820315+00:00,-849876,-27507,1758904,-209271,-445114,,231,653,1400,253,False,TSE,華立,UNKNOWN,ordinary_stock,TWSE_T86+TPEX_DAILY_TRADE_HIS,3010,1664,1839,1398,1736,0,3,-1000,-3000,-1000,-4616,-3000,-2000,,225,120,263,199
2026-08-28,GOOD,0,0,0,0,0,0,0,419,1264,1363,1509,0,1,-528333,297667,-21000,-814333,54667,-115333,,1472,697,298,429,0,415,1247,1361,1501,0,1,-526333,UNKNOWN,2026-08-28T08:30:26.820315+00:00,301667,-21000,-816333,56667,-112333,,1476,712,300,437,False,TSE,今皓,UNKNOWN,ordinary_stock,TWSE_T86+TPEX_DAILY_TRADE_HIS,3011,1200,1252,1003,1231,0,0,0,0,0,0,0,0,,1270,1290,1094,1269
2026-08-28,GOOD,0,0,0,0,0,0,0,655,1795,518,1549,0,1,-381862,73802,-548512,315000,-241689,-154030,,1236,167,1143,389,0,541,1795,452,1419,0,1,-269361,UNKNOWN,2026-08-28T08:30:26.820315+00:00,146429,-561495,462017,-160080,-61466,,1350,167,1209,519,False,TSE,晟銘電,UNKNOWN,ordinary_stock,TWSE_T86+TPEX_DAILY_TRADE_HIS,3013,1653,1253,1004,1232,0,0,2000,-2000,0,0,0,0,,241,1291,1095,1270
2026-08-28,GOOD,0,0,0,0,0,0,0,333,397,1501,255,5,0,411261,486411,24000,-2496958,374591,448836,,1558,1564,160,1683,0,264,404,1505,264,6,0,92620,UNKNOWN,2026-08-28T08:30:26.820315+00:00,804928,23215,-2546977,374027,448774,,1627,1558,156,1674,False,TSE,聯陽,UNKNOWN,ordinary_stock,TWSE_T86+TPEX_DAILY_TRADE_HIS,3014,110,1840,1433,1798,0,3,-342244,317756,-1000,-13394,-11044,-12244,,1781,121,228,140
2026-08-28,GOOD,0,0,0,0,0,0,0,1525,1545,442,1586,0,2,-78085,-329775,-92498,494349,-214372,-203930,,366,417,1219,352,0,1529,1529,449,1574,0,2,-65251,UNKNOWN,2026-08-28T08:30:26.820315+00:00,-331025,-91508,474326,-210956,-198138,,362,433,1212,364,False,TSE,全漢,UNKNOWN,ordinary_stock,TWSE_T86+TPEX_DAILY_TRADE_HIS,3015,1675,1254,1452,1737,0,0,0,-4000,0,-19364,-2000,-2000,,216,1292,209,200
2026-08-28,GOOD,0,0,0,0,0,0,0,1440,1798,1474,935,0,2,183474,-170622,-551579,-1965871,586720,6426,,451,164,187,1003,0,1182,1788,1444,549,0,2,185301,UNKNOWN,2026-08-28T08:30:26.820315+00:00,-16041,-543810,-1514625,675767,84630,,709,174,217,1389,False,TSE,嘉晶,UNKNOWN,ordinary_stock,TWSE_T86+TPEX_DAILY_TRADE_HIS,3016,194,1255,222,174,0,0,0,2000,0,2681,0,1000,,1702,1293,1439,1762
2026-08-28,GOOD,0,0,0,0,0,0,0,465,1360,108,1722,0,3,-1362674,230258,-33669,7233192,-1039545,-566208,,1426,602,1553,216,0,168,123,68,124,2,0,1891616,UNKNOWN,2026-08-28T08:30:26.820315+00:00,2017360,503969,13851776,1199472,1954488,,1723,1839,1593,1814,False,TSE,奇鋐,UNKNOWN,ordinary_stock,TWSE_T86+TPEX_DAILY_TRADE_HIS,3017,59,19,36,20,8,0,2626276,1767154,626941,6376967,2001879,2196715,,1832,1943,1625,1918
2026-08-28,GOOD,0,0,0,0,0,0,0,1263,571,738,1145,1,0,32000,-36000,5000,72000,9000,-2000,,629,1403,923,798,0,1266,570,725,1117,1,0,31078,UNKNOWN,2026-08-28T08:30:26.820315+00:00,-35000,4575,71000,9575,-1961,,625,1392,936,821,False,TSE,隆銘綠能,UNKNOWN,ordinary_stock,TWSE_T86+TPEX_DAILY_TRADE_HIS,3018,1201,1256,1005,1233,0,0,0,0,0,0,0,0,,1271,1294,1096,1271
2026-08-28,GOOD,0,0,0,0,0,0,0,221,1767,132,307,0,1,-550182,1168248,-406942,5584040,1079648,309033,,1670,195,1529,1631,0,198,1782,130,359,0,1,-895582,UNKNOWN,2026-08-28T08:30:26.820315+00:00,1396358,-515657,5908267,1122872,250388,,1693,180,1531,1579,False,TSE,亞光,UNKNOWN,ordinary_stock,TWSE_T86+TPEX_DAILY_TRADE_HIS,3019,195,1257,1336,175,0,0,0,2000,0,-589,0,1000,,1703,1295,325,1763
2026-08-28,GOOD,0,0,0,0,0,0,0,1273,1380,845,1336,0,2,-12000,-40000,-39000,22000,-19000,-26000,,618,583,816,602,0,1262,1371,901,1304,0,2,-8000,UNKNOWN,2026-08-28T08:30:26.820315+00:00,-34000,-40000,-5000,-13000,-21000,,629,591,759,634,False,TSE,鴻名,UNKNOWN,ordinary_stock,TWSE_T86+TPEX_DAILY_TRADE_HIS,3021,1202,1258,1006,1234,0,0,0,0,0,0,0,0,,1272,1296,1097,1272
2026-08-28,GOOD,0,0,0,0,0,0,0,1749,1367,203,1752,0,4,593756,-1962378,-35017,2561036,-858164,-684311,,142,595,1458,186,0,1766,1345,211,1761,0,4,792131,UNKNOWN,2026-08-28T08:30:26.820315+00:00,-2264423,-33768,2644022,-906032,-736146,,125,617,1450,177,False,TSE,威強電,UNKNOWN,ordinary_stock,TWSE_T86+TPEX_DAILY_TRADE_HIS,3022,1803,1259,1382,176,0,0,285000,-283000,0,-2809,0,1000,,88,1297,279,1764
2026-08-28,GOOD,0,0,0,0,0,0,0,219,576,195,311,2,0,-568633,1175665,4137,2775438,206934,303516,,1672,1386,1466,1627,0,249,1394,219,471,0,1,-664522,UNKNOWN,2026-08-28T08:30:26.820315+00:00,925242,-44987,2473520,64525,130360,,1642,568,1442,1467,False,TSE,信邦,UNKNOWN,ordinary_stock,TWSE_T86+TPEX_DAILY_TRADE_HIS,3023,1791,1898,105,1856,0,3,-6000,-202000,-38000,726914,-105000,-104000,,100,64,1556,82
2026-08-28,GOOD,0,0,0,0,0,0,0,328,1594,338,1456,0,2,-646089,497029,-124931,990654,316239,-74530,,1563,368,1323,482,0,331,1595,350,1435,0,2,-643089,UNKNOWN,2026-08-28T08:30:26.820315+00:00,502029,-133931,931654,331239,-70530,,1560,367,1311,503,False,TSE,憶聲,UNKNOWN,ordinary_stock,TWSE_T86+TPEX_DAILY_TRADE_HIS,3024,1203,1260,1007,1235,0,0,0,0,0,0,0,0,,1273,1298,1098,1273
2026-08-28,GOOD,0,0,0,0,0,0,0,1627,1454,1353,1679,0,12,-132253,-703157,-55291,-771500,-224705,-417705,,264,508,308,259,0,1614,1432,1334,1674,0,9,-235578,UNKNOWN,2026-08-28T08:30:26.820315+00:00,-597842,-55129,-655749,-223574,-416710,,277,530,327,264,False,TSE,星通,UNKNOWN,ordinary_stock,TWSE_T86+TPEX_DAILY_TRADE_HIS,3025,1204,1261,1008,1236,0,0,0,0,0,0,0,0,,1274,1299,1099,1274
2026-08-28,GOOD,0,0,0,0,0,0,0,359,152,1598,463,1,0,-152442,416382,341266,-9376510,156081,131970,,1532,1810,63,1475,0,403,141,1588,263,1,0,576208,UNKNOWN,2026-08-28T08:30:26.820315+00:00,325284,411983,-8208657,-103250,450746,,1488,1821,73,1675,False,TSE,禾伸堂,UNKNOWN,ordinary_stock,TWSE_T86+TPEX_DAILY_TRADE_HIS,3026,1801,1879,94,97,0,4,350800,-259400,-13000,1014700,-492300,45700,,90,83,1567,1841
2026-08-28,GOOD,0,0,0,0,0,0,0,535,1390,420,424,0,1,190000,154000,-40000,581386,79000,172000,,1356,573,1241,1514,0,533,1404,438,429,0,1,191010,UNKNOWN,2026-08-28T08:30:26.820315+00:00,153382,-47624,509364,79221,172196,,1358,558,1223,1509,False,TSE,盛達,UNKNOWN,ordinary_stock,TWSE_T86+TPEX_DAILY_TRADE_HIS,3027,1205,1262,1009,1237,0,0,0,0,0,0,0,0,,1275,1300,1100,1275
2026-08-28,GOOD,0,0,0,0,0,0,0,1752,1835,1499,1817,0,2,-831891,-2022189,-755000,-2470806,-1230237,-1427040,,139,127,162,121,0,1754,1831,1508,1820,0,2,-869421,UNKNOWN,2026-08-28T08:30:26.820315+00:00,-2049867,-772546,-2614127,-1249724,-1459644,,137,131,153,118,False,TSE,增你強,UNKNOWN,ordinary_stock,TWSE_T86+TPEX_DAILY_TRADE_HIS,3028,1714,1263,1458,1789,0,0,-7800,-11800,0,-21014,-3800,-9800,,177,1301,203,149
2026-08-28,GOOD,0,0,0,0,0,0,0,375,1700,234,432,0,1,-60872,380012,-232070,1969623,74006,159570,,1516,262,1427,1506,0,341,1674,242,366,0,1,6210,UNKNOWN,2026-08-28T08:30:26.820315+00:00,476010,-219135,2069497,114261,241110,,1550,288,1419,1572,False,TSE,零壹,UNKNOWN,ordinary_stock,TWSE_T86+TPEX_DAILY_TRADE_HIS,3029,1705,1264,1459,1770,0,0,348,-9652,0,-21789,-4652,-4652,,186,1302,202,168
2026-08-28,GOOD,0,0,0,0,0,0,0,371,1409,289,439,0,1,-81132,386048,-44798,1425141,159317,152458,,1520,553,1372,1499,0,429,1509,301,461,0,1,-14397,UNKNOWN,2026-08-28T08:30:26.820315+00:00,290189,-82590,1356380,204318,137896,,1462,453,1360,1477,False,TSE,德律,UNKNOWN,ordinary_stock,TWSE_T86+TPEX_DAILY_TRADE_HIS,3030,1689,1265,1453,1748,0,0,600,-5400,0,-19632,-2400,-2400,,202,1303,208,190
2026-08-28,GOOD,0,0,0,0,0,0,0,1568,1633,1174,1656,0,1,-214424,-448306,-152606,-225835,105417,-331365,,323,329,487,282,0,1565,1618,1197,1651,0,1,-225769,UNKNOWN,2026-08-28T08:30:26.820315+00:00,-444625,-152713,-283856,109299,-335197,,326,344,464,287,False,TSE,佰鴻,UNKNOWN,ordinary_stock,TWSE_T86+TPEX_DAILY_TRADE_HIS,3031,1206,1266,1010,1238,0,0,0,0,0,0,0,0,,1276,1304,1101,1276
2026-08-28,GOOD,0,0,0,0,0,0,0,1560,307,1149,538,4,0,606280,-427366,58000,-187695,84147,89457,,331,1655,512,1400,0,1589,324,1218,613,4,0,632574,UNKNOWN,2026-08-28T08:30:26.820315+00:00,-511980,47000,-319008,65989,60297,,302,1639,443,1325,False,TSE,偉訓,UNKNOWN,ordinary_stock,TWSE_T86+TPEX_DAILY_TRADE_HIS,3032,1207,1267,1011,1239,0,0,0,0,0,0,0,0,,1277,1305,1102,1277
2026-08-28,GOOD,0,0,0,0,0,0,0,1851,1844,1551,1876,0,4,3673706,-9775870,-797207,-4310553,-3809292,-3051082,,40,118,110,62,0,1863,1836,1581,1897,0,4,4425747,UNKNOWN,2026-08-28T08:30:26.820315+00:00,-12283747,-808669,-7085850,-3992787,-3929000,,28,126,80,41,False,TSE,威健,UNKNOWN,ordinary_stock,TWSE_T86+TPEX_DAILY_TRADE_HIS,3033,1751,1268,119,1800,0,0,12336,-39664,0,463848,-13664,-13664,,140,1306,1542,138
2026-08-28,GOOD,0,0,0,0,0,0,0,67,1758,65,58,0,1,4614129,7434687,-380276,13966192,1901305,6024408,,1824,204,1596,1880,0,59,1591,70,55,0,2,4425259,UNKNOWN,2026-08-28T08:30:26.820315+00:00,8417181,-132804,13143129,2058660,6421220,,1832,371,1591,1883,False,TSE,聯詠,UNKNOWN,ordinary_stock,TWSE_T86+TPEX_DAILY_TRADE_HIS,3034,81,29,1547,79,1,0,-487866,750802,268000,-345249,171546,131468,,1810,1933,114,1859
2026-08-28,GOOD,0,0,0,0,0,0,0,301,98,121,130,1,0,2645993,594593,700717,6461635,1540154,1620293,,1590,1864,1540,1808,0,159,89,102,116,1,0,1806016,UNKNOWN,2026-08-28T08:30:26.820315+00:00,2376770,815454,8230338,1977442,2091393,,1732,1873,1559,1822,False,TSE,智原,UNKNOWN,ordinary_stock,TWSE_T86+TPEX_DAILY_TRADE_HIS,3035,108,1269,133,177,0,0,-329000,331000,0,318971,0,1000,,1783,1307,1528,1765
2026-08-28,GOOD,0,0,0,0,0,0,0,1845,386,1635,1922,1,0,-10276266,-8670552,27791,-23038200,-5914238,-9473409,,46,1576,26,16,0,1867,1712,1636,1925,0,14,-4423696,UNKNOWN,2026-08-28T08:30:26.820315+00:00,-15555310,-280413,-26248721,-6475070,-9989503,,24,250,25,13,False,TSE,文曄,UNKNOWN,ordinary_stock,TWSE_T86+TPEX_DAILY_TRADE_HIS,3036,1879,1927,1610,1888,0,3,5220042,-5952244,-215000,-1968648,-351039,-366101,,12,35,51,50
2026-08-28,GOOD,0,0,0,0,0,0,0,12,29,20,33,15,0,-25985168,46758082,3673341,66391405,6771575,10386457,,1879,1933,1641,1905,0,13,33,21,38,15,0,-24776211,UNKNOWN,2026-08-28T08:30:26.820315+00:00,46308399,3141350,74354182,8211175,10766094,,1878,1929,1640,1900,False,TSE,欣興,UNKNOWN,ordinary_stock,TWSE_T86+TPEX_DAILY_TRADE_HIS,3037,1818,1881,27,77,0,1,820637,-468143,-13242,7773750,1391563,176247,,73,81,1634,1861
2026-08-28,GOOD,0,0,0,0,0,0,0,1133,1397,1112,1398,0,1,-85032,-9558,-41000,-130381,-54295,-47295,,758,566,549,540,0,1091,1380,1129,1382,0,1,-87032,UNKNOWN,2026-08-28T08:30:26.820315+00:00,-3558,-41000,-169381,-52295,-45295,,800,582,532,556,False,TSE,全台,UNKNOWN,ordinary_stock,TWSE_T86+TPEX_DAILY_TRADE_HIS,3038,1208,1270,1012,1240,0,0,0,0,0,0,0,0,,1278,1308,1103,1278
2026-08-28,GOOD,0,0,0,0,0,0,0,643,1141,591,841,0,1,-53001,80999,-8000,199999,-1000,13999,,1248,825,1070,1097,0,654,1125,603,836,0,1,-53082,UNKNOWN,2026-08-28T08:30:26.820315+00:00,82918,-8000,187918,-81,14918,,1237,842,1058,1102,False,TSE,遠見,UNKNOWN,ordinary_stock,TWSE_T86+TPEX_DAILY_TRADE_HIS,3040,1209,1271,1013,1241,0,0,0,0,0,0,0,0,,1279,1309,1104,1279
2026-08-28,GOOD,0,0,0,0,0,0,0,1380,1273,602,486,0,1,344731,-106893,-22000,187377,239241,118919,,511,689,1059,1452,0,1375,1284,676,525,0,1,294731,UNKNOWN,2026-08-28T08:30:26.820315+00:00,-100893,-25000,110550,217241,96919,,516,678,985,1413,False,TSE,揚智,UNKNOWN,ordinary_stock,TWSE_T86+TPEX_DAILY_TRADE_HIS,3041,1210,1272,1014,1242,0,0,0,0,0,0,0,0,,1280,1310,1105,1280
2026-08-28,GOOD,0,0,0,0,0,0,0,1849,1930,1451,1885,0,1,2099500,-9369508,-3309656,-1700451,-239635,-3635004,,42,32,210,53,0,1853,1934,1487,1891,0,1,2727171,UNKNOWN,2026-08-28T08:30:26.820315+00:00,-10300423,-3638744,-2179653,-414328,-3786626,,38,28,174,47,False,TSE,晶技,UNKNOWN,ordinary_stock,TWSE_T86+TPEX_DAILY_TRADE_HIS,3042,142,1841,1501,92,0,2,57900,57900,-1000,-81393,56900,57900,,1749,122,160,1846
2026-08-28,GOOD,0,0,0,0,0,0,0,640,1329,535,661,0,1,9999,83999,-28000,283996,36000,46999,,1251,635,1126,1277,0,659,1324,552,686,0,1,-1,UNKNOWN,2026-08-28T08:30:26.820315+00:00,79999,-30000,255996,19000,39999,,1232,638,1109,1252,False,TSE,科風,UNKNOWN,ordinary_stock,TWSE_T86+TPEX_DAILY_TRADE_HIS,3043,1211,1273,1015,1243,0,0,0,0,0,0,0,0,,1281,1311,1106,1281
2026-08-28,GOOD,0,0,0,0,0,0,0,1805,104,1572,418,2,0,4111932,-3758084,646053,-5980379,737197,176924,,86,1858,89,1520,0,1764,100,1485,246,4,0,3227855,UNKNOWN,2026-08-28T08:30:26.820315+00:00,-2214609,715946,-2156266,1013739,506623,,127,1862,176,1692,False,TSE,健鼎,UNKNOWN,ordinary_stock,TWSE_T86+TPEX_DAILY_TRADE_HIS,3044,57,51,52,58,3,0,-1167981,1899885,51000,4040043,253981,365952,,1834,1911,1609,1880
2026-08-28,GOOD,0,0,0,0,0,0,0,8,72,23,16,10,0,-26244691,65444301,1265344,51787990,8443098,19599805,,1883,1890,1638,1922,0,8,78,27,16,10,0,-26684198,UNKNOWN,2026-08-28T08:30:26.820315+00:00,65326432,1118953,49118456,7876477,19321117,,1883,1884,1634,1922,False,TSE,台灣大,UNKNOWN,ordinary_stock,TWSE_T86+TPEX_DAILY_TRADE_HIS,3045,56,1869,1570,47,0,3,-720917,1902921,-6259,-604227,-101949,591002,,1835,93,91,1891
2026-08-28,GOOD,0,0,0,0,0,0,0,1626,1657,318,1651,0,4,57308,-696244,-178841,1173062,-273861,-319468,,265,305,1343,287,0,1623,1645,318,1646,0,4,-15120,UNKNOWN,2026-08-28T08:30:26.820315+00:00,-642654,-179999,1218967,-293280,-328887,,268,317,1343,292,False,TSE,建碁,UNKNOWN,ordinary_stock,TWSE_T86+TPEX_DAILY_TRADE_HIS,3046,1212,1274,1016,1244,0,0,0,0,0,0,0,0,,1282,1312,1107,1282
2026-08-28,GOOD,0,0,0,0,0,0,0,460,1250,288,1369,0,2,-316670,241002,-19000,1425468,-834,-37834,,1431,712,1373,569,0,455,1237,297,1349,0,2,-313916,UNKNOWN,2026-08-28T08:30:26.820315+00:00,243856,-19163,1379859,2003,-35030,,1436,725,1364,589,False,TSE,訊舟,UNKNOWN,ordinary_stock,TWSE_T86+TPEX_DAILY_TRADE_HIS,3047,1213,1275,1017,1245,0,0,0,0,0,0,0,0,,1283,1313,1108,1283
2026-08-28,GOOD,0,0,0,0,0,0,0,1618,1889,1590,1808,0,2,-1981432,-670164,-1312918,-8710177,-1319798,-1325798,,273,73,71,130,0,1675,1883,1593,1824,0,2,-2158804,UNKNOWN,2026-08-28T08:30:26.820315+00:00,-925962,-1332013,-8703480,-1357044,-1542383,,216,79,68,114,False,TSE,益登,UNKNOWN,ordinary_stock,TWSE_T86+TPEX_DAILY_TRADE_HIS,3048,1214,1276,1018,1246,0,0,0,0,0,0,0,0,,1284,1314,1109,1284
2026-08-28,GOOD,0,0,0,0,0,0,0,1662,16,1466,127,1,0,4425868,-926250,7896811,-1893532,4885440,1749809,,229,1946,195,1811,0,1556,18,1431,140,1,0,3650548,UNKNOWN,2026-08-28T08:30:26.820315+00:00,-413518,7984178,-1410623,4794769,1618515,,335,1944,230,1798,False,TSE,精金,UNKNOWN,ordinary_stock,TWSE_T86+TPEX_DAILY_TRADE_HIS,3049,1215,1277,1019,1247,0,0,0,0,0,0,0,0,,1285,1315,1110,1285
2026-08-28,GOOD,0,0,0,0,0,0,0,274,220,377,225,8,0,358052,730054,143000,798355,491000,544053,,1617,1742,1284,1713,0,280,251,374,254,8,0,258052,UNKNOWN,2026-08-28T08:30:26.820315+00:00,708054,104000,803355,432000,483053,,1611,1711,1287,1684,False,TSE,鈺德,UNKNOWN,ordinary_stock,TWSE_T86+TPEX_DAILY_TRADE_HIS,3050,1216,1278,1020,1248,0,0,0,0,0,0,0,0,,1286,1316,1111,1286
2026-08-28,GOOD,0,0,0,0,0,0,0,317,1419,242,261,0,1,333955,531761,-47770,1913832,323116,432858,,1574,543,1419,1677,0,328,1424,249,292,0,1,247917,UNKNOWN,2026-08-28T08:30:26.820315+00:00,513999,-52818,1922069,283217,380958,,1563,538,1412,1646,False,TSE,力特,UNKNOWN,ordinary_stock,TWSE_T86+TPEX_DAILY_TRADE_HIS,3051,1217,1279,1021,1249,0,0,0,0,0,0,0,0,,1287,1317,1112,1287
2026-08-28,GOOD,0,0,0,0,0,0,0,485,1665,402,386,0,1,222692,202692,-184000,655692,-92308,212692,,1406,298,1259,1552,0,488,1652,413,390,0,1,220692,UNKNOWN,2026-08-28T08:30:26.820315+00:00,202692,-184000,609692,-119308,211692,,1403,311,1248,1548,False,TSE,夆典,UNKNOWN,ordinary_stock,TWSE_T86+TPEX_DAILY_TRADE_HIS,3052,1218,1280,1022,1250,0,0,0,0,0,0,0,0,,1288,1318,1113,1288
2026-08-28,GOOD,0,0,0,0,0,0,0,1393,434,1063,767,1,0,162328,-119600,17364,-84600,47364,21364,,498,1528,598,1171,0,1397,469,1071,794,1,0,155328,UNKNOWN,2026-08-28T08:30:26.820315+00:00,-118600,12364,-102866,43364,18364,,494,1493,590,1144,False,TSE,立萬利,UNKNOWN,ordinary_stock,TWSE_T86+TPEX_DAILY_TRADE_HIS,3054,1219,1281,1023,1251,0,0,0,0,0,0,0,0,,1289,1319,1114,1289
2026-08-28,GOOD,0,0,0,0,0,0,0,1727,1626,1562,1783,0,3,-387343,-1624289,-146510,-4894491,-1143633,-1005816,,164,336,99,155,0,1734,1557,1556,1773,0,3,-261223,UNKNOWN,2026-08-28T08:30:26.820315+00:00,-1574665,-107530,-4824033,-1047419,-917944,,157,405,105,165,False,TSE,蔚華科,UNKNOWN,ordinary_stock,TWSE_T86+TPEX_DAILY_TRADE_HIS,3055,1220,1282,1024,1252,0,0,0,0,0,0,0,0,,1290,1320,1115,1290
2026-08-28,GOOD,0,0,0,0,0,0,0,156,1688,159,309,0,1,-1743921,2352931,-213826,3807252,382505,304505,,1735,274,1502,1629,0,157,1673,176,313,0,1,-1749508,UNKNOWN,2026-08-28T08:30:26.820315+00:00,2393268,-215849,3751233,397505,321880,,1734,289,1485,1625,False,TSE,富華新,UNKNOWN,ordinary_stock,TWSE_T86+TPEX_DAILY_TRADE_HIS,3056,1221,1283,1025,1253,0,0,0,0,0,0,0,0,,1291,1321,1116,1291
2026-08-28,GOOD,0,0,0,0,0,0,0,884,388,1132,680,2,0,64916,16916,27000,-156084,99000,40916,,1007,1574,529,1258,0,880,417,1121,679,2,0,65916,UNKNOWN,2026-08-28T08:30:26.820315+00:00,17916,21000,-158652,99000,41916,,1011,1546,540,1259,False,TSE,喬鼎,UNKNOWN,ordinary_stock,TWSE_T86+TPEX_DAILY_TRADE_HIS,3057,1222,1284,1026,1254,0,0,0,0,0,0,0,0,,1292,1322,1117,1292
2026-08-28,GOOD,0,0,0,0,0,0,0,461,230,649,595,3,0,-111000,241000,130000,139991,294000,65000,,1430,1734,1012,1344,0,451,229,713,588,3,0,-109000,UNKNOWN,2026-08-28T08:30:26.820315+00:00,247000,132000,77991,298000,69000,,1440,1733,948,1350,False,TSE,立德,UNKNOWN,ordinary_stock,TWSE_T86+TPEX_DAILY_TRADE_HIS,3058,1223,1285,1027,1255,0,0,0,0,0,0,0,0,,1293,1323,1118,1293
2026-08-28,GOOD,0,0,0,0,0,0,0,1677,1785,236,1689,0,2,105074,-1026204,-518636,1962348,-317738,-460565,,214,177,1425,249,0,1700,1786,260,1700,0,2,109516,UNKNOWN,2026-08-28T08:30:26.820315+00:00,-1128952,-524267,1766160,-323012,-509718,,191,176,1401,238,False,TSE,華晶科,UNKNOWN,ordinary_stock,TWSE_T86+TPEX_DAILY_TRADE_HIS,3059,158,1286,191,116,0,0,10000,14000,0,16000,12000,12000,,1733,1324,1471,1822
2026-08-28,GOOD,0,0,0,0,0,0,0,1706,1702,1347,1754,0,2,-129840,-1250660,-235277,-719408,-299555,-690250,,185,260,314,184,0,1710,1688,1353,1756,0,2,-150635,UNKNOWN,2026-08-28T08:30:26.820315+00:00,-1253087,-235014,-771397,-300763,-701861,,181,274,308,182,False,TSE,銘異,UNKNOWN,ordinary_stock,TWSE_T86+TPEX_DAILY_TRADE_HIS,3060,1684,1287,1439,1738,0,0,1000,-5000,0,-15000,-2000,-2000,,206,1325,222,201
2026-08-28,GOOD,0,0,0,0,0,0,0,285,1302,172,387,0,1,-239714,664286,-24865,3296151,293856,212286,,1606,660,1489,1551,0,314,1299,192,387,0,1,-141283,UNKNOWN,2026-08-28T08:30:26.820315+00:00,573357,-26059,3164389,297567,216037,,1577,663,1469,1551,False,TSE,建漢,UNKNOWN,ordinary_stock,TWSE_T86+TPEX_DAILY_TRADE_HIS,3062,1224,1288,1028,1256,0,0,0,0,0,0,0,0,,1294,1326,1119,1294
2026-08-28,GOOD,0,0,0,0,0,0,0,1758,1872,1630,1845,0,3,-1650935,-2163707,-1129644,-21102877,-2066468,-1907321,,133,90,31,93,0,526,1864,1632,1847,0,3,-4042387,UNKNOWN,2026-08-28T08:30:26.820315+00:00,161629,-1106653,-21434391,-2075277,-1940379,,1365,98,29,91,False,TSE,日電貿,UNKNOWN,ordinary_stock,TWSE_T86+TPEX_DAILY_TRADE_HIS,3090,47,1289,1498,1786,0,0,-2451000,2433000,0,-80128,-30000,-9000,,1844,1327,163,152
2026-08-28,GOOD,0,0,0,0,0,0,0,462,333,530,520,3,0,-30100,235898,41000,296371,162300,102899,,1429,1628,1131,1418,0,458,331,525,510,3,0,-27813,UNKNOWN,2026-08-28T08:30:26.820315+00:00,239813,42000,293331,164401,106000,,1433,1631,1136,1428,False,TSE,鴻碩,UNKNOWN,ordinary_stock,TWSE_T86+TPEX_DAILY_TRADE_HIS,3092,1225,1290,1029,1257,0,0,0,0,0,0,0,0,,1295,1328,1120,1295
2026-08-28,GOOD,0,0,0,0,0,0,0,199,70,328,128,2,0,2138853,1354777,1288003,1079656,1056379,1746815,,1692,1892,1333,1810,0,202,70,336,136,2,0,2135027,UNKNOWN,2026-08-28T08:30:26.820315+00:00,1351815,1278167,1050687,1051013,1743421,,1689,1892,1325,1802,False,TSE,聯傑,UNKNOWN,ordinary_stock,TWSE_T86+TPEX_DAILY_TRADE_HIS,3094,1226,1291,1030,1258,0,0,0,0,0,0,0,0,,1296,1329,1121,1296
2026-08-28,GOOD,0,0,0,0,0,0,0,1492,1213,1301,1445,0,3,110065,-249627,-14000,-533534,-74000,-69781,,399,751,360,493,0,1489,1172,1292,1442,0,3,100059,UNKNOWN,2026-08-28T08:30:26.820315+00:00,-247627,-12000,-538282,-78003,-73784,,402,791,369,496,False,TSE,一零四,UNKNOWN,ordinary_stock,TWSE_T86+TPEX_DAILY_TRADE_HIS,3130,1227,1292,1031,1259,0,0,0,0,0,0,0,0,,1297,1330,1122,1297
2026-08-28,GOOD,0,0,0,0,0,0,0,1678,401,1455,1811,1,0,-1693044,-1027194,23163,-1747669,-822718,-1360119,,213,1561,206,127,0,1648,426,1442,1816,1,0,-2068569,UNKNOWN,2026-08-28T08:30:26.820315+00:00,-758971,19043,-1488772,-853869,-1413770,,243,1536,219,122,False,TSE,凌航,UNKNOWN,ordinary_stock,TWSE_T86+TPEX_DAILY_TRADE_HIS,3135,116,1293,138,1826,0,0,-348000,288000,0,288000,0,-30000,,1775,1331,1523,113
2026-08-28,GOOD,0,0,0,0,0,0,0,1242,1364,719,643,0,1,134215,-30569,-34000,85052,37840,51823,,649,600,942,1295,0,1259,1354,702,626,0,1,146986,UNKNOWN,2026-08-28T08:30:26.820315+00:00,-33400,-36034,85976,43699,56793,,632,608,959,1312,False,TSE,耀登,UNKNOWN,ordinary_stock,TWSE_T86+TPEX_DAILY_TRADE_HIS,3138,1228,1294,1032,1260,0,0,0,0,0,0,0,0,,1298,1332,1123,1298
2026-08-28,GOOD,0,0,0,0,0,0,0,1703,1715,1377,488,0,1,1476940,-1242054,-261392,-913445,577186,117443,,188,247,284,1450,0,1708,1701,1337,476,0,1,1483049,UNKNOWN,2026-08-28T08:30:26.820315+00:00,-1232729,-259657,-671186,581938,125160,,183,261,324,1462,False,TSE,正達,UNKNOWN,ordinary_stock,TWSE_T86+TPEX_DAILY_TRADE_HIS,3149,1229,1295,1033,1261,0,0,0,0,0,0,0,0,,1299,1333,1124,1299
2026-08-28,GOOD,0,0,0,0,0,0,0,1129,1155,808,1288,0,1,-21000,-9000,-9000,32006,-3000,-15000,,760,813,853,655,0,1184,1050,833,1287,0,1,-18559,UNKNOWN,2026-08-28T08:30:26.820315+00:00,-16559,-4559,19473,-6559,-17559,,707,912,828,651,False,TSE,鈺寶-創,UNKNOWN,ordinary_stock,TWSE_T86+TPEX_DAILY_TRADE_HIS,3150,1230,1296,1034,1262,0,0,0,0,0,0,0,0,,1300,1334,1125,1300
2026-08-28,GOOD,0,0,0,0,0,0,0,873,794,835,906,0,0,0,18000,0,25000,8000,9000,,1019,1179,826,1035,0,876,780,852,911,0,0,-2000,UNKNOWN,2026-08-28T08:30:26.820315+00:00,18000,0,13874,7000,8000,,1015,1183,809,1029,False,TSE,景岳,UNKNOWN,ordinary_stock,TWSE_T86+TPEX_DAILY_TRADE_HIS,3164,1231,1297,1035,1263,0,0,0,0,0,0,0,0,,1301,1335,1126,1301
2026-08-28,GOOD,0,0,0,0,0,0,0,1756,1582,1525,1674,0,1,1319223,-2121557,-118433,-3086963,376425,-401167,,135,380,136,264,0,1719,1593,1513,1652,0,1,708992,UNKNOWN,2026-08-28T08:30:26.820315+00:00,-1390056,-133500,-2790032,354532,-340532,,172,369,148,286,False,TSE,大量,UNKNOWN,ordinary_stock,TWSE_T86+TPEX_DAILY_TRADE_HIS,3167,75,1298,124,78,0,0,-534000,834000,0,428000,37000,150000,,1816,1336,1537,1860
2026-08-28,GOOD,0,0,0,0,0,0,0,1045,905,963,923,0,1,16000,0,-1000,-26000,7000,8000,,849,1088,698,1019,0,1077,891,952,965,0,2,11841,UNKNOWN,2026-08-28T08:30:26.820315+00:00,-2159,-1000,-29159,3841,4841,,814,1097,709,973,False,TSE,眾福科,UNKNOWN,ordinary_stock,TWSE_T86+TPEX_DAILY_TRADE_HIS,3168,1232,1299,1036,1264,0,0,0,0,0,0,0,0,,1302,1337,1127,1302
2026-08-28,GOOD,0,0,0,0,0,0,0,1819,1922,1531,1806,0,1,2801469,-5332945,-2575871,-3389493,1285066,-1265738,,72,40,130,132,0,1451,1921,143,133,0,1,3765347,UNKNOWN,2026-08-28T08:30:26.820315+00:00,-177985,-2594101,5128190,4574031,1793681,,440,41,1518,1805,False,TSE,景碩,UNKNOWN,ordinary_stock,TWSE_T86+TPEX_DAILY_TRADE_HIS,3189,22,1873,34,18,0,1,-929703,5485703,-9000,7025702,2529000,2278000,,1869,90,1627,1920
2026-08-28,GOOD,0,0,0,0,0,0,0,1839,1888,1592,1890,0,4,-584483,-6938279,-1310380,-8769883,-3010381,-3761381,,52,74,69,48,0,1836,1855,1591,1884,0,4,-312884,UNKNOWN,2026-08-28T08:30:26.820315+00:00,-6650524,-1019288,-8544144,-2730859,-3481704,,55,107,70,54,False,TSE,全科,UNKNOWN,ordinary_stock,TWSE_T86+TPEX_DAILY_TRADE_HIS,3209,1632,1300,1345,1265,0,0,1000,-1000,0,-1000,0,0,,257,1338,311,1303
2026-08-28,GOOD,0,0,0,0,0,0,0,1670,147,1082,1784,1,0,-1107009,-960357,352987,-98569,98201,-1033683,,221,1815,579,154,0,1681,149,1075,1784,1,0,-1105169,UNKNOWN,2026-08-28T08:30:26.820315+00:00,-958517,353986,-106729,100201,-1031843,,210,1813,586,154,False,TSE,晟鈦,UNKNOWN,ordinary_stock,TWSE_T86+TPEX_DAILY_TRADE_HIS,3229,1233,1301,1037,1266,0,0,0,0,0,0,0,0,,1303,1339,1128,1304
2026-08-28,GOOD,0,0,0,0,0,0,0,1885,1952,24,1936,0,2,2970418,-53395746,-8245861,49579845,-11519515,-25212664,,6,10,1637,2,0,1888,1952,28,1935,0,2,13691732,UNKNOWN,2026-08-28T08:30:26.820315+00:00,-64169404,-8250163,48861184,-11671324,-25238836,,3,10,1633,3,False,TSE,緯創,UNKNOWN,ordinary_stock,TWSE_T86+TPEX_DAILY_TRADE_HIS,3231,1882,32,66,61,1,0,9193196,-8493906,204446,2634515,169259,349645,,9,1930,1595,1877
2026-08-28,GOOD,0,0,0,0,0,0,0,1271,1405,608,788,0,1,77832,-39830,-43000,182581,113001,19001,,620,558,1053,1150,0,1277,1390,707,796,0,1,75832,UNKNOWN,2026-08-28T08:30:26.820315+00:00,-39830,-43000,82581,115001,18001,,614,573,954,1143,False,TSE,虹冠電,UNKNOWN,ordinary_stock,TWSE_T86+TPEX_DAILY_TRADE_HIS,3257,1234,1302,1038,1267,0,0,0,0,0,0,0,0,,1304,1340,1129,1305
2026-08-28,GOOD,0,0,0,0,0,0,0,735,979,784,683,0,1,34000,46000,-2000,45000,39000,40000,,1155,1009,877,1254,0,778,960,825,730,0,2,19000,UNKNOWN,2026-08-28T08:30:26.820315+00:00,39000,-2000,22000,28000,29000,,1115,1020,835,1205,False,TSE,昇陽,UNKNOWN,ordinary_stock,TWSE_T86+TPEX_DAILY_TRADE_HIS,3266,1235,1303,1039,1268,0,0,0,0,0,0,0,0,,1305,1341,1130,1306
2026-08-28,GOOD,0,0,0,0,0,0,0,1186,795,792,1080,0,0,17000,-17000,0,41015,9000,0,,707,1180,869,860,0,1152,691,804,976,3,0,20000,UNKNOWN,2026-08-28T08:30:26.820315+00:00,-12000,1000,33015,12000,4000,,738,1268,857,961,False,TSE,勝德,UNKNOWN,ordinary_stock,TWSE_T86+TPEX_DAILY_TRADE_HIS,3296,1236,1304,1040,1269,0,0,0,0,0,0,0,0,,1306,1342,1131,1307
2026-08-28,GOOD,0,0,0,0,0,0,0,1628,1623,1471,1546,0,1,417718,-719260,-145381,-1947965,50860,-150771,,263,339,190,392,0,1647,1454,1469,1351,0,1,680864,UNKNOWN,2026-08-28T08:30:26.820315+00:00,-753042,-61446,-1888193,201495,-36089,,244,508,192,587,False,TSE,昇貿,UNKNOWN,ordinary_stock,TWSE_T86+TPEX_DAILY_TRADE_HIS,3305,1237,1305,1041,1270,0,0,0,0,0,0,0,0,,1307,1343,1132,1308
2026-08-28,GOOD,0,0,0,0,0,0,0,1098,1214,895,1244,0,1,-13020,-4980,-14000,6040,-27000,-9000,,793,752,766,697,0,1101,1197,909,1250,0,1,-18783,UNKNOWN,2026-08-28T08:30:26.820315+00:00,-4795,-14000,-8833,-27805,-11789,,790,768,752,688,False,TSE,聯德,UNKNOWN,ordinary_stock,TWSE_T86+TPEX_DAILY_TRADE_HIS,3308,1238,1306,1042,1271,0,0,0,0,0,0,0,0,,1308,1344,1133,1309
2026-08-28,GOOD,0,0,0,0,0,0,0,1205,435,991,547,1,0,191773,-20797,17007,-40502,91184,85488,,686,1527,670,1391,0,1170,453,998,542,1,0,191773,UNKNOWN,2026-08-28T08:30:26.820315+00:00,-14797,15007,-54106,95184,88488,,721,1509,663,1396,False,TSE,閎暉,UNKNOWN,ordinary_stock,TWSE_T86+TPEX_DAILY_TRADE_HIS,3311,1239,1307,1043,1272,0,0,0,0,0,0,0,0,,1309,1345,1134,1310
2026-08-28,GOOD,0,0,0,0,0,0,0,1533,466,1470,450,2,0,644256,-353492,12262,-1941824,78262,145382,,358,1496,191,1488,0,1528,438,1468,405,2,0,732403,UNKNOWN,2026-08-28T08:30:26.820315+00:00,-329741,17262,-1885270,81930,201331,,363,1524,193,1533,False,TSE,弘憶股,UNKNOWN,ordinary_stock,TWSE_T86+TPEX_DAILY_TRADE_HIS,3312,1240,1308,1044,1273,0,0,0,0,0,0,0,0,,1310,1346,1135,1311
2026-08-28,GOOD,0,0,0,0,0,0,0,1472,1498,1203,1556,0,2,-113080,-210920,-71000,-283996,-146000,-162000,,419,464,458,382,0,1475,1477,1204,1556,0,4,-114080,UNKNOWN,2026-08-28T08:30:26.820315+00:00,-217920,-70000,-300281,-153000,-166000,,416,485,457,382,False,TSE,同泰,UNKNOWN,ordinary_stock,TWSE_T86+TPEX_DAILY_TRADE_HIS,3321,1241,1309,1045,1274,0,0,0,0,0,0,0,0,,1311,1347,1136,1312
2026-08-28,GOOD,0,0,0,0,0,0,0,457,389,504,368,3,0,221817,243807,26586,344068,252748,232812,,1434,1573,1157,1570,0,456,384,515,375,3,0,220715,UNKNOWN,2026-08-28T08:30:26.820315+00:00,242741,26586,322297,252504,231728,,1435,1578,1146,1563,False,TSE,泰碩,UNKNOWN,ordinary_stock,TWSE_T86+TPEX_DAILY_TRADE_HIS,3338,1242,1310,1046,1275,0,0,0,0,0,0,0,0,,1312,1348,1137,1313
2026-08-28,GOOD,0,0,0,0,0,0,0,699,1381,474,1523,0,2,-305000,55000,-39000,408085,-104000,-125000,,1193,584,1187,415,0,700,1374,501,1518,0,2,-304162,UNKNOWN,2026-08-28T08:30:26.820315+00:00,57320,-40246,346013,-102064,-123421,,1191,588,1160,420,False,TSE,麗清,UNKNOWN,ordinary_stock,TWSE_T86+TPEX_DAILY_TRADE_HIS,3346,1243,1311,1047,1276,0,0,0,0,0,0,0,0,,1313,1349,1138,1314
2026-08-28,GOOD,0,0,0,0,0,0,0,1624,1434,333,1522,0,1,447792,-694752,-51193,1027250,6730,-123480,,267,528,1328,416,0,1638,1431,340,1547,0,1,404457,UNKNOWN,2026-08-28T08:30:26.820315+00:00,-708881,-54927,1017427,-23673,-152212,,253,531,1321,391,False,TSE,奇偶,UNKNOWN,ordinary_stock,TWSE_T86+TPEX_DAILY_TRADE_HIS,3356,1244,1312,1048,1277,0,0,0,0,0,0,0,0,,1314,1350,1139,1315
2026-08-28,GOOD,0,0,0,0,0,0,0,73,45,94,50,3,0,8235312,6592312,2259890,8493383,7167913,7413812,,1818,1917,1567,1888,0,65,44,84,44,3,0,9667433,UNKNOWN,2026-08-28T08:30:26.820315+00:00,7743513,2515966,10172404,8336411,8705473,,1826,1918,1577,1894,False,TSE,新日興,UNKNOWN,ordinary_stock,TWSE_T86+TPEX_DAILY_TRADE_HIS,3376,1633,1313,204,1278,0,0,1000,-1000,0,8337,0,0,,258,1351,1457,1316
2026-08-28,GOOD,0,0,0,0,0,0,0,1750,489,1514,1704,1,0,972230,-1981160,10812,-2890405,-207188,-504465,,141,1473,147,234,0,1756,1489,1520,1694,0,2,1088605,UNKNOWN,2026-08-28T08:30:26.820315+00:00,-2056653,-74844,-2991316,-165250,-484024,,135,473,141,244,False,TSE,明泰,UNKNOWN,ordinary_stock,TWSE_T86+TPEX_DAILY_TRADE_HIS,3380,1685,1314,1346,178,0,0,7000,-5000,0,-1000,1000,1000,,207,1352,312,1766
2026-08-28,GOOD,0,0,0,0,0,0,0,202,51,274,96,2,0,3996065,1330621,1669366,1531762,2809634,2663343,,1689,1911,1387,1842,0,84,32,125,71,4,0,3107203,UNKNOWN,2026-08-28T08:30:26.820315+00:00,5382107,3253599,6195246,4510286,4244655,,1807,1930,1536,1867,False,TSE,玉晶光,UNKNOWN,ordinary_stock,TWSE_T86+TPEX_DAILY_TRADE_HIS,3406,28,6,46,32,1,0,-1271000,4155000,1343000,4273762,1441000,1442000,,1863,1956,1615,1906
2026-08-28,GOOD,0,0,0,0,0,0,0,1760,1542,1477,1772,0,9,537515,-2196661,-90673,-2007446,-387461,-829573,,131,420,184,166,0,1768,1629,1501,1774,0,9,502298,UNKNOWN,2026-08-28T08:30:26.820315+00:00,-2349918,-162822,-2501285,-466677,-923810,,123,333,160,164,False,TSE,京鼎,UNKNOWN,ordinary_stock,TWSE_T86+TPEX_DAILY_TRADE_HIS,3413,1765,1912,1539,1846,0,1,-71000,-71000,-72000,-275469,-72000,-71000,,126,50,122,92
2026-08-28,GOOD,0,0,0,0,0,0,0,593,197,246,339,3,0,438277,106159,199000,1828793,348218,272218,,1298,1765,1415,1599,0,1480,1517,277,1212,0,1,209917,UNKNOWN,2026-08-28T08:30:26.820315+00:00,-226165,-86005,1514564,65876,-8124,,411,445,1384,726,False,TSE,融程電,UNKNOWN,ordinary_stock,TWSE_T86+TPEX_DAILY_TRADE_HIS,3416,1245,1315,1049,1279,0,0,0,0,0,0,0,0,,1315,1353,1140,1317
2026-08-28,GOOD,0,0,0,0,0,0,0,1248,1053,1158,1345,0,5,-26000,-32000,-4000,-202000,-13000,-29000,,644,915,503,594,0,1236,1032,1154,1315,0,5,-22000,UNKNOWN,2026-08-28T08:30:26.820315+00:00,-28000,-4000,-203000,-10000,-25000,,656,927,507,625,False,TSE,譁裕,UNKNOWN,ordinary_stock,TWSE_T86+TPEX_DAILY_TRADE_HIS,3419,1246,1316,1050,1280,0,0,0,0,0,0,0,0,,1316,1354,1141,1318
2026-08-28,GOOD,0,0,0,0,0,0,0,909,703,897,982,1,0,-6000,14000,1000,5000,2000,4000,,987,1265,765,957,0,903,692,881,955,1,0,-5000,UNKNOWN,2026-08-28T08:30:26.820315+00:00,15000,1000,4000,3000,5000,,989,1269,780,986,False,TSE,台端,UNKNOWN,ordinary_stock,TWSE_T86+TPEX_DAILY_TRADE_HIS,3432,1247,1317,1051,1281,0,0,0,0,0,0,0,0,,1317,1355,1142,1319
2026-08-28,GOOD,0,0,0,0,0,0,0,321,400,326,430,4,0,-201891,522761,23920,1087327,163325,160435,,1570,1562,1335,1508,0,327,400,331,436,4,0,-198891,UNKNOWN,2026-08-28T08:30:26.820315+00:00,523761,23920,1075327,164325,162435,,1564,1562,1330,1502,False,TSE,榮創,UNKNOWN,ordinary_stock,TWSE_T86+TPEX_DAILY_TRADE_HIS,3437,1248,1318,1052,1282,0,0,0,0,0,0,0,0,,1318,1356,1143,1320
2026-08-28,GOOD,0,0,0,0,0,0,0,215,1426,231,302,0,1,-562241,1200137,-49451,2048816,90235,318948,,1676,536,1430,1636,0,169,383,179,197,6,0,-284877,UNKNOWN,2026-08-28T08:30:26.820315+00:00,2014979,26693,3688483,434075,865051,,1722,1579,1482,1741,False,TSE,創意,UNKNOWN,ordinary_stock,TWSE_T86+TPEX_DAILY_TRADE_HIS,3443,82,53,88,50,3,0,260312,746334,42985,1404165,295116,503323,,1809,1909,1573,1888
2026-08-28,GOOD,0,0,0,0,0,0,0,692,398,586,669,3,0,31000,59000,24000,201000,67000,45000,,1199,1565,1075,1272,0,694,398,592,665,3,0,32000,UNKNOWN,2026-08-28T08:30:26.820315+00:00,60000,24000,199000,68000,46000,,1197,1565,1069,1273,False,TSE,展達,UNKNOWN,ordinary_stock,TWSE_T86+TPEX_DAILY_TRADE_HIS,3447,1249,1319,1053,1283,0,0,0,0,0,0,0,0,,1319,1357,1144,1321
2026-08-28,GOOD,0,0,0,0,0,0,0,144,40,89,70,4,0,6134282,2594586,2563735,9287290,3498841,4364434,,1747,1922,1572,1868,0,77,35,64,83,3,0,321839,UNKNOWN,2026-08-28T08:30:26.820315+00:00,6166513,3093687,14140999,5602083,3244176,,1814,1927,1597,1855,False,TSE,聯鈞,UNKNOWN,ordinary_stock,TWSE_T86+TPEX_DAILY_TRADE_HIS,3450,36,24,50,1910,3,0,-5655000,3511000,357000,4205904,2034000,-1072000,,1855,1938,1611,28
2026-08-28,GOOD,0,0,0,0,0,0,0,1887,6,1658,1906,1,0,80338533,-90389787,23715394,-118023271,8322546,-5025627,,4,1956,3,32,0,1889,5,1659,212,1,0,79286682,UNKNOWN,2026-08-28T08:30:26.820315+00:00,-77893528,28357877,-112228269,13348370,696577,,2,1957,2,1726,False,TSE,群創,UNKNOWN,ordinary_stock,TWSE_T86+TPEX_DAILY_TRADE_HIS,3481,11,35,19,1821,1,0,-12324725,12269167,188000,11141329,4997,-27779,,1880,1927,1642,117
2026-08-28,GOOD,0,0,0,0,0,0,0,1274,906,974,1260,0,1,18000,-40000,-1000,-33000,13000,-11000,,619,1089,688,677,0,1271,892,990,1246,0,1,16000,UNKNOWN,2026-08-28T08:30:26.820315+00:00,-38000,-1000,-50000,13000,-11000,,619,1098,671,691,False,TSE,誠研,UNKNOWN,ordinary_stock,TWSE_T86+TPEX_DAILY_TRADE_HIS,3494,1250,1320,1054,1284,0,0,0,0,0,0,0,0,,1320,1358,1145,1322
2026-08-28,GOOD,0,0,0,0,0,0,0,463,1345,668,404,0,1,148785,235115,-31050,125411,57950,191950,,1428,617,993,1534,0,471,1342,649,434,0,1,104785,UNKNOWN,2026-08-28T08:30:26.820315+00:00,225115,-33050,135411,30950,164950,,1420,620,1012,1504,False,TSE,維熹,UNKNOWN,ordinary_stock,TWSE_T86+TPEX_DAILY_TRADE_HIS,3501,1251,1321,1055,1285,0,0,0,0,0,0,0,0,,1321,1359,1146,1323
2026-08-28,GOOD,0,0,0,0,0,0,0,168,50,193,119,1,0,1910306,2045076,1879736,2809337,2001555,1977691,,1723,1912,1468,1819,0,166,55,199,123,1,0,1857270,UNKNOWN,2026-08-28T08:30:26.820315+00:00,2054574,1854738,3018762,1998248,1955922,,1725,1907,1462,1815,False,TSE,揚明光,UNKNOWN,ordinary_stock,TWSE_T86+TPEX_DAILY_TRADE_HIS,3504,1252,1322,1056,1286,0,0,0,0,0,0,0,0,,1322,1360,1147,1324
2026-08-28,GOOD,0,0,0,0,0,0,0,1481,239,315,313,2,0,835736,-232504,115978,1202948,178666,301616,,410,1723,1346,1625,0,1493,243,310,326,2,0,850079,UNKNOWN,2026-08-28T08:30:26.820315+00:00,-251567,115893,1275168,178073,299256,,398,1719,1351,1612,False,TSE,華擎,UNKNOWN,ordinary_stock,TWSE_T86+TPEX_DAILY_TRADE_HIS,3515,179,1323,221,136,0,0,4000,4000,0,2687,3000,4000,,1715,1361,1440,1803
2026-08-28,GOOD,0,0,0,0,0,0,0,793,378,1297,395,5,0,375000,33000,30000,-511000,113000,204000,,1100,1586,364,1543,0,817,375,1299,402,5,0,378000,UNKNOWN,2026-08-28T08:30:26.820315+00:00,28000,30000,-556000,110000,203000,,1076,1588,362,1536,False,TSE,柏騰,UNKNOWN,ordinary_stock,TWSE_T86+TPEX_DAILY_TRADE_HIS,3518,1253,1324,1057,1287,0,0,0,0,0,0,0,0,,1323,1362,1148,1325
2026-08-28,GOOD,0,0,0,0,0,0,0,1530,1564,1226,1579,0,8,-45855,-343245,-103391,-343518,-143374,-194550,,361,398,435,359,0,1534,1549,1235,1575,0,8,-49996,UNKNOWN,2026-08-28T08:30:26.820315+00:00,-347062,-104391,-356399,-147374,-198529,,357,413,426,363,False,TSE,安馳,UNKNOWN,ordinary_stock,TWSE_T86+TPEX_DAILY_TRADE_HIS,3528,1254,1325,1058,1288,0,0,0,0,0,0,0,0,,1324,1363,1149,1326
2026-08-28,GOOD,0,0,0,0,0,0,0,1549,1439,1207,1665,0,1,-320660,-383664,-51980,-292548,-314162,-352162,,342,523,454,273,0,1551,1421,1211,1657,0,1,-322774,UNKNOWN,2026-08-28T08:30:26.820315+00:00,-384658,-51980,-313107,-315583,-353716,,340,541,450,281,False,TSE,晶相光,UNKNOWN,ordinary_stock,TWSE_T86+TPEX_DAILY_TRADE_HIS,3530,1255,1326,1059,1289,0,0,0,0,0,0,0,0,,1325,1364,1150,1327
2026-08-28,GOOD,0,0,0,0,0,0,0,200,1871,1085,1839,0,4,-4926773,1348783,-1122932,-101625,-1768423,-1788995,,1691,91,576,99,0,58,1818,129,343,0,1,-7940896,UNKNOWN,2026-08-28T08:30:26.820315+00:00,8496202,-662947,6076860,-711321,277653,,1833,144,1532,1595,False,TSE,台勝科,UNKNOWN,ordinary_stock,TWSE_T86+TPEX_DAILY_TRADE_HIS,3532,17,16,35,17,7,0,-2739000,7611000,707000,6679608,1342000,2436000,,1874,1946,1626,1921
2026-08-28,GOOD,0,0,0,0,0,0,0,1762,225,1570,1724,1,0,1112960,-2247794,132965,-5900607,-245327,-567417,,129,1737,91,214,0,1784,202,1582,1775,1,0,1141699,UNKNOWN,2026-08-28T08:30:26.820315+00:00,-3008865,181000,-7223332,-257283,-933583,,107,1761,79,163,False,TSE,嘉澤,UNKNOWN,ordinary_stock,TWSE_T86+TPEX_DAILY_TRADE_HIS,3533,1832,93,1606,1895,2,0,-38223,-904541,361,-1604522,-72382,-471382,,59,1869,55,43
2026-08-28,GOOD,0,0,0,0,0,0,0,438,380,610,365,4,0,196401,272655,29968,181731,179998,234528,,1453,1582,1051,1573,0,418,369,573,371,4,0,175765,UNKNOWN,2026-08-28T08:30:26.820315+00:00,299815,31125,226399,183697,237790,,1473,1593,1088,1567,False,TSE,晶彩科,UNKNOWN,ordinary_stock,TWSE_T86+TPEX_DAILY_TRADE_HIS,3535,1256,1327,1060,1290,0,0,0,0,0,0,0,0,,1326,1365,1151,1328
2026-08-28,GOOD,0,0,0,0,0,0,0,206,157,219,148,3,0,1345573,1279039,325600,2221393,3253094,1312306,,1685,1805,1442,1790,0,228,157,243,158,3,0,1576221,UNKNOWN,2026-08-28T08:30:26.820315+00:00,1119893,323595,2038247,3288948,1348057,,1663,1805,1418,1780,False,TSE,州巧,UNKNOWN,ordinary_stock,TWSE_T86+TPEX_DAILY_TRADE_HIS,3543,1257,1328,1061,1291,0,0,0,0,0,0,0,0,,1327,1366,1152,1329
2026-08-28,GOOD,0,0,0,0,0,0,0,427,1763,374,764,0,1,-239650,285608,-391000,805163,-104854,22979,,1464,199,1287,1174,0,389,1759,376,648,0,1,-253502,UNKNOWN,2026-08-28T08:30:26.820315+00:00,356778,-399901,801654,-78481,51638,,1502,203,1285,1290,False,TSE,敦泰,UNKNOWN,ordinary_stock,TWSE_T86+TPEX_DAILY_TRADE_HIS,3545,140,1329,177,1292,0,0,-60000,60000,0,60000,0,0,,1752,1367,1484,1330
2026-08-28,GOOD,0,0,0,0,0,0,0,216,109,1345,182,2,0,584302,1197108,586509,-708518,737707,890705,,1675,1853,316,1756,0,217,110,1347,196,2,0,584567,UNKNOWN,2026-08-28T08:30:26.820315+00:00,1197391,584417,-752774,734185,890979,,1674,1852,314,1742,False,TSE,聯穎,UNKNOWN,ordinary_stock,TWSE_T86+TPEX_DAILY_TRADE_HIS,3550,1665,1330,1421,1739,0,0,-1000,-3000,0,-10000,-2000,-2000,,226,1368,242,202
2026-08-28,GOOD,0,0,0,0,0,0,0,1093,907,1054,1245,0,2,-14000,-4000,-1000,-75868,3000,-9000,,799,1090,607,698,0,1153,893,1068,1210,0,2,-4000,UNKNOWN,2026-08-28T08:30:26.820315+00:00,-12000,-1000,-99868,3000,-8000,,739,1099,593,729,False,TSE,嘉威,UNKNOWN,ordinary_stock,TWSE_T86+TPEX_DAILY_TRADE_HIS,3557,1258,1331,1062,1293,0,0,0,0,0,0,0,0,,1328,1369,1153,1331
2026-08-28,GOOD,0,0,0,0,0,0,0,1483,1112,604,556,0,1,400820,-237546,-6383,184577,179332,81637,,408,850,1057,1382,0,1328,1224,476,556,0,1,229084,UNKNOWN,2026-08-28T08:30:26.820315+00:00,-64770,-17154,401533,203957,82157,,563,738,1185,1382,False,TSE,牧德,UNKNOWN,ordinary_stock,TWSE_T86+TPEX_DAILY_TRADE_HIS,3563,125,1332,151,1766,0,0,-204000,196000,0,195232,0,-4000,,1766,1370,1510,171
2026-08-28,GOOD,0,0,0,0,0,0,0,1719,19,91,121,1,0,5304048,-1445034,6022211,9179511,3211089,1929507,,172,1943,1570,1817,0,1723,22,93,122,1,0,5394148,UNKNOWN,2026-08-28T08:30:26.820315+00:00,-1437134,6027211,8977230,3257089,1978507,,168,1940,1568,1816,False,TSE,聯合再生,UNKNOWN,ordinary_stock,TWSE_T86+TPEX_DAILY_TRADE_HIS,3576,1259,1333,1411,1294,0,0,0,0,0,-6181,0,0,,1329,1371,250,1332
2026-08-28,GOOD,0,0,0,0,0,0,0,454,1728,302,437,0,1,54519,251809,-291530,1296375,266933,153164,,1437,234,1359,1501,0,772,1716,717,394,0,1,378164,UNKNOWN,2026-08-28T08:30:26.820315+00:00,40186,-291596,75814,329544,209175,,1119,246,944,1544,False,TSE,辛耘,UNKNOWN,ordinary_stock,TWSE_T86+TPEX_DAILY_TRADE_HIS,3583,1782,1334,1600,1295,0,0,158000,-158000,0,-1166990,0,0,,109,1372,61,1333
2026-08-28,GOOD,0,0,0,0,0,0,0,1283,512,581,752,3,0,95788,-44654,8180,208939,78117,25567,,608,1450,1080,1186,0,1284,552,638,847,3,0,71258,UNKNOWN,2026-08-28T08:30:26.820315+00:00,-44218,5052,143310,67547,13520,,607,1410,1023,1091,False,TSE,通嘉,UNKNOWN,ordinary_stock,TWSE_T86+TPEX_DAILY_TRADE_HIS,3588,1260,1335,1063,1296,0,0,0,0,0,0,0,0,,1330,1373,1154,1334
2026-08-28,GOOD,0,0,0,0,0,0,0,277,284,419,199,6,0,766344,707826,70857,584990,553676,737085,,1614,1678,1242,1739,0,278,288,419,213,6,0,655789,UNKNOWN,2026-08-28T08:30:26.820315+00:00,716629,68857,582430,534676,686209,,1613,1674,1242,1725,False,TSE,艾笛森,UNKNOWN,ordinary_stock,TWSE_T86+TPEX_DAILY_TRADE_HIS,3591,1261,1336,1064,1297,0,0,0,0,0,0,0,0,,1331,1374,1155,1335
2026-08-28,GOOD,0,0,0,0,0,0,0,1426,1196,1354,546,0,1,326923,-155665,-12108,-773331,41662,85629,,465,766,307,1392,0,1391,1187,1370,574,0,1,265519,UNKNOWN,2026-08-28T08:30:26.820315+00:00,-115233,-13063,-863423,32646,75143,,500,775,291,1364,False,TSE,瑞鼎,UNKNOWN,ordinary_stock,TWSE_T86+TPEX_DAILY_TRADE_HIS,3592,145,1842,1490,1777,0,3,-64695,51305,-1000,-67695,-5695,-6695,,1746,123,171,161
2026-08-27,STALE,0,0,0,0,0,,0,883,796,,1081,0,0,-17000,17000,0,,0,0,,1012,1181,,861,1,888,781,,1069,0,0,-17000,UNKNOWN,2026-08-28T08:30:26.820315+00:00,17000,0,,0,0,,1004,1184,,867,True,TSE,力銘,UNKNOWN,ordinary_stock,TWSE_T86+TPEX_DAILY_TRADE_HIS,3593,1262,1337,,1298,0,0,0,0,0,,0,0,,1332,1375,,1336
2026-08-28,GOOD,0,0,0,0,0,0,0,1820,1712,1609,1860,0,17,1041161,-5371351,-255000,-12338624,-1290554,-2165095,,71,250,52,78,0,1826,1700,1614,1856,0,17,1065702,UNKNOWN,2026-08-28T08:30:26.820315+00:00,-5382684,-256478,-12605792,-1284906,-2158491,,65,262,47,82,False,TSE,智易,UNKNOWN,ordinary_stock,TWSE_T86+TPEX_DAILY_TRADE_HIS,3596,203,1338,1532,1299,0,0,-1000,1000,0,-197697,0,0,,1688,1376,129,1337
2026-08-28,GOOD,0,0,0,0,0,0,0,1840,1851,98,1926,0,6,-14690417,-7120447,-872475,8201377,-5843374,-10905432,,51,111,1563,12,0,1828,1830,85,1920,0,6,-11827666,UNKNOWN,2026-08-28T08:30:26.820315+00:00,-5446184,-772043,10130151,-5376838,-8636925,,63,132,1576,18,False,TSE,宏致,UNKNOWN,ordinary_stock,TWSE_T86+TPEX_DAILY_TRADE_HIS,3605,55,42,75,23,5,0,1954000,1954000,78000,1954000,373000,1954000,,1836,1920,1586,1915
2026-08-28,GOOD,0,0,0,0,0,0,0,1284,1506,1048,1500,0,2,-169000,-45000,-74000,-71152,-61000,-107000,,607,457,613,438,0,1282,1486,1040,1500,0,2,-176000,UNKNOWN,2026-08-28T08:30:26.820315+00:00,-44000,-74000,-78152,-60000,-110000,,609,476,621,438,False,TSE,谷崧,UNKNOWN,ordinary_stock,TWSE_T86+TPEX_DAILY_TRADE_HIS,3607,1263,1339,1065,1300,0,0,0,0,0,0,0,0,,1333,1377,1156,1338
2026-08-28,GOOD,0,0,0,0,0,0,0,1557,597,334,1591,1,0,-7861,-411441,3404,1018494,58548,-209651,,334,1365,1327,347,0,590,1306,270,1620,0,2,-646513,UNKNOWN,2026-08-28T08:30:26.820315+00:00,118413,-27128,1606649,8890,-264050,,1301,656,1391,318,False,TSE,碩天,UNKNOWN,ordinary_stock,TWSE_T86+TPEX_DAILY_TRADE_HIS,3617,86,1340,113,1767,0,0,-607000,599000,0,597502,-13000,-4000,,1805,1378,1548,172
2026-08-28,GOOD,0,0,0,0,0,0,0,1661,1446,1416,1581,0,1,520213,-920363,-53940,-1208835,-194225,-200075,,230,516,245,357,0,1650,1430,1392,1427,0,1,639291,UNKNOWN,2026-08-28T08:30:26.820315+00:00,-772729,-54683,-1025017,-107802,-66719,,241,532,269,511,False,TSE,洋華,UNKNOWN,ordinary_stock,TWSE_T86+TPEX_DAILY_TRADE_HIS,3622,1264,1341,1405,1301,0,0,0,0,0,-5765,0,0,,1334,1379,256,1339
2026-08-28,GOOD,0,0,0,0,0,0,0,1777,1920,1510,1873,0,4,-2749586,-2830598,-2514143,-2785944,-2742675,-2790092,,114,42,151,65,0,1779,1920,1511,1876,0,4,-2705289,UNKNOWN,2026-08-28T08:30:26.820315+00:00,-2803371,-2478125,-2708502,-2697506,-2754330,,112,42,150,62,False,TSE,達邁,UNKNOWN,ordinary_stock,TWSE_T86+TPEX_DAILY_TRADE_HIS,3645,1265,1342,1066,1302,0,0,0,0,0,0,0,0,,1335,1380,1157,1340
2026-08-28,GOOD,0,0,0,0,0,0,0,654,1125,503,1327,0,1,-120591,74591,-7000,345536,3000,-23000,,1237,840,1158,613,0,651,1093,498,1325,0,1,-140876,UNKNOWN,2026-08-28T08:30:26.820315+00:00,84306,-6000,353752,-2285,-28285,,1240,875,1163,613,False,TSE,精聯,UNKNOWN,ordinary_stock,TWSE_T86+TPEX_DAILY_TRADE_HIS,3652,1266,1343,1067,1303,0,0,0,0,0,0,0,0,,1336,1381,1158,1341
2026-08-28,GOOD,0,0,0,0,0,0,0,192,1325,371,206,0,1,-72239,1424557,-27227,811404,-99420,676159,,1699,637,1290,1732,0,161,325,190,204,2,0,-743731,UNKNOWN,2026-08-28T08:30:26.820315+00:00,2359979,45725,3205848,-47062,808124,,1730,1637,1471,1734,False,TSE,健策,UNKNOWN,ordinary_stock,TWSE_T86+TPEX_DAILY_TRADE_HIS,3653,71,50,72,81,1,0,-750971,970759,51674,2254393,31642,109894,,1820,1912,1589,1857
2026-08-28,GOOD,0,0,0,0,0,0,0,1639,145,239,517,1,0,954279,-745131,374551,1946583,40910,104574,,252,1817,1422,1421,0,1658,121,311,285,1,0,1625982,UNKNOWN,2026-08-28T08:30:26.820315+00:00,-838746,507063,1272641,236073,393618,,233,1841,1350,1653,False,TSE,世芯-KY,UNKNOWN,ordinary_stock,TWSE_T86+TPEX_DAILY_TRADE_HIS,3661,1795,60,1594,91,1,0,337972,-222086,17986,-1093135,15957,57943,,96,1902,67,1847
2026-08-28,GOOD,0,0,0,0,0,0,0,1798,1776,1546,1869,0,1,-1589387,-3560753,-441940,-4100424,-902894,-2575070,,93,186,115,69,0,1812,1110,1573,1875,0,1,-1190604,UNKNOWN,2026-08-28T08:30:26.820315+00:00,-4286716,-7079,-6062268,-839380,-2738660,,79,852,88,63,False,TSE,貿聯-KY,UNKNOWN,ordinary_stock,TWSE_T86+TPEX_DAILY_TRADE_HIS,3665,1829,20,1612,1860,1,0,520940,-785230,509967,-2066641,120896,-132145,,62,1942,49,78
2026-08-28,GOOD,0,0,0,0,0,0,0,790,1625,450,829,0,1,-1543,33407,-146000,462820,81000,15932,,1101,337,1211,1109,0,808,1611,456,854,0,1,-3543,UNKNOWN,2026-08-28T08:30:26.820315+00:00,29407,-146000,457820,78000,12932,,1083,351,1205,1084,False,TSE,圓展,UNKNOWN,ordinary_stock,TWSE_T86+TPEX_DAILY_TRADE_HIS,3669,1267,1344,1068,1304,0,0,0,0,0,0,0,0,,1337,1382,1159,1342
2026-08-28,GOOD,0,0,0,0,0,0,0,1658,1713,386,115,0,1,5069373,-892969,-257919,757571,2166084,2088202,,233,249,1275,1823,0,1649,1740,334,106,0,1,5472978,UNKNOWN,2026-08-28T08:30:26.820315+00:00,-759498,-343882,1060337,2218127,2356740,,242,222,1327,1832,False,TSE,TPK-KY,UNKNOWN,ordinary_stock,TWSE_T86+TPEX_DAILY_TRADE_HIS,3673,1268,1345,1069,1305,0,0,0,0,0,0,0,0,,1338,1383,1160,1343
2026-08-28,GOOD,0,0,0,0,0,0,0,636,528,713,802,3,0,-50088,86088,7000,87058,12000,18000,,1255,1436,948,1141,0,652,566,736,850,3,0,-56682,UNKNOWN,2026-08-28T08:30:26.820315+00:00,83494,5000,65204,7406,13406,,1239,1405,925,1088,False,TSE,新至陞,UNKNOWN,ordinary_stock,TWSE_T86+TPEX_DAILY_TRADE_HIS,3679,1269,1346,1359,1306,0,0,0,0,0,-1260,0,0,,1339,1384,302,1344
2026-08-28,GOOD,0,0,0,0,0,0,0,1204,1177,1115,1356,0,1,-43999,-20001,-11000,-132002,-9000,-32000,,687,786,546,583,0,1180,1148,1127,1329,0,1,-41999,UNKNOWN,2026-08-28T08:30:26.820315+00:00,-16001,-10000,-168002,-7000,-29000,,712,817,534,610,False,TSE,達能,UNKNOWN,ordinary_stock,TWSE_T86+TPEX_DAILY_TRADE_HIS,3686,1270,1347,1070,1307,0,0,0,0,0,0,0,0,,1340,1385,1161,1345
2026-08-28,GOOD,0,0,0,0,0,0,0,1625,1548,1493,842,0,2,722592,-694890,-95000,-2340690,-47189,13851,,266,414,168,1096,0,1634,1536,1495,845,0,2,728217,UNKNOWN,2026-08-28T08:30:26.820315+00:00,-700515,-95000,-2351488,-47189,13851,,257,426,166,1093,False,TSE,海華,UNKNOWN,ordinary_stock,TWSE_T86+TPEX_DAILY_TRADE_HIS,3694,1271,1348,1071,1308,0,0,0,0,0,0,0,0,,1341,1386,1162,1346
2026-08-28,GOOD,0,0,0,0,0,0,0,304,1604,1438,294,0,1,98601,587003,-133542,-1481489,226769,342802,,1587,358,223,1644,0,305,1596,1441,300,0,1,119286,UNKNOWN,2026-08-28T08:30:26.820315+00:00,601472,-134510,-1461356,232425,360379,,1586,366,220,1638,False,TSE,大眾控,UNKNOWN,ordinary_stock,TWSE_T86+TPEX_DAILY_TRADE_HIS,3701,1272,1349,1072,1309,0,0,0,0,0,0,0,0,,1342,1387,1163,1347
2026-08-28,GOOD,0,0,0,0,0,0,0,1873,61,1639,1924,1,0,-765376,-20213186,1479222,-29469013,-8450713,-10489281,,18,1901,22,14,0,1878,1779,1640,1913,0,3,9355046,UNKNOWN,2026-08-28T08:30:26.820315+00:00,-23465398,-460766,-31924943,-9602433,-7055176,,13,183,21,25,False,TSE,大聯大,UNKNOWN,ordinary_stock,TWSE_T86+TPEX_DAILY_TRADE_HIS,3702,1854,1958,1614,9,0,2,12416000,-2156000,-1912000,-2071469,1288000,5130000,,37,4,47,1929
2026-08-28,GOOD,0,0,0,0,0,0,0,1815,1903,1610,1867,0,4,-242023,-4743977,-1655000,-12795450,-2340000,-2493000,,76,59,51,71,0,1821,1897,1615,1870,0,4,-109171,UNKNOWN,2026-08-28T08:30:26.820315+00:00,-4852973,-1655235,-12967514,-2329379,-2481072,,70,65,46,68,False,TSE,欣陸,UNKNOWN,ordinary_stock,TWSE_T86+TPEX_DAILY_TRADE_HIS,3703,1666,1350,1073,179,0,0,5000,-3000,0,0,1000,1000,,227,1388,1164,1767
2026-08-28,GOOD,0,0,0,0,0,0,0,1834,1778,1599,1815,0,2,3912321,-6715891,-453340,-9409876,-660746,-1401785,,57,184,62,123,0,1837,1776,1598,1809,0,2,3933878,UNKNOWN,2026-08-28T08:30:26.820315+00:00,-6679890,-452594,-9465784,-642763,-1373006,,54,186,63,129,False,TSE,合勤控,UNKNOWN,ordinary_stock,TWSE_T86+TPEX_DAILY_TRADE_HIS,3704,1273,1351,1074,1310,0,0,0,0,0,0,0,0,,1343,1389,1165,1348
2026-08-28,GOOD,0,0,0,0,0,0,0,466,1146,1021,490,0,1,4366,229798,-8848,-55734,130162,117082,,1425,816,640,1448,0,472,1131,1038,491,0,1,9366,UNKNOWN,2026-08-28T08:30:26.820315+00:00,224798,-8848,-77734,129162,117082,,1419,831,623,1447,False,TSE,永信,UNKNOWN,ordinary_stock,TWSE_T86+TPEX_DAILY_TRADE_HIS,3705,1274,1352,1075,1311,0,0,0,0,0,0,0,0,,1344,1390,1166,1349
2026-08-28,GOOD,0,0,0,0,0,0,0,1827,71,32,93,3,0,11620807,-6093679,1280259,35327056,3058969,2763564,,64,1891,1629,1845,0,225,47,32,65,3,0,9022460,UNKNOWN,2026-08-28T08:30:26.820315+00:00,1155722,2278674,43771901,4151275,5089091,,1666,1915,1629,1873,False,TSE,神達,UNKNOWN,ordinary_stock,TWSE_T86+TPEX_DAILY_TRADE_HIS,3706,25,11,39,21,1,0,-384000,4642000,948000,5057503,933000,2129000,,1866,1951,1622,1917
2026-08-28,GOOD,0,0,0,0,0,0,0,1418,1660,324,1507,0,1,-81813,-146069,-180000,1109123,66859,-113941,,473,303,1337,431,0,1437,1649,332,1531,0,1,-110424,UNKNOWN,2026-08-28T08:30:26.820315+00:00,-163254,-182731,1067235,41349,-136839,,454,313,1329,407,False,TSE,上緯投控,UNKNOWN,ordinary_stock,TWSE_T86+TPEX_DAILY_TRADE_HIS,3708,1275,1353,1393,1312,0,0,0,0,0,-4000,0,0,,1345,1391,269,1350
2026-08-28,GOOD,0,0,0,0,0,0,0,29,1802,104,86,0,1,-12740608,18913918,-567164,7739000,2180114,3086655,,1862,160,1557,1852,0,274,134,1599,148,3,0,2334429,UNKNOWN,2026-08-28T08:30:26.820315+00:00,740835,440206,-9526747,1198554,1537632,,1617,1828,62,1790,False,TSE,日月光投控,UNKNOWN,ordinary_stock,TWSE_T86+TPEX_DAILY_TRADE_HIS,3711,1887,46,1657,1923,1,0,14469895,-19520337,61612,-17910500,-2044623,-2525221,,4,1916,4,15
2026-08-28,GOOD,0,0,0,0,0,0,0,129,1782,168,85,0,1,3318145,2965745,-478000,3500936,1626945,3141945,,1762,180,1493,1853,0,139,1780,184,87,0,1,3382145,UNKNOWN,2026-08-28T08:30:26.820315+00:00,2877745,-478000,3463936,1620945,3129945,,1752,182,1477,1851,False,TSE,永崴投控,UNKNOWN,ordinary_stock,TWSE_T86+TPEX_DAILY_TRADE_HIS,3712,1276,1354,1076,1313,0,0,0,0,0,0,0,0,,1346,1392,1167,1351
2026-08-28,GOOD,0,0,0,0,0,0,0,105,97,92,84,2,0,2330189,3959469,719291,9004831,1810476,3144829,,1786,1865,1569,1854,0,103,101,88,81,2,0,2532655,UNKNOWN,2026-08-28T08:30:26.820315+00:00,4282945,715853,9422547,2028271,3407800,,1788,1861,1573,1857,False,TSE,富采,UNKNOWN,ordinary_stock,TWSE_T86+TPEX_DAILY_TRADE_HIS,3714,180,1355,1399,154,0,0,0,4000,0,-4636,0,2000,,1716,1393,262,1791
2026-08-28,GOOD,0,0,0,0,0,0,0,247,1089,1543,213,0,1,368586,915022,-5040,-3770287,766990,641804,,1644,873,118,1725,0,226,224,1536,189,4,0,851886,UNKNOWN,2026-08-28T08:30:26.820315+00:00,1148270,141774,-3522647,1108736,1000078,,1665,1738,125,1749,False,TSE,定穎投控,UNKNOWN,ordinary_stock,TWSE_T86+TPEX_DAILY_TRADE_HIS,3715,1277,1356,1504,1314,0,0,0,0,0,-88982,0,0,,1347,1394,157,1352
2026-08-28,GOOD,0,0,0,0,0,0,0,1447,1595,505,1769,0,5,-1419796,-173612,-125558,343492,-471299,-796704,,444,367,1156,169,0,1453,1582,522,1765,0,5,-1426796,UNKNOWN,2026-08-28T08:30:26.820315+00:00,-178612,-125558,299492,-472299,-802704,,438,380,1139,173,False,TSE,中化控股,UNKNOWN,ordinary_stock,TWSE_T86+TPEX_DAILY_TRADE_HIS,3716,1278,1357,1077,1315,0,0,0,0,0,0,0,0,,1348,1395,1168,1353
2026-08-28,GOOD,0,0,0,0,0,0,0,1532,1684,1385,1436,0,1,224043,-353197,-208096,-970643,13477,-64577,,359,278,276,502,0,1462,1507,1414,580,0,1,329025,UNKNOWN,2026-08-28T08:30:26.820315+00:00,-185441,-81096,-1196895,123483,71792,,429,455,247,1358,False,TSE,聯嘉投控,UNKNOWN,ordinary_stock,TWSE_T86+TPEX_DAILY_TRADE_HIS,3717,1279,1358,1078,1316,0,0,0,0,0,0,0,0,,1349,1396,1169,1354
2026-08-28,GOOD,0,0,0,0,0,0,0,471,592,1033,852,2,0,-197584,223584,4000,-61645,-4000,13000,,1420,1380,628,1091,0,502,594,1082,1240,1,0,-208412,UNKNOWN,2026-08-28T08:30:26.820315+00:00,186756,3685,-115020,-27815,-10828,,1389,1368,579,698,False,TSE,佳醫,UNKNOWN,ordinary_stock,TWSE_T86+TPEX_DAILY_TRADE_HIS,4104,1280,1359,1079,1317,0,0,0,0,0,0,0,0,,1350,1397,1170,1355
2026-08-28,GOOD,0,0,0,0,0,0,0,1404,486,529,1457,1,0,-19099,-130901,11000,297379,-45000,-75000,,487,1485,1132,481,0,1411,488,530,1459,1,0,-38137,UNKNOWN,2026-08-28T08:30:26.820315+00:00,-133939,11000,286017,-52038,-86038,,480,1478,1131,479,False,TSE,雃博,UNKNOWN,ordinary_stock,TWSE_T86+TPEX_DAILY_TRADE_HIS,4106,1281,1360,1080,1318,0,0,0,0,0,0,0,0,,1351,1398,1171,1356
2026-08-28,GOOD,0,0,0,0,0,0,0,672,1274,734,967,0,1,-55947,65947,-22000,74947,45000,5000,,1219,690,927,973,0,669,1240,720,848,0,1,-47492,UNKNOWN,2026-08-28T08:30:26.820315+00:00,74402,-19545,73402,50455,13455,,1222,722,941,1090,False,TSE,懷特,UNKNOWN,ordinary_stock,TWSE_T86+TPEX_DAILY_TRADE_HIS,4108,1282,1361,1081,1319,0,0,0,0,0,0,0,0,,1352,1399,1172,1357
2026-08-28,GOOD,0,0,0,0,0,0,0,665,840,687,775,0,1,-26881,68139,-983,109108,62516,20629,,1226,1122,974,1163,0,649,593,692,728,2,0,-26440,UNKNOWN,2026-08-28T08:30:26.820315+00:00,85354,3871,92893,71677,29457,,1242,1369,969,1210,False,TSE,旭富,UNKNOWN,ordinary_stock,TWSE_T86+TPEX_DAILY_TRADE_HIS,4119,1283,1362,1082,1320,0,0,0,0,0,0,0,0,,1353,1400,1173,1358
2026-08-28,GOOD,0,0,0,0,0,0,0,1166,648,880,1231,1,0,-2000,-14000,2000,9412,-21000,-8000,,729,1324,781,712,0,1156,633,924,1196,1,0,-1000,UNKNOWN,2026-08-28T08:30:26.820315+00:00,-13000,2000,-13588,-20000,-7000,,734,1325,737,739,False,TSE,亞諾法,UNKNOWN,ordinary_stock,TWSE_T86+TPEX_DAILY_TRADE_HIS,4133,1284,1363,1083,1321,0,0,0,0,0,0,0,0,,1354,1401,1174,1359
2026-08-28,GOOD,0,0,0,0,0,0,0,1630,1644,1380,1699,0,6,-259938,-723778,-168408,-927927,-233433,-491858,,261,318,281,239,0,1656,1637,1398,1709,0,6,-253599,UNKNOWN,2026-08-28T08:30:26.820315+00:00,-823677,-168813,-1060271,-248838,-538638,,235,325,263,229,False,TSE,麗豐-KY,UNKNOWN,ordinary_stock,TWSE_T86+TPEX_DAILY_TRADE_HIS,4137,1285,1364,1381,1322,0,0,0,0,0,-2725,0,0,,1355,1402,280,1360
2026-08-28,GOOD,0,0,0,0,0,0,0,132,213,131,308,3,0,-2324362,2939238,152000,5717717,693001,307438,,1759,1749,1530,1630,0,133,216,136,319,3,0,-2330721,UNKNOWN,2026-08-28T08:30:26.820315+00:00,2966019,152501,5658570,704433,317649,,1758,1746,1525,1619,False,TSE,國光生,UNKNOWN,ordinary_stock,TWSE_T86+TPEX_DAILY_TRADE_HIS,4142,1286,1365,1084,1323,0,0,0,0,0,0,0,0,,1356,1403,1175,1361
2026-08-28,GOOD,0,0,0,0,0,0,0,1118,1081,787,897,0,2,27000,-7000,-5000,44000,13000,10000,,773,888,874,1048,0,1097,1067,793,862,0,2,28000,UNKNOWN,2026-08-28T08:30:26.820315+00:00,-4000,-5000,37000,14000,12000,,794,897,868,1075,False,TSE,全宇生技-KY,UNKNOWN,ordinary_stock,TWSE_T86+TPEX_DAILY_TRADE_HIS,4148,1287,1366,1085,1324,0,0,0,0,0,0,0,0,,1357,1404,1176,1362
2026-08-28,GOOD,0,0,0,0,0,0,0,670,418,524,1315,1,0,-106765,66703,21000,306691,25969,-20031,,1221,1547,1137,623,0,711,388,571,1357,1,0,-128765,UNKNOWN,2026-08-28T08:30:26.820315+00:00,52703,26000,233691,-2031,-38031,,1180,1575,1090,581,False,TSE,訊映,UNKNOWN,ordinary_stock,TWSE_T86+TPEX_DAILY_TRADE_HIS,4155,1288,1367,1086,1325,0,0,0,0,0,0,0,0,,1358,1405,1177,1363
2026-08-28,GOOD,0,0,0,0,0,0,0,384,1520,522,867,0,1,-340508,364496,-77258,307002,51994,11994,,1507,442,1139,1071,0,382,1499,523,820,0,1,-345051,UNKNOWN,2026-08-28T08:30:26.820315+00:00,377161,-77678,298455,55860,16055,,1509,463,1138,1118,False,TSE,承業醫,UNKNOWN,ordinary_stock,TWSE_T86+TPEX_DAILY_TRADE_HIS,4164,1289,1368,1087,1326,0,0,0,0,0,0,0,0,,1359,1406,1178,1364
2026-08-28,GOOD,0,0,0,0,0,0,0,1449,1259,1024,1289,0,1,144832,-174880,-20000,-56613,15870,-15024,,442,705,637,649,0,1448,1243,1013,1269,0,1,145832,UNKNOWN,2026-08-28T08:30:26.820315+00:00,-173880,-20000,-59671,16870,-14024,,443,719,648,669,False,TSE,泰宗,UNKNOWN,ordinary_stock,TWSE_T86+TPEX_DAILY_TRADE_HIS,4169,1290,1369,1088,1327,0,0,0,0,0,0,0,0,,1360,1407,1179,1365
2026-08-28,GOOD,0,0,0,0,0,0,0,1220,1251,1210,758,0,1,72000,-24000,-19000,-305353,33000,24000,,672,713,451,1180,0,1193,1221,1222,737,0,1,74000,UNKNOWN,2026-08-28T08:30:26.820315+00:00,-18000,-17000,-335353,36000,28000,,698,742,439,1201,False,TSE,永笙-KY,UNKNOWN,ordinary_stock,TWSE_T86+TPEX_DAILY_TRADE_HIS,4178,1291,1370,1089,1328,0,0,0,0,0,0,0,0,,1361,1408,1180,1366
2026-08-28,GOOD,0,0,0,0,0,,0,1035,797,,876,0,0,21000,1000,0,,9000,11000,,864,1182,,1063,0,1025,782,,863,0,0,22000,UNKNOWN,2026-08-28T08:30:26.820315+00:00,2000,0,,10000,12000,,867,1185,,1076,False,TSE,佐登-KY,UNKNOWN,ordinary_stock,TWSE_T86+TPEX_DAILY_TRADE_HIS,4190,1292,1371,,1329,0,0,0,0,0,,0,0,,1362,1409,,1367
2026-08-28,GOOD,0,0,0,0,0,0,0,1265,1246,1165,1261,0,1,15000,-37000,-18000,-218000,-14000,-11000,,627,718,496,678,0,1410,1191,1264,1178,0,1,123119,UNKNOWN,2026-08-28T08:30:26.820315+00:00,-133875,-13455,-441166,-10558,-5378,,481,771,397,760,False,TSE,基米-創,UNKNOWN,ordinary_stock,TWSE_T86+TPEX_DAILY_TRADE_HIS,4195,1293,1372,1090,1330,0,0,0,0,0,0,0,0,,1363,1410,1181,1368
2026-08-28,GOOD,0,0,0,0,0,0,0,254,1466,191,660,0,1,-765130,860050,-60991,2853145,164621,47460,,1637,496,1470,1278,0,270,458,207,1363,2,0,-863130,UNKNOWN,2026-08-28T08:30:26.820315+00:00,780050,14009,2702986,74621,-41540,,1621,1504,1454,575,False,TSE,炎洲,UNKNOWN,ordinary_stock,TWSE_T86+TPEX_DAILY_TRADE_HIS,4306,1294,1373,1091,1331,0,0,0,0,0,0,0,0,,1364,1411,1182,1369
2026-08-28,GOOD,0,0,0,0,0,0,0,710,1126,638,511,0,1,160000,52000,-7000,149000,27000,106000,,1182,841,1023,1427,0,585,894,586,487,0,1,116000,UNKNOWN,2026-08-28T08:30:26.820315+00:00,124000,-1000,207000,35000,120000,,1306,1100,1075,1451,False,TSE,如興,UNKNOWN,ordinary_stock,TWSE_T86+TPEX_DAILY_TRADE_HIS,4414,1295,1374,1092,1332,0,0,0,0,0,0,0,0,,1365,1412,1183,1370
2026-08-28,GOOD,0,0,0,0,0,0,0,1299,1142,993,1381,0,1,-29000,-53000,-8000,-41000,15000,-41000,,593,826,669,558,0,1294,1033,988,1348,0,1,-23000,UNKNOWN,2026-08-28T08:30:26.820315+00:00,-47000,-4000,-49000,21000,-35000,,597,928,673,590,False,TSE,利勤,UNKNOWN,ordinary_stock,TWSE_T86+TPEX_DAILY_TRADE_HIS,4426,1296,1375,1093,1333,0,0,0,0,0,0,0,0,,1366,1413,1184,1371
2026-08-28,GOOD,0,0,0,0,0,0,0,727,547,525,773,1,0,-6000,48000,6000,306000,19000,21000,,1167,1425,1136,1167,0,554,548,480,680,1,0,-52829,UNKNOWN,2026-08-28T08:30:26.820315+00:00,136457,5780,392106,32856,41814,,1337,1414,1181,1258,False,TSE,廣越,UNKNOWN,ordinary_stock,TWSE_T86+TPEX_DAILY_TRADE_HIS,4438,1297,1376,1094,1334,0,0,0,0,0,0,0,0,,1367,1414,1185,1372
2026-08-28,GOOD,0,0,0,0,0,0,0,1286,1107,1019,1262,0,1,25000,-47000,-6000,-55000,-7000,-11000,,604,865,642,679,0,1308,1106,1015,1247,0,4,33422,UNKNOWN,2026-08-28T08:30:26.820315+00:00,-55422,-7000,-62422,-9000,-11000,,583,859,646,692,False,TSE,冠星-KY,UNKNOWN,ordinary_stock,TWSE_T86+TPEX_DAILY_TRADE_HIS,4439,1298,1377,1095,1335,0,0,0,0,0,0,0,0,,1368,1415,1186,1373
2026-08-28,GOOD,0,0,0,0,0,0,0,722,1022,833,1166,0,2,-55000,49000,-3000,26000,-4000,-3000,,1172,961,830,780,0,719,1004,858,1170,0,4,-60000,UNKNOWN,2026-08-28T08:30:26.820315+00:00,50000,-3000,12860,-6000,-5000,,1173,972,803,768,False,TSE,宜新實業,UNKNOWN,ordinary_stock,TWSE_T86+TPEX_DAILY_TRADE_HIS,4440,1299,1378,1096,1336,0,0,0,0,0,0,0,0,,1369,1416,1187,1374
2026-08-28,GOOD,0,0,0,0,0,0,0,1397,841,1225,1324,0,2,80004,-125996,-996,-342122,-1996,-22996,,494,1121,436,614,0,1401,756,1145,1292,1,0,82004,UNKNOWN,2026-08-28T08:30:26.820315+00:00,-119996,4,-191071,4,-18996,,490,1206,516,646,False,TSE,振大環球,UNKNOWN,ordinary_stock,TWSE_T86+TPEX_DAILY_TRADE_HIS,4441,1300,1379,178,1337,0,0,0,0,0,60000,0,0,,1370,1417,1485,1375
2026-08-28,GOOD,0,0,0,0,0,0,0,1578,1318,1083,1646,0,2,-128606,-474964,-26485,-98687,-140485,-301785,,313,644,578,292,0,1581,1308,1100,1640,0,2,-137982,UNKNOWN,2026-08-28T08:30:26.820315+00:00,-492504,-27461,-133885,-138870,-315243,,310,654,561,298,False,TSE,東台,UNKNOWN,ordinary_stock,TWSE_T86+TPEX_DAILY_TRADE_HIS,4526,1301,1380,1097,1338,0,0,0,0,0,0,0,0,,1371,1418,1188,1376
2026-08-28,GOOD,0,0,0,0,0,0,0,233,1699,1312,554,0,1,-873031,1038979,-228903,-563509,233974,82974,,1658,263,349,1384,0,247,1685,1348,729,0,1,-887368,UNKNOWN,2026-08-28T08:30:26.820315+00:00,945826,-228962,-753474,179229,29229,,1644,277,313,1209,False,TSE,瑞智,UNKNOWN,ordinary_stock,TWSE_T86+TPEX_DAILY_TRADE_HIS,4532,1758,1381,1510,1811,0,0,12471,-51529,0,-105546,-19529,-19529,,133,1419,151,127
2026-08-28,GOOD,0,0,0,0,0,0,0,331,661,354,728,1,0,-432838,491292,1711,886608,-6189,29227,,1560,1301,1307,1210,0,335,653,400,749,1,0,-439714,UNKNOWN,2026-08-28T08:30:26.820315+00:00,490242,1680,694196,-7570,25264,,1556,1309,1261,1189,False,TSE,拓凱,UNKNOWN,ordinary_stock,TWSE_T86+TPEX_DAILY_TRADE_HIS,4536,1634,1382,1517,1339,0,0,1000,-1000,0,-121000,0,0,,259,1420,144,1377
2026-08-28,GOOD,0,0,0,0,0,0,0,386,1868,437,196,0,1,1201184,359544,-1050544,527669,578850,780364,,1505,94,1224,1742,0,387,1860,430,207,0,1,1200897,UNKNOWN,2026-08-28T08:30:26.820315+00:00,362465,-1050569,524945,580716,781681,,1504,102,1231,1731,False,TSE,全球傳動,UNKNOWN,ordinary_stock,TWSE_T86+TPEX_DAILY_TRADE_HIS,4540,1302,1383,1098,1340,0,0,0,0,0,0,0,0,,1372,1421,1189,1378
2026-08-28,GOOD,0,0,0,0,0,0,0,940,529,698,818,1,0,24000,10000,7000,100001,19000,17000,,953,1437,963,1129,0,925,525,696,798,1,0,24000,UNKNOWN,2026-08-28T08:30:26.820315+00:00,12000,7000,91001,20000,18000,,969,1438,965,1139,False,TSE,銘鈺,UNKNOWN,ordinary_stock,TWSE_T86+TPEX_DAILY_TRADE_HIS,4545,1303,1384,1099,1341,0,0,0,0,0,0,0,0,,1373,1422,1190,1379
2026-08-28,GOOD,0,0,0,0,0,0,0,1597,1784,1559,1723,0,2,-578131,-554487,-510880,-4785615,-590138,-566309,,294,178,102,215,0,1335,1738,1515,1632,0,1,-529106,UNKNOWN,2026-08-28T08:30:26.820315+00:00,-70558,-341689,-2812606,-217066,-299832,,556,224,146,306,False,TSE,智伸科,UNKNOWN,ordinary_stock,TWSE_T86+TPEX_DAILY_TRADE_HIS,4551,95,34,79,71,2,0,50000,448000,200000,1812000,334000,249000,,1796,1928,1582,1867
2026-08-28,GOOD,0,0,0,0,0,0,0,1221,1286,579,1341,0,2,-32000,-24000,-23000,210000,-16000,-28000,,673,682,1082,598,0,1272,1266,604,1335,0,2,-24000,UNKNOWN,2026-08-28T08:30:26.820315+00:00,-38000,-23000,187000,-14000,-31000,,620,698,1057,603,False,TSE,力達-KY,UNKNOWN,ordinary_stock,TWSE_T86+TPEX_DAILY_TRADE_HIS,4552,1304,1385,1100,1342,0,0,0,0,0,0,0,0,,1374,1423,1191,1380
2026-08-28,GOOD,0,0,0,0,0,0,0,760,1082,477,530,0,1,151017,40817,-5000,399645,125893,95917,,1131,889,1184,1408,0,787,1068,474,552,0,1,130443,UNKNOWN,2026-08-28T08:30:26.820315+00:00,36819,-5000,404740,117638,83631,,1104,898,1187,1386,False,TSE,氣立,UNKNOWN,ordinary_stock,TWSE_T86+TPEX_DAILY_TRADE_HIS,4555,1305,1386,1101,1343,0,0,0,0,0,0,0,0,,1375,1424,1192,1381
2026-08-28,GOOD,0,0,0,0,0,0,0,1148,704,728,774,4,0,54000,-12000,1000,77357,12000,21000,,741,1266,933,1168,0,1158,634,715,754,4,0,63001,UNKNOWN,2026-08-28T08:30:26.820315+00:00,-13001,2000,77357,16000,25000,,733,1326,946,1186,False,TSE,永新-KY,UNKNOWN,ordinary_stock,TWSE_T86+TPEX_DAILY_TRADE_HIS,4557,1306,1387,1102,1344,0,0,0,0,0,0,0,0,,1376,1425,1193,1382
2026-08-28,GOOD,0,0,0,0,0,0,0,1501,1600,1241,1649,0,3,-343000,-273000,-130000,-380902,-347000,-308000,,390,362,420,289,0,1508,1584,1250,1647,0,3,-369000,UNKNOWN,2026-08-28T08:30:26.820315+00:00,-289000,-127000,-397902,-364000,-329000,,383,378,411,291,False,TSE,強信-KY,UNKNOWN,ordinary_stock,TWSE_T86+TPEX_DAILY_TRADE_HIS,4560,1307,1388,1103,1345,0,0,0,0,0,0,0,0,,1377,1426,1194,1383
2026-08-28,GOOD,0,0,0,0,0,0,0,545,1252,466,455,0,1,143350,138650,-19000,423764,73000,141000,,1346,714,1195,1483,0,545,1234,470,453,0,1,142560,UNKNOWN,2026-08-28T08:30:26.820315+00:00,143450,-19000,421075,74005,143005,,1346,728,1191,1485,False,TSE,穎漢,UNKNOWN,ordinary_stock,TWSE_T86+TPEX_DAILY_TRADE_HIS,4562,1308,1389,1104,1346,0,0,0,0,0,0,0,0,,1378,1427,1195,1384
2026-08-28,GOOD,0,0,0,0,0,0,0,1522,1743,1437,1434,0,1,194878,-323106,-326000,-1467948,8886,-64114,,369,219,224,504,0,1525,1733,1443,1423,0,1,190154,UNKNOWN,2026-08-28T08:30:26.820315+00:00,-318802,-326797,-1507009,10089,-64324,,366,229,218,515,False,TSE,元翎,UNKNOWN,ordinary_stock,TWSE_T86+TPEX_DAILY_TRADE_HIS,4564,1309,1390,1105,1347,0,0,0,0,0,0,0,0,,1379,1428,1196,1385
2026-08-28,GOOD,0,0,0,0,0,0,0,1802,1813,1405,1859,0,11,-669285,-3638043,-626965,-1124848,-981330,-2153664,,89,149,256,79,0,1801,1809,1406,1855,0,11,-672049,UNKNOWN,2026-08-28T08:30:26.820315+00:00,-3634159,-626787,-1140996,-980768,-2153104,,90,153,255,83,False,TSE,時碩工業,UNKNOWN,ordinary_stock,TWSE_T86+TPEX_DAILY_TRADE_HIS,4566,1310,1391,1106,1348,0,0,0,0,0,0,0,0,,1380,1429,1197,1386
2026-08-28,GOOD,0,0,0,0,0,0,0,1255,593,850,1309,3,0,-2224,-33776,4000,19224,18000,-18000,,636,1381,811,629,0,1264,586,834,1286,3,0,-75,UNKNOWN,2026-08-28T08:30:26.820315+00:00,-34487,4000,19220,17749,-17281,,627,1381,827,652,False,TSE,六方科-KY,UNKNOWN,ordinary_stock,TWSE_T86+TPEX_DAILY_TRADE_HIS,4569,1311,1392,1107,1349,0,0,0,0,0,0,0,0,,1381,1430,1198,1387
2026-08-28,GOOD,0,0,0,0,0,0,0,1395,1275,1168,1389,0,3,33198,-120174,-22000,-220468,-47488,-43488,,496,691,493,549,0,1384,1258,1148,1372,0,3,23196,UNKNOWN,2026-08-28T08:30:26.820315+00:00,-108654,-22000,-194623,-49488,-42729,,507,707,513,566,False,TSE,鈞興-KY,UNKNOWN,ordinary_stock,TWSE_T86+TPEX_DAILY_TRADE_HIS,4571,1312,1393,1347,1350,0,0,0,0,0,-1000,0,0,,1382,1431,313,1388
2026-08-28,GOOD,0,0,0,0,0,0,0,821,705,864,983,3,0,-18000,26000,1000,15922,7000,4000,,1071,1267,797,958,0,834,693,864,977,3,0,-17000,UNKNOWN,2026-08-28T08:30:26.820315+00:00,25000,1000,10922,7000,4000,,1057,1270,797,962,False,TSE,駐龍,UNKNOWN,ordinary_stock,TWSE_T86+TPEX_DAILY_TRADE_HIS,4572,1313,1394,1108,1351,0,0,0,0,0,0,0,0,,1383,1432,1199,1389
2026-08-28,GOOD,0,0,0,0,0,0,0,1500,1615,510,282,0,1,1014091,-272983,-139829,334333,518486,370554,,391,347,1151,1656,0,1538,1621,473,302,0,1,1063115,UNKNOWN,2026-08-28T08:30:26.820315+00:00,-353575,-154926,405942,529048,354770,,353,341,1188,1636,False,TSE,大銀微系統,UNKNOWN,ordinary_stock,TWSE_T86+TPEX_DAILY_TRADE_HIS,4576,1314,1395,1109,1352,0,0,0,0,0,0,0,0,,1384,1433,1200,1390
2026-08-28,GOOD,0,0,0,0,0,,0,897,798,,1050,0,0,-13000,15000,0,,0,1000,,996,1183,,893,0,896,783,,1029,0,0,-12066,UNKNOWN,2026-08-28T08:30:26.820315+00:00,15934,0,,934,1934,,995,1186,,909,False,TSE,光隆精密-KY,UNKNOWN,ordinary_stock,TWSE_T86+TPEX_DAILY_TRADE_HIS,4581,1315,1396,,1353,0,0,0,0,0,,0,0,,1385,1434,,1391
2026-08-28,GOOD,0,0,0,0,0,0,0,947,1231,1055,854,0,2,15310,9310,-16000,-76490,-31690,12310,,944,733,606,1084,0,1048,1210,1045,1256,0,3,-25104,UNKNOWN,2026-08-28T08:30:26.820315+00:00,146,-16047,-80291,-56427,-12479,,843,752,616,682,False,TSE,聚恆-創,UNKNOWN,ordinary_stock,TWSE_T86+TPEX_DAILY_TRADE_HIS,4582,1316,1397,1110,1354,0,0,0,0,0,0,0,0,,1386,1435,1201,1392
2026-08-28,GOOD,0,0,0,0,0,0,0,1295,1276,554,1365,0,2,-20108,-51692,-22000,253392,-15905,-35900,,596,692,1107,573,0,1298,1248,561,1343,0,2,-17991,UNKNOWN,2026-08-28T08:30:26.820315+00:00,-49987,-21000,242146,-13994,-33989,,593,713,1100,595,False,TSE,台灣精銳,UNKNOWN,ordinary_stock,TWSE_T86+TPEX_DAILY_TRADE_HIS,4583,1317,1398,1339,1355,0,0,0,0,0,-899,0,0,,1387,1436,322,1393
2026-08-28,GOOD,0,0,0,0,0,0,0,1376,1255,762,461,0,1,374264,-105380,-19905,56772,123095,134442,,515,707,899,1477,0,1390,1253,764,454,0,1,399906,UNKNOWN,2026-08-28T08:30:26.820315+00:00,-114690,-21018,50469,125874,142608,,501,709,897,1484,False,TSE,達明,UNKNOWN,ordinary_stock,TWSE_T86+TPEX_DAILY_TRADE_HIS,4585,1635,1399,1377,1356,0,0,1000,-1000,0,-2374,0,0,,260,1437,284,1394
2026-08-28,GOOD,0,0,0,0,0,0,0,815,1127,711,684,0,1,53000,27000,-7000,88000,26000,40000,,1077,842,950,1255,0,843,1111,706,703,0,1,46037,UNKNOWN,2026-08-28T08:30:26.820315+00:00,23677,-7143,82749,21857,34857,,1048,851,955,1235,False,TSE,玖鼎電力,UNKNOWN,ordinary_stock,TWSE_T86+TPEX_DAILY_TRADE_HIS,4588,1318,1400,1111,1357,0,0,0,0,0,0,0,0,,1388,1438,1202,1395
2026-08-28,GOOD,0,0,0,0,0,0,0,558,1532,304,1430,0,1,-255015,132985,-85000,1265588,209000,-61015,,1333,430,1357,508,0,577,1511,312,1417,0,1,-247783,UNKNOWN,2026-08-28T08:30:26.820315+00:00,129227,-84541,1264994,209828,-59278,,1314,451,1349,521,False,TSE,富田-創,UNKNOWN,ordinary_stock,TWSE_T86+TPEX_DAILY_TRADE_HIS,4590,1319,1401,1112,1358,0,0,0,0,0,0,0,0,,1389,1439,1203,1396
2026-08-28,GOOD,0,0,0,0,0,0,0,1660,1725,1273,1666,0,2,198754,-903314,-283115,-451895,-239490,-352280,,231,237,388,272,0,1671,1714,1271,1656,0,2,199298,UNKNOWN,2026-08-28T08:30:26.820315+00:00,-905126,-286362,-462508,-240543,-352914,,220,248,390,282,False,TSE,德淵,UNKNOWN,ordinary_stock,TWSE_T86+TPEX_DAILY_TRADE_HIS,4720,1320,1402,1113,1359,0,0,0,0,0,0,0,0,,1390,1440,1204,1397
2026-08-28,GOOD,0,0,0,0,0,0,0,316,240,1340,303,4,0,102295,531835,115177,-693167,308498,317065,,1575,1722,321,1635,0,339,255,1335,336,4,0,92337,UNKNOWN,2026-08-28T08:30:26.820315+00:00,480799,96911,-661881,302001,286568,,1552,1707,326,1602,False,TSE,國精化,UNKNOWN,ordinary_stock,TWSE_T86+TPEX_DAILY_TRADE_HIS,4722,1636,1403,1348,1360,0,0,1000,-1000,0,-1000,0,0,,261,1441,314,1398
2026-08-28,GOOD,0,0,0,0,0,0,0,1622,1558,737,1762,0,7,-800280,-688532,-100841,73691,-483406,-744406,,269,404,924,176,0,1521,1522,465,1742,0,6,-998018,UNKNOWN,2026-08-28T08:30:26.820315+00:00,-312270,-88066,434787,-400144,-655144,,370,440,1196,196,False,TSE,泰博,UNKNOWN,ordinary_stock,TWSE_T86+TPEX_DAILY_TRADE_HIS,4736,117,1404,140,85,0,0,-48000,252000,0,252000,102000,102000,,1774,1442,1521,1853
2026-08-28,GOOD,0,0,0,0,0,0,0,529,332,557,529,10,0,31000,161000,42000,248411,75000,96000,,1362,1633,1104,1409,0,523,332,560,523,10,0,33000,UNKNOWN,2026-08-28T08:30:26.820315+00:00,163000,42000,244411,77000,98000,,1368,1632,1101,1415,False,TSE,華廣,UNKNOWN,ordinary_stock,TWSE_T86+TPEX_DAILY_TRADE_HIS,4737,1321,1405,1114,1361,0,0,0,0,0,0,0,0,,1391,1443,1205,1399
2026-08-28,GOOD,0,0,0,0,0,0,0,1759,208,1431,1654,1,0,1508336,-2168146,157055,-1426773,29095,-329905,,132,1754,230,284,0,1760,223,1420,1598,1,0,1669178,UNKNOWN,2026-08-28T08:30:26.820315+00:00,-2115032,142339,-1221063,151185,-222927,,131,1739,241,340,False,TSE,康普,UNKNOWN,ordinary_stock,TWSE_T86+TPEX_DAILY_TRADE_HIS,4739,1322,1406,1115,1362,0,0,0,0,0,0,0,0,,1392,1444,1206,1400
2026-08-28,GOOD,0,0,0,0,0,0,0,1636,548,1126,1792,2,0,-1468896,-734704,6000,-149874,-101800,-1101800,,255,1426,535,146,0,1591,1468,514,1801,0,1,-1888579,UNKNOWN,2026-08-28T08:30:26.820315+00:00,-516421,-65123,324259,-172500,-1202500,,300,494,1147,137,False,TSE,台耀,UNKNOWN,ordinary_stock,TWSE_T86+TPEX_DAILY_TRADE_HIS,4746,122,1910,146,1845,0,1,-361000,221000,-70000,221000,-70000,-70000,,1769,52,1515,94
2026-08-28,GOOD,0,0,0,0,0,0,0,1323,1457,1099,1537,0,2,-216021,-65083,-56081,-113901,-50241,-140552,,568,505,562,401,0,1341,1435,1085,1536,0,2,-207722,UNKNOWN,2026-08-28T08:30:26.820315+00:00,-75382,-56081,-118856,-49241,-141552,,550,527,576,402,False,TSE,三福化,UNKNOWN,ordinary_stock,TWSE_T86+TPEX_DAILY_TRADE_HIS,4755,1323,1407,201,1363,0,0,0,0,0,10000,0,0,,1393,1445,1463,1401
2026-08-28,GOOD,0,0,0,0,0,0,0,1857,1760,233,1917,0,2,-2487240,-11456848,-384102,2011100,803193,-6972044,,34,202,1428,21,0,1861,1758,262,1914,0,2,-2882699,UNKNOWN,2026-08-28T08:30:26.820315+00:00,-11487119,-399758,1734194,893418,-7184909,,30,204,1399,24,False,TSE,材料*-KY,UNKNOWN,ordinary_stock,TWSE_T86+TPEX_DAILY_TRADE_HIS,4763,170,66,1461,117,3,0,18000,6000,9000,-24311,12000,12000,,1722,1897,200,1823
2026-08-28,GOOD,0,0,0,0,0,0,0,1543,1597,1319,1686,0,2,-516170,-371072,-127089,-578029,-379827,-443621,,348,365,342,252,0,565,175,1363,421,1,0,229210,UNKNOWN,2026-08-28T08:30:26.820315+00:00,134064,247438,-828942,263254,181637,,1326,1787,298,1517,False,TSE,雙鍵,UNKNOWN,ordinary_stock,TWSE_T86+TPEX_DAILY_TRADE_HIS,4764,92,25,1552,46,1,0,720000,480000,341000,-379000,600000,600000,,1799,1937,109,1892
2026-08-28,GOOD,0,0,0,0,0,0,0,387,908,400,572,0,1,-212138,356502,-1000,679810,33289,72182,,1504,1091,1261,1366,0,435,1005,424,808,0,1,-251799,UNKNOWN,2026-08-28T08:30:26.820315+00:00,286885,-3000,561818,30903,17543,,1456,973,1237,1130,False,TSE,南寶,UNKNOWN,ordinary_stock,TWSE_T86+TPEX_DAILY_TRADE_HIS,4766,1637,1408,1477,1364,0,0,1000,-1000,0,-44433,0,0,,262,1446,184,1402
2026-08-28,GOOD,0,0,0,0,0,0,0,1538,1568,1107,1563,0,1,21316,-359894,-108938,-123326,-12920,-169289,,353,394,554,375,0,1545,1467,1102,1545,0,1,59025,UNKNOWN,2026-08-28T08:30:26.820315+00:00,-360495,-65041,-134239,34969,-150735,,346,495,559,393,False,TSE,上品,UNKNOWN,ordinary_stock,TWSE_T86+TPEX_DAILY_TRADE_HIS,4770,1638,1409,1349,1365,0,0,1000,-1000,0,-1000,0,0,,263,1447,315,1403
2026-08-28,GOOD,0,0,0,0,0,0,0,358,1393,282,271,0,1,394099,416835,-40890,1446720,343630,405467,,1533,569,1379,1667,0,357,1391,281,277,0,1,402721,UNKNOWN,2026-08-28T08:30:26.820315+00:00,429579,-43360,1470770,351283,416150,,1534,571,1380,1661,False,TSE,望隼,UNKNOWN,ordinary_stock,TWSE_T86+TPEX_DAILY_TRADE_HIS,4771,1324,1410,1116,1366,0,0,0,0,0,0,0,0,,1394,1448,1207,1404
2026-08-28,GOOD,0,0,0,0,0,0,0,1377,462,710,1378,1,0,25888,-106112,13000,89888,-5000,-40112,,514,1499,951,560,0,1387,465,790,1387,1,0,13888,UNKNOWN,2026-08-28T08:30:26.820315+00:00,-112112,13000,38888,-11000,-49112,,504,1497,871,551,False,TSE,日成-KY,UNKNOWN,ordinary_stock,TWSE_T86+TPEX_DAILY_TRADE_HIS,4807,1325,1411,1117,1367,0,0,0,0,0,0,0,0,,1395,1449,1208,1405
2026-08-28,GOOD,0,0,0,0,0,0,0,38,1756,50,68,0,1,-4586929,13755893,-375924,19885112,-451945,4584482,,1853,206,1611,1870,0,49,1869,52,150,0,1,-7215937,UNKNOWN,2026-08-28T08:30:26.820315+00:00,10240733,-1149182,18335873,-1821287,1512398,,1842,93,1609,1788,False,TSE,遠傳,UNKNOWN,ordinary_stock,TWSE_T86+TPEX_DAILY_TRADE_HIS,4904,1864,1943,1584,1924,0,1,-2154590,-3286312,-642326,-806337,-1013034,-2720451,,27,19,77,14
2026-08-28,GOOD,0,0,0,0,0,0,0,1847,1946,1593,1919,0,2,-8900293,-9030029,-5537802,-8881032,-8348818,-8965161,,44,16,68,19,0,1848,1943,1590,1923,0,2,-8925939,UNKNOWN,2026-08-28T08:30:26.820315+00:00,-9098663,-5657028,-8438884,-8301872,-9012301,,43,19,71,15,False,TSE,正文,UNKNOWN,ordinary_stock,TWSE_T86+TPEX_DAILY_TRADE_HIS,4906,1326,1412,1118,1368,0,0,0,0,0,0,0,0,,1396,1450,1209,1406
2026-08-28,GOOD,0,0,0,0,0,0,0,257,196,298,198,4,0,648374,838374,200100,1387663,902374,743374,,1634,1766,1363,1740,0,261,198,299,211,4,0,646780,UNKNOWN,2026-08-28T08:30:26.820315+00:00,834780,188556,1368069,902780,740780,,1630,1764,1362,1727,False,TSE,聯德控股-KY,UNKNOWN,ordinary_stock,TWSE_T86+TPEX_DAILY_TRADE_HIS,4912,1327,1413,1119,1369,0,0,0,0,0,0,0,0,,1397,1451,1210,1407
2026-08-28,GOOD,0,0,0,0,0,0,0,1813,1735,1605,1878,0,2,-1911783,-4655993,-306000,-11643385,-1328420,-3283888,,78,227,56,60,0,1799,1728,1595,1882,0,2,-3029955,UNKNOWN,2026-08-28T08:30:26.820315+00:00,-3609045,-315508,-9151736,-1365735,-3319500,,92,234,66,56,False,TSE,致伸,UNKNOWN,ordinary_stock,TWSE_T86+TPEX_DAILY_TRADE_HIS,4915,66,1863,64,1807,0,3,-1231173,1196827,-3000,2726433,-18173,-17173,,1825,101,1597,131
2026-08-28,GOOD,0,0,0,0,0,0,0,1754,1714,1555,380,0,1,2517273,-2082885,-259010,-4470537,66174,217194,,137,248,106,1558,0,1761,1706,1549,374,0,1,2584434,UNKNOWN,2026-08-28T08:30:26.820315+00:00,-2119276,-267547,-4339692,69424,232579,,130,256,112,1564,False,TSE,事欣科,UNKNOWN,ordinary_stock,TWSE_T86+TPEX_DAILY_TRADE_HIS,4916,1328,1414,1120,1370,0,0,0,0,0,0,0,0,,1398,1452,1211,1408
2026-08-28,GOOD,0,0,0,0,0,0,0,1519,1570,221,297,0,1,952903,-304251,-109940,2212993,323320,324326,,372,392,1440,1641,0,354,1604,247,270,0,1,452189,UNKNOWN,2026-08-28T08:30:26.820315+00:00,431741,-139465,1954872,408227,441965,,1537,358,1414,1668,False,TSE,新唐,UNKNOWN,ordinary_stock,TWSE_T86+TPEX_DAILY_TRADE_HIS,4919,1731,1856,1580,1799,0,3,-4089,-22089,-2000,-710287,-11089,-13089,,160,107,81,139
2026-08-28,GOOD,0,0,0,0,0,0,0,115,49,175,82,3,0,2893375,3465895,1891060,3253485,3180038,3179635,,1776,1913,1486,1856,0,119,52,191,85,3,0,2886465,UNKNOWN,2026-08-28T08:30:26.820315+00:00,3467527,1886928,3189549,3185185,3176996,,1772,1910,1470,1853,False,TSE,泰鼎-KY,UNKNOWN,ordinary_stock,TWSE_T86+TPEX_DAILY_TRADE_HIS,4927,1329,1415,1121,1371,0,0,0,0,0,0,0,0,,1399,1453,1212,1409
2026-08-28,GOOD,0,0,0,0,0,0,0,954,594,837,1292,3,0,-40000,8000,4000,24000,9000,-16000,,936,1382,825,647,0,943,587,847,1289,3,0,-46000,UNKNOWN,2026-08-28T08:30:26.820315+00:00,10000,4000,16000,9000,-18000,,946,1382,815,650,False,TSE,燦星網,UNKNOWN,ordinary_stock,TWSE_T86+TPEX_DAILY_TRADE_HIS,4930,1330,1416,1122,1372,0,0,0,0,0,0,0,0,,1400,1454,1213,1410
2026-08-28,GOOD,0,0,0,0,0,0,0,422,1261,1164,434,0,1,25245,292943,-20633,-216974,248789,159094,,1469,701,497,1504,0,424,1232,1170,435,0,1,31245,UNKNOWN,2026-08-28T08:30:26.820315+00:00,296943,-18633,-228974,253789,164094,,1467,730,491,1503,False,TSE,太極,UNKNOWN,ordinary_stock,TWSE_T86+TPEX_DAILY_TRADE_HIS,4934,1331,1417,1123,1373,0,0,0,0,0,0,0,0,,1401,1455,1214,1411
2026-08-28,GOOD,0,0,0,0,0,0,0,1434,1344,1062,1493,0,2,-34431,-166431,-31000,-84431,-50000,-100431,,457,619,599,445,0,1434,1329,1073,1470,0,2,-27431,UNKNOWN,2026-08-28T08:30:26.820315+00:00,-159431,-31000,-104431,-44000,-93431,,457,633,588,468,False,TSE,茂林-KY,UNKNOWN,ordinary_stock,TWSE_T86+TPEX_DAILY_TRADE_HIS,4935,1332,1418,1124,1374,0,0,0,0,0,0,0,0,,1402,1456,1215,1412
2026-08-28,GOOD,0,0,0,0,0,0,0,1875,1899,43,1844,0,1,18214366,-21935248,-1545393,25037900,-1290549,-1860441,,16,63,1618,94,0,1865,1898,35,1851,0,1,9888741,UNKNOWN,2026-08-28T08:30:26.820315+00:00,-13948671,-1656598,37153376,-1393561,-2029965,,26,64,1626,87,False,TSE,和碩,UNKNOWN,ordinary_stock,TWSE_T86+TPEX_DAILY_TRADE_HIS,4938,14,1909,14,110,0,1,-8821992,8850008,-66000,16123960,-17992,14008,,1877,53,1647,1828
2026-08-28,GOOD,0,0,0,0,0,0,0,1398,1054,1234,1453,0,1,-22000,-126000,-4000,-360532,1000,-74000,,493,916,427,484,0,1416,1034,1246,1437,0,1,-4969,UNKNOWN,2026-08-28T08:30:26.820315+00:00,-137089,-4000,-387269,3911,-71029,,475,929,415,501,False,TSE,嘉彰,UNKNOWN,ordinary_stock,TWSE_T86+TPEX_DAILY_TRADE_HIS,4942,1333,1419,1125,1375,0,0,0,0,0,0,0,0,,1403,1457,1216,1413
2026-08-28,GOOD,0,0,0,0,0,0,0,1438,1690,1316,394,0,1,579061,-170175,-222000,-571001,137743,204443,,453,272,345,1544,0,1467,1678,1307,404,0,1,597061,UNKNOWN,2026-08-28T08:30:26.820315+00:00,-194175,-222000,-576443,133743,201443,,424,284,354,1534,False,TSE,有成精密,UNKNOWN,ordinary_stock,TWSE_T86+TPEX_DAILY_TRADE_HIS,4949,1334,1420,1126,1376,0,0,0,0,0,0,0,0,,1404,1458,1217,1414
2026-08-28,GOOD,0,0,0,0,0,0,0,467,336,621,207,5,0,1115227,229485,40240,166624,643314,672356,,1424,1626,1040,1731,0,460,355,666,216,5,0,1085827,UNKNOWN,2026-08-28T08:30:26.820315+00:00,238241,35240,124463,620959,662034,,1431,1607,995,1722,False,TSE,凌通,UNKNOWN,ordinary_stock,TWSE_T86+TPEX_DAILY_TRADE_HIS,4952,1335,1421,1127,1377,0,0,0,0,0,0,0,0,,1405,1459,1218,1415
2026-08-28,GOOD,0,0,0,0,0,0,0,1710,187,1429,1855,2,0,-2702375,-1317709,222215,-1408849,-860706,-2010042,,181,1775,232,83,0,1716,182,1428,1852,2,0,-2786889,UNKNOWN,2026-08-28T08:30:26.820315+00:00,-1342947,222005,-1351575,-860407,-2064918,,175,1780,233,86,False,TSE,光鋐,UNKNOWN,ordinary_stock,TWSE_T86+TPEX_DAILY_TRADE_HIS,4956,1336,1422,1128,1378,0,0,0,0,0,0,0,0,,1406,1460,1219,1416
2026-08-28,GOOD,0,0,0,0,0,0,0,1862,1476,1646,62,0,1,23164929,-12376311,-64166,-43721176,3136982,5394309,,29,486,15,1876,0,1874,165,1646,72,2,0,25892198,UNKNOWN,2026-08-28T08:30:26.820315+00:00,-17454482,285065,-45465832,3108840,4218858,,17,1797,15,1866,False,TSE,臻鼎-KY,UNKNOWN,ordinary_stock,TWSE_T86+TPEX_DAILY_TRADE_HIS,4958,1871,22,1604,1919,1,0,571438,-4670058,435860,-1528746,-785803,-2049310,,20,1940,57,19
2026-08-28,GOOD,0,0,0,0,0,0,0,128,149,1090,135,2,0,155533,2991757,351000,-107225,936649,1573645,,1763,1813,571,1803,0,136,151,1051,147,2,0,226330,UNKNOWN,2026-08-28T08:30:26.820315+00:00,2915258,349819,-85465,939171,1570794,,1755,1811,610,1791,False,TSE,誠美材,UNKNOWN,ordinary_stock,TWSE_T86+TPEX_DAILY_TRADE_HIS,4960,1337,1423,1129,1379,0,0,0,0,0,0,0,0,,1407,1461,1220,1417
2026-08-28,GOOD,0,0,0,0,0,0,0,681,1681,198,1508,0,1,-290634,62680,-206713,2667352,-125015,-113977,,1210,281,1463,430,0,584,1671,205,1519,0,1,-371954,UNKNOWN,2026-08-28T08:30:26.820315+00:00,124840,-214143,2716182,-132722,-123557,,1307,291,1456,419,False,TSE,天鈺,UNKNOWN,ordinary_stock,TWSE_T86+TPEX_DAILY_TRADE_HIS,4961,136,1843,179,1758,0,3,-73000,67000,-1000,57000,-3000,-3000,,1755,124,1482,182
2026-08-28,GOOD,0,0,0,0,0,0,0,1744,1711,228,1759,0,1,396958,-1837272,-253201,2115226,415700,-720157,,147,251,1433,179,0,1753,1730,241,1770,0,1,274514,UNKNOWN,2026-08-28T08:30:26.820315+00:00,-2019254,-317449,2076030,332536,-872370,,138,232,1420,168,False,TSE,十銓,UNKNOWN,ordinary_stock,TWSE_T86+TPEX_DAILY_TRADE_HIS,4967,1703,1424,1492,1788,0,0,-9400,-9400,0,-68690,-9400,-9400,,188,1462,169,150
2026-08-28,GOOD,0,0,0,0,0,0,0,1309,1108,633,548,0,1,227750,-58644,-6000,153293,95423,84553,,582,866,1028,1390,0,1380,1273,787,565,0,1,264257,UNKNOWN,2026-08-28T08:30:26.820315+00:00,-104485,-23933,40467,100613,79886,,511,689,874,1373,False,TSE,立積,UNKNOWN,ordinary_stock,TWSE_T86+TPEX_DAILY_TRADE_HIS,4968,156,1425,1403,1380,0,0,-15000,15000,0,-5000,0,0,,1735,1463,260,1418
2026-08-28,GOOD,0,0,0,0,0,0,0,305,1671,391,176,0,2,1387633,582063,-192056,726529,1689717,984848,,1586,291,1270,1762,0,358,1657,457,193,0,2,1426689,UNKNOWN,2026-08-28T08:30:26.820315+00:00,429005,-193007,457077,1632026,927847,,1533,305,1204,1745,False,TSE,佳凌,UNKNOWN,ordinary_stock,TWSE_T86+TPEX_DAILY_TRADE_HIS,4976,1338,1426,1130,1381,0,0,0,0,0,0,0,0,,1408,1464,1221,1419
2026-08-28,GOOD,0,0,0,0,0,0,0,1159,121,1427,211,1,0,1321686,-13676,526100,-1391972,502050,654005,,732,1841,234,1727,0,494,120,1387,200,1,0,1483039,UNKNOWN,2026-08-28T08:30:26.820315+00:00,198693,511523,-1007610,621321,840866,,1397,1842,274,1738,False,TSE,眾達-KY,UNKNOWN,ordinary_stock,TWSE_T86+TPEX_DAILY_TRADE_HIS,4977,1339,1427,1131,1382,0,0,0,0,0,0,0,0,,1409,1465,1222,1420
2026-08-28,GOOD,0,0,0,0,0,0,0,1432,59,1568,1732,1,0,-1037912,-162622,1515056,-5461949,-665272,-600267,,459,1903,93,206,0,1536,63,1553,1751,1,0,-1002183,UNKNOWN,2026-08-28T08:30:26.820315+00:00,-351451,1511590,-4613533,-663358,-676817,,355,1899,108,187,False,TSE,榮科,UNKNOWN,ordinary_stock,TWSE_T86+TPEX_DAILY_TRADE_HIS,4989,1340,1428,1132,1383,0,0,0,0,0,0,0,0,,1410,1466,1223,1421
2026-08-28,GOOD,0,0,0,0,0,0,0,1011,649,920,1082,2,0,-2100,2100,2000,-3900,2000,0,,880,1325,741,862,0,982,635,913,1020,3,0,-2100,UNKNOWN,2026-08-28T08:30:26.820315+00:00,6100,2000,-9900,4000,2000,,909,1327,748,918,False,TSE,傳奇,UNKNOWN,ordinary_stock,TWSE_T86+TPEX_DAILY_TRADE_HIS,4994,1341,1429,1133,1384,0,0,0,0,0,0,0,0,,1411,1467,1224,1422
2026-08-28,GOOD,0,0,0,0,0,0,0,1362,909,1027,1348,0,2,34000,-94000,-1000,-57980,-20000,-30000,,529,1092,634,590,0,1359,829,1020,1319,0,2,35731,UNKNOWN,2026-08-28T08:30:26.820315+00:00,-90857,-537,-64034,-17563,-27563,,532,1133,641,619,False,TSE,鑫禾,UNKNOWN,ordinary_stock,TWSE_T86+TPEX_DAILY_TRADE_HIS,4999,1342,1430,1134,1385,0,0,0,0,0,0,0,0,,1412,1468,1225,1423
2026-08-28,GOOD,0,0,0,0,0,0,0,1191,910,888,907,0,1,36000,-18000,-1000,8000,15000,9000,,704,1093,775,1036,0,1207,895,905,936,0,2,32000,UNKNOWN,2026-08-28T08:30:26.820315+00:00,-20000,-1000,-6000,12000,6000,,683,1101,754,1002,False,TSE,三星,UNKNOWN,ordinary_stock,TWSE_T86+TPEX_DAILY_TRADE_HIS,5007,1343,1431,1135,1386,0,0,0,0,0,0,0,0,,1413,1469,1226,1424
2026-08-28,GOOD,0,0,0,0,0,0,0,1401,340,1274,570,2,0,275000,-127000,40000,-452454,68000,74000,,490,1623,387,1369,0,1496,335,1295,1383,1,0,167307,UNKNOWN,2026-08-28T08:30:26.820315+00:00,-259067,41663,-544640,-49734,-45880,,395,1627,366,555,False,TSE,訊連,UNKNOWN,ordinary_stock,TWSE_T86+TPEX_DAILY_TRADE_HIS,5203,1344,1432,1136,1387,0,0,0,0,0,0,0,0,,1414,1470,1227,1425
2026-08-28,GOOD,0,0,0,0,0,0,0,1289,522,1122,1337,1,0,-4000,-48000,8000,-145955,-20000,-26000,,602,1446,539,603,0,1300,502,1116,1344,1,0,-17000,UNKNOWN,2026-08-28T08:30:26.820315+00:00,-51000,10000,-154955,-26000,-34000,,591,1464,545,593,False,TSE,科嘉-KY,UNKNOWN,ordinary_stock,TWSE_T86+TPEX_DAILY_TRADE_HIS,5215,1345,1433,1137,1388,0,0,0,0,0,0,0,0,,1415,1471,1228,1426
2026-08-28,GOOD,0,0,0,0,0,0,0,1574,1493,1081,1542,0,1,178317,-469389,-68109,-97873,-58109,-145536,,317,469,580,396,0,1626,1471,1151,1540,0,1,371957,UNKNOWN,2026-08-28T08:30:26.820315+00:00,-663691,-65812,-197198,-57374,-145867,,265,491,510,398,False,TSE,全訊,UNKNOWN,ordinary_stock,TWSE_T86+TPEX_DAILY_TRADE_HIS,5222,1763,1434,1503,1728,0,0,63000,-65000,0,-87000,0,-1000,,129,1472,158,215
2026-08-28,GOOD,0,0,0,0,0,0,0,958,1453,1411,499,0,1,218378,7908,-55000,-1167748,67283,113143,,933,511,250,1439,0,932,1434,1415,494,0,1,217285,UNKNOWN,2026-08-28T08:30:26.820315+00:00,11037,-55916,-1200085,68368,114161,,959,528,246,1444,False,TSE,東科-KY,UNKNOWN,ordinary_stock,TWSE_T86+TPEX_DAILY_TRADE_HIS,5225,1346,1435,1138,1389,0,0,0,0,0,0,0,0,,1416,1473,1229,1427
2026-08-28,GOOD,0,0,0,0,0,0,0,1526,556,1260,1468,2,0,158360,-329864,5001,-426481,-11923,-85752,,365,1406,401,470,0,1585,1384,1310,1579,0,1,101256,UNKNOWN,2026-08-28T08:30:26.820315+00:00,-504202,-41854,-592463,-100678,-201473,,306,578,351,359,False,TSE,達興材料,UNKNOWN,ordinary_stock,TWSE_T86+TPEX_DAILY_TRADE_HIS,5234,1775,1899,1515,1855,0,1,-100000,-106000,-39000,-118559,-79000,-103000,,116,63,146,83
2026-08-28,GOOD,0,0,0,0,0,0,0,1493,1164,1271,1323,0,1,207342,-251552,-10000,-446887,28000,-22105,,398,797,390,615,0,1497,1158,1282,1321,0,1,204444,UNKNOWN,2026-08-28T08:30:26.820315+00:00,-260246,-11000,-500669,20916,-27901,,394,804,379,617,False,TSE,凌陽創新,UNKNOWN,ordinary_stock,TWSE_T86+TPEX_DAILY_TRADE_HIS,5236,164,1436,1424,1390,0,0,-10000,10000,0,-11000,0,0,,1728,1474,238,1428
2026-08-28,GOOD,0,0,0,0,0,0,0,1399,1867,1253,1578,0,1,-262090,-126638,-1046000,-406121,-520165,-194364,,492,95,408,360,0,1450,1862,1069,1594,0,1,-258211,UNKNOWN,2026-08-28T08:30:26.820315+00:00,-175827,-1069247,-100549,-518092,-217019,,441,100,592,344,False,TSE,乙盛-KY,UNKNOWN,ordinary_stock,TWSE_T86+TPEX_DAILY_TRADE_HIS,5243,1347,1437,1543,1391,0,0,0,0,0,-301000,0,0,,1417,1475,118,1429
2026-08-28,GOOD,0,0,0,0,0,0,0,318,1265,362,353,0,1,-36304,531702,-21000,852177,164999,247699,,1573,698,1299,1585,0,323,1249,363,361,0,1,-35304,UNKNOWN,2026-08-28T08:30:26.820315+00:00,532702,-21000,849177,165999,248699,,1568,714,1298,1577,False,TSE,弘凱,UNKNOWN,ordinary_stock,TWSE_T86+TPEX_DAILY_TRADE_HIS,5244,1348,1438,1139,1392,0,0,0,0,0,0,0,0,,1418,1476,1230,1430
2026-08-28,GOOD,0,0,0,0,0,0,0,1555,1685,1390,1016,0,1,410995,-406127,-211000,-996254,-64000,2434,,336,277,271,922,0,1552,1670,1390,927,0,1,400524,UNKNOWN,2026-08-28T08:30:26.820315+00:00,-387722,-208428,-1016148,-56776,6401,,339,292,271,1011,False,TSE,虹堡,UNKNOWN,ordinary_stock,TWSE_T86+TPEX_DAILY_TRADE_HIS,5258,1349,1439,1140,1393,0,0,0,0,0,0,0,0,,1419,1477,1231,1431
2026-08-28,GOOD,0,0,0,0,0,0,0,443,1550,397,409,0,1,104572,269134,-95891,709935,213385,186853,,1448,412,1264,1529,0,367,1580,369,430,0,1,-70729,UNKNOWN,2026-08-28T08:30:26.820315+00:00,413117,-124535,829989,205034,171194,,1524,382,1292,1508,False,TSE,祥碩,UNKNOWN,ordinary_stock,TWSE_T86+TPEX_DAILY_TRADE_HIS,5269,1729,94,1514,160,1,0,24433,-21567,216,-117016,-567,1433,,162,1868,147,1778
2026-08-28,GOOD,0,0,0,0,0,0,0,1127,1663,660,1296,0,1,-24181,-8937,-181350,131800,-126858,-16559,,764,299,1001,642,0,1095,1644,641,1249,0,1,-19181,UNKNOWN,2026-08-28T08:30:26.820315+00:00,-3937,-179350,140800,-121858,-11559,,796,318,1020,689,False,TSE,禾聯碩,UNKNOWN,ordinary_stock,TWSE_T86+TPEX_DAILY_TRADE_HIS,5283,1350,1440,1141,1394,0,0,0,0,0,0,0,0,,1420,1478,1232,1432
2026-08-28,GOOD,0,0,0,0,0,0,0,1502,273,907,1431,1,0,152224,-276224,75858,1381,37124,-62000,,389,1689,754,507,0,1479,277,699,1440,1,0,79767,UNKNOWN,2026-08-28T08:30:26.820315+00:00,-226033,74319,86631,34752,-73133,,412,1685,962,499,False,TSE,jpp-KY,UNKNOWN,ordinary_stock,TWSE_T86+TPEX_DAILY_TRADE_HIS,5284,1351,1441,1142,1395,0,0,0,0,0,0,0,0,,1421,1479,1233,1433
2026-08-28,GOOD,0,0,0,0,0,0,0,587,1666,626,348,0,1,398647,111927,-185118,162345,133790,255287,,1304,296,1035,1590,0,512,1650,760,334,0,1,403141,UNKNOWN,2026-08-28T08:30:26.820315+00:00,176121,-183377,52859,157134,289631,,1379,312,901,1604,False,TSE,界霖,UNKNOWN,ordinary_stock,TWSE_T86+TPEX_DAILY_TRADE_HIS,5285,1352,1442,1516,1396,0,0,0,0,0,-120000,0,0,,1422,1480,145,1434
2026-08-28,GOOD,0,0,0,0,0,0,0,598,1109,771,740,0,1,-49806,104448,-6000,53542,17110,27321,,1293,867,890,1198,0,601,1069,584,719,0,1,-46997,UNKNOWN,2026-08-28T08:30:26.820315+00:00,110317,-5000,207866,11418,31660,,1290,899,1077,1219,False,TSE,豐祥-KY,UNKNOWN,ordinary_stock,TWSE_T86+TPEX_DAILY_TRADE_HIS,5288,157,1443,154,121,0,0,5000,15000,0,174000,0,10000,,1736,1481,1507,1818
2026-08-28,GOOD,0,0,0,0,0,0,0,1631,1499,1351,1687,0,1,-166637,-724565,-71470,-757200,-74641,-445601,,260,463,310,251,0,1630,1556,1340,1682,0,1,-179592,UNKNOWN,2026-08-28T08:30:26.820315+00:00,-686186,-107433,-693204,-105817,-432889,,261,406,321,256,False,TSE,華懋,UNKNOWN,ordinary_stock,TWSE_T86+TPEX_DAILY_TRADE_HIS,5292,1679,1444,1396,1397,0,0,4400,-4400,0,-4400,0,0,,212,1482,265,1435
2026-08-28,GOOD,0,0,0,0,0,0,0,1115,1091,567,1406,0,5,-98845,-6845,-5862,231831,-15322,-52845,,776,871,1094,532,0,1134,1083,585,1408,0,5,-105845,UNKNOWN,2026-08-28T08:30:26.820315+00:00,-7845,-5862,207831,-11322,-56845,,757,879,1076,530,False,TSE,桂盟,UNKNOWN,ordinary_stock,TWSE_T86+TPEX_DAILY_TRADE_HIS,5306,1353,1445,1143,1398,0,0,0,0,0,0,0,0,,1423,1483,1234,1436
2026-08-28,GOOD,0,0,0,0,0,0,0,1868,1808,1640,1901,0,14,5910664,-14948224,-601340,-31589442,-1933340,-4518780,,23,154,21,37,0,1866,1804,1639,1901,0,14,5894851,UNKNOWN,2026-08-28T08:30:26.820315+00:00,-14877805,-616818,-31097016,-1883610,-4491477,,25,158,22,37,False,TSE,中磊,UNKNOWN,ordinary_stock,TWSE_T86+TPEX_DAILY_TRADE_HIS,5388,1354,1446,1551,1399,0,0,0,0,0,-375132,0,0,,1424,1484,110,1437
2026-08-28,GOOD,0,0,0,0,0,0,0,1641,1062,648,421,0,2,1110204,-758450,-4100,140527,129073,175877,,250,900,1013,1517,0,1546,1080,1397,489,0,2,599051,UNKNOWN,2026-08-28T08:30:26.820315+00:00,-362381,-5654,-1060114,135525,118335,,345,882,264,1449,False,TSE,崇越,UNKNOWN,ordinary_stock,TWSE_T86+TPEX_DAILY_TRADE_HIS,5434,93,1866,1597,1836,0,1,-552639,460639,-5000,-1128623,-5000,-46000,,1798,95,64,102
2026-08-28,GOOD,0,0,0,0,0,0,0,1656,115,1276,219,4,0,2081155,-883531,572004,-457859,808495,598812,,235,1847,385,1719,0,1643,115,1305,227,4,0,1933460,UNKNOWN,2026-08-28T08:30:26.820315+00:00,-735252,561262,-571779,810603,599104,,248,1847,356,1711,False,TSE,瀚宇博,UNKNOWN,ordinary_stock,TWSE_T86+TPEX_DAILY_TRADE_HIS,5469,126,1447,153,155,0,0,-169000,173000,0,174573,1000,2000,,1765,1485,1508,1792
2026-08-28,GOOD,0,0,0,0,0,0,0,218,91,1449,151,2,0,1405993,1179015,818562,-1673156,1225134,1292504,,1673,1871,212,1787,0,219,90,1450,161,2,0,1471221,UNKNOWN,2026-08-28T08:30:26.820315+00:00,1184411,782957,-1632005,1246263,1327816,,1672,1872,211,1777,False,TSE,松翰,UNKNOWN,ordinary_stock,TWSE_T86+TPEX_DAILY_TRADE_HIS,5471,1355,1448,1144,1400,0,0,0,0,0,0,0,0,,1425,1486,1235,1438
2026-08-28,GOOD,0,0,0,0,0,0,0,1302,1198,760,681,0,1,134060,-53940,-12940,59060,57060,40060,,589,764,901,1257,0,1317,1181,769,691,0,1,136060,UNKNOWN,2026-08-28T08:30:26.820315+00:00,-59940,-12940,49060,55060,38060,,574,781,892,1247,False,TSE,慧友,UNKNOWN,ordinary_stock,TWSE_T86+TPEX_DAILY_TRADE_HIS,5484,1356,1449,1145,1401,0,0,0,0,0,0,0,0,,1426,1487,1236,1439
2026-08-28,GOOD,0,0,0,0,0,0,0,223,1417,217,304,0,1,-535722,1161812,-47378,2260046,188603,313045,,1668,545,1444,1634,0,222,1331,230,312,0,1,-524244,UNKNOWN,2026-08-28T08:30:26.820315+00:00,1172204,-31368,2278214,172836,323980,,1669,631,1431,1626,False,TSE,建國,UNKNOWN,ordinary_stock,TWSE_T86+TPEX_DAILY_TRADE_HIS,5515,1639,1450,1350,1402,0,0,1000,-1000,0,-1000,0,0,,264,1488,316,1440
2026-08-28,GOOD,0,0,0,0,0,0,0,378,242,565,374,4,0,79476,372384,114800,233274,236930,225930,,1513,1720,1096,1564,0,428,264,797,432,3,0,48342,UNKNOWN,2026-08-28T08:30:26.820315+00:00,290518,83300,35476,207430,169430,,1463,1698,864,1506,False,TSE,隆大,UNKNOWN,ordinary_stock,TWSE_T86+TPEX_DAILY_TRADE_HIS,5519,1357,1451,1146,1403,0,0,0,0,0,0,0,0,,1427,1489,1237,1441
2026-08-28,GOOD,0,0,0,0,0,0,0,230,1796,117,1795,0,4,-3305265,1070085,-549000,6770177,-852853,-1117590,,1661,166,1544,143,0,232,1790,119,1794,0,4,-3383852,UNKNOWN,2026-08-28T08:30:26.820315+00:00,1096048,-547000,6767759,-882063,-1143902,,1659,172,1542,144,False,TSE,工信,UNKNOWN,ordinary_stock,TWSE_T86+TPEX_DAILY_TRADE_HIS,5521,1358,1452,1147,1404,0,0,0,0,0,0,0,0,,1428,1490,1238,1442
2026-08-28,GOOD,0,0,0,0,0,0,0,322,1787,1339,1688,0,1,-1426388,512252,-526000,-685504,-450000,-457068,,1569,175,322,250,0,350,1784,1433,1696,0,1,-1432388,UNKNOWN,2026-08-28T08:30:26.820315+00:00,452252,-523000,-1420434,-474000,-490068,,1541,178,228,242,False,TSE,遠雄,UNKNOWN,ordinary_stock,TWSE_T86+TPEX_DAILY_TRADE_HIS,5522,1718,84,1564,1740,1,0,8000,-12000,2000,-497778,-2000,-2000,,175,1876,97,203
2026-08-28,GOOD,0,0,0,0,0,0,0,666,1193,1051,1363,0,1,-138000,68000,-12000,-74000,11000,-35000,,1225,775,610,575,0,673,1035,1035,1345,0,1,-139000,UNKNOWN,2026-08-28T08:30:26.820315+00:00,71000,-4000,-71000,12000,-34000,,1218,930,626,594,False,TSE,順天,UNKNOWN,ordinary_stock,TWSE_T86+TPEX_DAILY_TRADE_HIS,5525,1359,1453,1148,1405,0,0,0,0,0,0,0,0,,1429,1491,1239,1443
2026-08-28,GOOD,0,0,0,0,0,0,0,1672,1777,1498,1788,0,5,-1144159,-987841,-447000,-2451841,-780000,-1066000,,219,185,163,150,0,1682,1773,1500,1786,0,5,-1106159,UNKNOWN,2026-08-28T08:30:26.820315+00:00,-961841,-447000,-2479841,-752000,-1034000,,209,189,161,152,False,TSE,鄉林,UNKNOWN,ordinary_stock,TWSE_T86+TPEX_DAILY_TRADE_HIS,5531,1360,1454,1149,1406,0,0,0,0,0,0,0,0,,1430,1492,1240,1444
2026-08-28,GOOD,0,0,0,0,0,0,0,1590,1510,1365,1628,0,15,-3000,-531000,-75000,-836000,-143000,-267000,,301,453,296,310,0,1600,1490,1367,1626,0,2,-14000,UNKNOWN,2026-08-28T08:30:26.820315+00:00,-540000,-75000,-858000,-153000,-277000,,291,472,294,312,False,TSE,皇鼎,UNKNOWN,ordinary_stock,TWSE_T86+TPEX_DAILY_TRADE_HIS,5533,1361,1455,1150,1407,0,0,0,0,0,0,0,0,,1431,1493,1241,1445
2026-08-28,GOOD,0,0,0,0,0,0,0,211,1754,485,201,0,2,211914,1214866,-375000,387810,-188032,713390,,1680,208,1176,1737,0,178,1751,304,171,0,2,686297,UNKNOWN,2026-08-28T08:30:26.820315+00:00,1731063,-372576,1327102,-250027,1208680,,1713,211,1357,1767,False,TSE,長虹,UNKNOWN,ordinary_stock,TWSE_T86+TPEX_DAILY_TRADE_HIS,5534,111,1456,120,69,0,0,313000,313000,0,463000,0,313000,,1780,1494,1541,1869
2026-08-28,GOOD,0,0,0,0,0,0,0,563,430,543,498,1,0,98110,130110,18110,269110,91110,114110,,1328,1532,1118,1440,0,546,421,544,493,4,0,90020,UNKNOWN,2026-08-28T08:30:26.820315+00:00,140200,20110,270200,90110,115110,,1345,1541,1117,1445,False,TSE,東明-KY,UNKNOWN,ordinary_stock,TWSE_T86+TPEX_DAILY_TRADE_HIS,5538,1362,1457,1151,1408,0,0,0,0,0,0,0,0,,1432,1495,1242,1446
2026-08-28,GOOD,0,0,0,0,0,0,0,767,911,870,824,0,1,-7024,39024,-1000,14024,5000,16000,,1124,1094,791,1117,0,756,784,854,789,0,0,-5024,UNKNOWN,2026-08-28T08:30:26.820315+00:00,43024,0,13024,6000,19000,,1135,1187,807,1148,False,TSE,永固-KY,UNKNOWN,ordinary_stock,TWSE_T86+TPEX_DAILY_TRADE_HIS,5546,1363,1458,1152,1409,0,0,0,0,0,0,0,0,,1433,1496,1243,1447
2026-08-28,GOOD,0,0,0,0,0,0,0,112,202,151,202,1,0,-2145275,3561003,176132,4554473,-38816,707864,,1779,1760,1510,1736,0,112,1766,153,550,0,2,-3645275,UNKNOWN,2026-08-28T08:30:26.820315+00:00,3813003,-418868,4806473,-726816,83864,,1779,196,1508,1388,False,TSE,遠雄港,UNKNOWN,ordinary_stock,TWSE_T86+TPEX_DAILY_TRADE_HIS,5607,1654,1459,1153,1410,0,0,2000,-2000,0,0,0,0,,242,1497,1244,1448
2026-08-28,GOOD,0,0,0,0,0,0,0,1761,130,1384,1899,1,0,-6473740,-2226938,476000,-956447,-613480,-4350339,,130,1832,277,39,0,1759,128,1359,1900,1,0,-6757922,UNKNOWN,2026-08-28T08:30:26.820315+00:00,-2111438,479000,-790947,-572980,-4434680,,132,1834,302,38,False,TSE,四維航,UNKNOWN,ordinary_stock,TWSE_T86+TPEX_DAILY_TRADE_HIS,5608,1364,1460,1154,1411,0,0,0,0,0,0,0,0,,1434,1498,1245,1449
2026-08-28,GOOD,0,0,0,0,0,0,0,459,1262,693,1346,0,1,-301491,241931,-20930,103360,17070,-29780,,1432,700,968,592,0,465,1246,685,1376,0,1,-321010,UNKNOWN,2026-08-28T08:30:26.820315+00:00,234430,-20930,94671,4070,-43290,,1426,716,976,562,False,TSE,鳳凰,UNKNOWN,ordinary_stock,TWSE_T86+TPEX_DAILY_TRADE_HIS,5706,1365,1461,1155,1412,0,0,0,0,0,0,0,0,,1435,1499,1246,1450
2026-08-28,GOOD,0,0,0,0,0,0,0,45,1811,82,55,0,2,1388409,11048501,-623299,9913239,1751836,6218455,,1846,151,1579,1883,0,60,1878,128,60,0,2,2488859,UNKNOWN,2026-08-28T08:30:26.820315+00:00,8404377,-1242598,6099515,1131786,5446618,,1831,84,1533,1878,False,TSE,中租-KY,UNKNOWN,ordinary_stock,TWSE_T86+TPEX_DAILY_TRADE_HIS,5871,1849,1942,1620,1901,0,2,637517,-1820483,-600000,-2512347,-613483,-591483,,42,20,41,37
2026-08-28,GOOD,0,0,0,0,0,0,0,66,1840,79,1803,0,1,-10009986,7490782,-785014,10612952,-1680447,-1259602,,1825,122,1582,135,0,70,1899,149,1861,0,3,-11335187,UNKNOWN,2026-08-28T08:30:26.820315+00:00,6841787,-1681910,4904400,-2807931,-2246700,,1821,63,1512,77,False,TSE,上海商銀,UNKNOWN,ordinary_stock,TWSE_T86+TPEX_DAILY_TRADE_HIS,5876,1799,1947,1627,1899,0,2,-893170,-247230,-795000,-2755614,-784200,-570200,,92,15,34,39
2026-08-28,GOOD,0,0,0,0,0,0,0,86,35,1649,24,6,0,23586661,4949003,2968418,-64608279,8953837,14267832,,1805,1927,12,1914,0,14,38,1622,29,10,0,-14031214,UNKNOWN,2026-08-28T08:30:26.820315+00:00,43744392,2962449,-14487659,9489853,14856589,,1877,1924,39,1909,False,TSE,合庫金,UNKNOWN,ordinary_stock,TWSE_T86+TPEX_DAILY_TRADE_HIS,5880,4,1852,6,1841,0,2,-39474836,39353286,-1969,51624528,-3907,-60775,,1887,110,1655,97
2026-08-28,GOOD,0,0,0,0,0,,0,995,706,,984,2,0,4000,4000,1000,,2000,4000,,905,1268,,959,0,994,694,,956,5,0,5000,UNKNOWN,2026-08-28T08:30:26.820315+00:00,5000,1000,,3000,5000,,896,1271,,987,False,TSE,台南-KY,UNKNOWN,ordinary_stock,TWSE_T86+TPEX_DAILY_TRADE_HIS,5906,1366,1462,,1413,0,0,0,0,0,,0,0,,1436,1500,,1451
2026-08-28,GOOD,0,0,0,0,0,0,0,1202,1314,1120,1420,0,3,-92000,-20000,-26000,-141000,-142000,-56000,,690,650,541,518,0,1203,1297,1114,1404,0,3,-93000,UNKNOWN,2026-08-28T08:30:26.820315+00:00,-19000,-26000,-149000,-142000,-56000,,689,666,547,533,False,TSE,大洋-KY,UNKNOWN,ordinary_stock,TWSE_T86+TPEX_DAILY_TRADE_HIS,5907,1367,1463,1156,1414,0,0,0,0,0,0,0,0,,1437,1501,1247,1452
2026-08-28,GOOD,0,0,0,0,0,0,0,1831,1859,1645,1742,0,1,5130214,-6423258,-957237,-43089780,1125848,-646522,,60,103,16,196,0,1835,1849,1645,1748,0,1,5153683,UNKNOWN,2026-08-28T08:30:26.820315+00:00,-6499789,-957237,-39798401,1117848,-673053,,56,113,16,190,False,TSE,群益證,UNKNOWN,ordinary_stock,TWSE_T86+TPEX_DAILY_TRADE_HIS,6005,1767,1464,61,1820,0,0,23469,-76531,0,3291379,-8000,-26531,,124,1502,1600,118
2026-08-28,GOOD,0,0,0,0,0,0,0,268,303,335,1502,1,0,-995054,777478,59111,1005832,6558,-108788,,1623,1659,1326,436,0,268,304,343,1487,1,0,-993054,UNKNOWN,2026-08-28T08:30:26.820315+00:00,783478,59111,991832,10558,-104788,,1623,1658,1318,451,False,TSE,群益期,UNKNOWN,ordinary_stock,TWSE_T86+TPEX_DAILY_TRADE_HIS,6024,1368,1465,1410,1415,0,0,0,0,0,-6000,0,0,,1438,1503,254,1453
2026-08-28,GOOD,0,0,0,0,0,0,0,62,42,75,72,4,0,310730,7812838,2400050,11264362,3513681,4061784,,1829,1920,1586,1866,0,64,46,76,76,4,0,292211,UNKNOWN,2026-08-28T08:30:26.820315+00:00,7790359,2392493,11417782,3543182,4041285,,1827,1916,1585,1862,False,TSE,競國,UNKNOWN,ordinary_stock,TWSE_T86+TPEX_DAILY_TRADE_HIS,6108,1369,1466,1157,1416,0,0,0,0,0,0,0,0,,1439,1504,1248,1454
2026-08-28,GOOD,0,0,0,0,0,0,0,711,1158,184,320,0,1,539170,51894,-9907,3038698,240342,295532,,1180,804,1477,1618,0,788,1180,197,355,0,1,474109,UNKNOWN,2026-08-28T08:30:26.820315+00:00,36187,-12922,3045687,199556,255148,,1103,782,1464,1583,False,TSE,邁達特,UNKNOWN,ordinary_stock,TWSE_T86+TPEX_DAILY_TRADE_HIS,6112,1370,1467,1158,1417,0,0,0,0,0,0,0,0,,1440,1505,1249,1455
2026-08-28,GOOD,0,0,0,0,0,0,0,1539,1382,1198,1598,0,1,-63000,-363000,-39000,-270000,9000,-213000,,352,585,463,342,0,1553,1381,1213,1614,0,1,-97000,UNKNOWN,2026-08-28T08:30:26.820315+00:00,-389000,-41000,-315000,-22000,-243000,,338,583,448,324,False,TSE,鎰勝,UNKNOWN,ordinary_stock,TWSE_T86+TPEX_DAILY_TRADE_HIS,6115,1371,1468,1159,1418,0,0,0,0,0,0,0,0,,1441,1506,1250,1456
2026-08-28,GOOD,0,0,0,0,0,0,0,44,1956,1603,22,0,1,19849206,11080926,-11772656,-10454642,7340986,15465066,,1847,6,58,1916,0,48,1956,1611,28,0,1,19790748,UNKNOWN,2026-08-28T08:30:26.820315+00:00,10843178,-12224391,-10853132,7190655,15316963,,1843,6,50,1910,False,TSE,彩晶,UNKNOWN,ordinary_stock,TWSE_T86+TPEX_DAILY_TRADE_HIS,6116,1372,1469,210,1419,0,0,0,0,0,6712,0,0,,1442,1507,1451,1457
2026-08-28,GOOD,0,0,0,0,0,0,0,1391,318,1150,626,2,0,230807,-119361,49999,-188960,84723,55723,,500,1644,511,1312,0,1427,319,1171,659,2,0,247216,UNKNOWN,2026-08-28T08:30:26.820315+00:00,-149922,48780,-229583,84768,48647,,464,1643,490,1279,False,TSE,迎廣,UNKNOWN,ordinary_stock,TWSE_T86+TPEX_DAILY_TRADE_HIS,6117,1373,1470,1160,1420,0,0,0,0,0,0,0,0,,1443,1508,1251,1458
2026-08-28,GOOD,0,0,0,0,0,0,0,1603,1442,1280,1487,0,1,374327,-570601,-52955,-475278,225085,-98137,,288,520,381,451,0,1616,1423,1206,1521,0,1,358785,UNKNOWN,2026-08-28T08:30:26.820315+00:00,-610617,-52518,-309020,164688,-125916,,275,539,455,417,False,TSE,達運,UNKNOWN,ordinary_stock,TWSE_T86+TPEX_DAILY_TRADE_HIS,6120,1727,1471,194,1421,0,0,20000,-20000,0,15000,0,0,,164,1509,1468,1459
2026-08-28,GOOD,0,0,0,0,0,0,0,890,980,655,863,0,1,8000,16000,-2000,136000,13000,12000,,1004,1010,1007,1079,0,847,961,739,779,0,1,17000,UNKNOWN,2026-08-28T08:30:26.820315+00:00,23000,-2000,64675,21000,20000,,1044,1021,922,1159,False,TSE,上福,UNKNOWN,ordinary_stock,TWSE_T86+TPEX_DAILY_TRADE_HIS,6128,1374,1472,1161,1422,0,0,0,0,0,0,0,0,,1444,1510,1252,1460
2026-08-28,GOOD,0,0,0,0,0,0,0,253,383,284,221,3,0,289721,870477,28613,1437196,518898,580099,,1638,1579,1377,1717,0,259,382,289,231,3,0,289721,UNKNOWN,2026-08-28T08:30:26.820315+00:00,872477,27613,1414196,521898,581099,,1632,1580,1372,1707,False,TSE,金橋,UNKNOWN,ordinary_stock,TWSE_T86+TPEX_DAILY_TRADE_HIS,6133,1375,1473,1162,1423,0,0,0,0,0,0,0,0,,1445,1511,1253,1461
2026-08-28,GOOD,0,0,0,0,0,0,0,1400,1460,718,1429,0,2,5164,-126834,-57111,85166,-62063,-60835,,491,502,943,509,0,1402,1440,811,1411,0,2,7164,UNKNOWN,2026-08-28T08:30:26.820315+00:00,-122834,-57111,29166,-59063,-57835,,489,522,850,527,False,TSE,富爾特,UNKNOWN,ordinary_stock,TWSE_T86+TPEX_DAILY_TRADE_HIS,6136,1376,1474,1163,1424,0,0,0,0,0,0,0,0,,1446,1512,1254,1462
2026-08-28,GOOD,0,0,0,0,0,0,0,1778,1848,1573,1862,0,9,-1498846,-3025450,-845997,-6022066,-1754239,-2262148,,113,114,88,76,0,1802,1877,1568,1868,0,2,-1166760,UNKNOWN,2026-08-28T08:30:26.820315+00:00,-3763758,-1222326,-5513721,-2043146,-2465259,,89,85,93,70,False,TSE,亞翔,UNKNOWN,ordinary_stock,TWSE_T86+TPEX_DAILY_TRADE_HIS,6139,1834,1934,1487,1893,0,3,146677,-975323,-367000,-65784,-420323,-414323,,57,28,174,45
2026-08-28,GOOD,0,0,0,0,0,0,0,87,106,150,132,3,0,-1716856,4889518,634281,4594425,2483669,1586331,,1804,1856,1511,1806,0,90,98,152,138,3,0,-1774453,UNKNOWN,2026-08-28T08:30:26.820315+00:00,5173921,732545,4861828,2611072,1699734,,1801,1864,1509,1800,False,TSE,柏承,UNKNOWN,ordinary_stock,TWSE_T86+TPEX_DAILY_TRADE_HIS,6141,1377,1475,1164,1425,0,0,0,0,0,0,0,0,,1447,1513,1255,1463
2026-08-28,GOOD,0,0,0,0,0,0,0,1495,1320,1315,959,0,1,273957,-261997,-26920,-569214,151980,5980,,396,642,346,979,0,1498,1302,1308,899,0,1,278957,UNKNOWN,2026-08-28T08:30:26.820315+00:00,-260997,-26920,-577214,151980,8980,,393,660,353,1039,False,TSE,友勁,UNKNOWN,ordinary_stock,TWSE_T86+TPEX_DAILY_TRADE_HIS,6142,1378,1476,1165,1426,0,0,0,0,0,0,0,0,,1448,1514,1256,1464
2026-08-28,GOOD,0,0,0,0,0,0,0,1420,279,301,310,4,0,755227,-146563,73074,1313130,296510,304332,,471,1683,1360,1628,0,1442,278,305,381,4,0,625227,UNKNOWN,2026-08-28T08:30:26.820315+00:00,-170563,74074,1326130,233510,227332,,449,1684,1356,1557,False,TSE,百一,UNKNOWN,ordinary_stock,TWSE_T86+TPEX_DAILY_TRADE_HIS,6152,1379,1477,1166,1427,0,0,0,0,0,0,0,0,,1449,1515,1257,1465
2026-08-28,GOOD,0,0,0,0,0,0,0,161,93,144,101,3,0,2680129,2212919,766881,4940249,3012869,2446524,,1730,1869,1517,1837,0,167,93,145,121,3,0,1963730,UNKNOWN,2026-08-28T08:30:26.820315+00:00,2040926,761881,4996895,2543799,2002328,,1724,1869,1516,1817,False,TSE,嘉聯益,UNKNOWN,ordinary_stock,TWSE_T86+TPEX_DAILY_TRADE_HIS,6153,1380,1478,1167,1428,0,0,0,0,0,0,0,0,,1450,1516,1258,1466
2026-08-28,GOOD,0,0,0,0,0,0,0,1552,1759,1504,501,0,1,622276,-396534,-383267,-2599059,-201594,112871,,339,203,157,1437,0,1562,1754,1507,517,0,1,630302,UNKNOWN,2026-08-28T08:30:26.820315+00:00,-428560,-384267,-2613594,-204594,100871,,329,208,154,1421,False,TSE,鈞寶,UNKNOWN,ordinary_stock,TWSE_T86+TPEX_DAILY_TRADE_HIS,6155,1667,1479,1384,1741,0,0,-1000,-3000,0,-3000,-2000,-2000,,228,1517,278,204
2026-08-28,GOOD,0,0,0,0,0,0,0,401,1508,639,346,0,1,185471,330541,-74513,148218,295882,258006,,1490,454,1022,1592,0,431,1501,633,358,0,1,217471,UNKNOWN,2026-08-28T08:30:26.820315+00:00,288541,-78513,146218,290882,253006,,1460,461,1028,1580,False,TSE,華興,UNKNOWN,ordinary_stock,TWSE_T86+TPEX_DAILY_TRADE_HIS,6164,1381,1480,1168,1429,0,0,0,0,0,0,0,0,,1451,1518,1259,1467
2026-08-28,GOOD,0,0,0,0,0,0,0,1504,744,1036,580,2,0,418919,-280645,51,-62772,33737,69137,,387,1218,625,1358,0,1503,753,1036,584,2,0,418919,UNKNOWN,2026-08-28T08:30:26.820315+00:00,-278645,51,-73772,34737,70137,,388,1209,625,1354,False,TSE,浪凡,UNKNOWN,ordinary_stock,TWSE_T86+TPEX_DAILY_TRADE_HIS,6165,1382,1481,1169,1430,0,0,0,0,0,0,0,0,,1452,1519,1260,1468
2026-08-28,GOOD,0,0,0,0,0,0,0,1784,1617,1422,1780,0,12,1240831,-3225201,-140102,-1357801,-930021,-992185,,107,345,239,158,0,1785,1608,1437,1783,0,12,1003882,UNKNOWN,2026-08-28T08:30:26.820315+00:00,-3039428,-143545,-1440969,-927915,-1017773,,106,354,224,155,False,TSE,凌華,UNKNOWN,ordinary_stock,TWSE_T86+TPEX_DAILY_TRADE_HIS,6166,204,1482,226,180,0,0,1000,1000,0,1503,0,1000,,1689,1520,1435,1768
2026-08-28,GOOD,0,0,0,0,0,0,0,193,1572,241,192,0,1,187590,1421008,-110103,1944941,2606169,804299,,1698,390,1420,1746,0,196,1560,252,205,0,1,182412,UNKNOWN,2026-08-28T08:30:26.820315+00:00,1421088,-112366,1903683,2610084,801750,,1695,402,1409,1733,False,TSE,宏齊,UNKNOWN,ordinary_stock,TWSE_T86+TPEX_DAILY_TRADE_HIS,6168,1383,1483,1170,1431,0,0,0,0,0,0,0,0,,1453,1521,1261,1469
2026-08-28,GOOD,0,0,0,0,0,,0,1838,1819,,1889,0,9,-570266,-6921208,-650500,,-1990689,-3745737,,53,143,,49,0,1840,1813,,1890,0,9,-563228,UNKNOWN,2026-08-28T08:30:26.820315+00:00,-6968362,-647313,,-1989969,-3765795,,51,149,,48,False,TSE,瑞儀,UNKNOWN,ordinary_stock,TWSE_T86+TPEX_DAILY_TRADE_HIS,6176,1760,1484,,1839,0,0,-50181,-53819,0,,-24000,-52000,,131,1522,,99
2026-08-28,GOOD,0,0,0,0,0,0,0,102,1733,1399,178,0,2,-2213399,4102019,-303944,-1093495,20900,944310,,1789,229,262,1760,0,100,1662,1126,173,0,2,-2192578,UNKNOWN,2026-08-28T08:30:26.820315+00:00,4538108,-201489,-166414,148355,1172765,,1791,300,535,1765,False,TSE,達麗,UNKNOWN,ordinary_stock,TWSE_T86+TPEX_DAILY_TRADE_HIS,6177,171,72,1429,131,1,0,6000,6000,6000,-12117,6000,6000,,1723,1891,232,1808
2026-08-28,GOOD,0,0,0,0,0,0,0,1050,1023,852,1015,0,2,5990,-10,-3000,18976,2990,2990,,841,962,809,923,0,1039,1006,849,1106,0,2,-3010,UNKNOWN,2026-08-28T08:30:26.820315+00:00,990,-3000,14920,-1010,-1010,,852,974,812,832,False,TSE,關貿,UNKNOWN,ordinary_stock,TWSE_T86+TPEX_DAILY_TRADE_HIS,6183,1384,1485,1171,1432,0,0,0,0,0,0,0,0,,1454,1523,1262,1470
2026-08-28,GOOD,0,0,0,0,0,0,0,913,1335,890,1232,0,2,-29000,13000,-29000,7000,-12000,-8000,,978,629,771,713,0,895,1315,885,1189,0,2,-28000,UNKNOWN,2026-08-28T08:30:26.820315+00:00,16000,-29000,3000,-10000,-6000,,996,649,776,752,False,TSE,大豐電,UNKNOWN,ordinary_stock,TWSE_T86+TPEX_DAILY_TRADE_HIS,6184,1385,1486,1172,1433,0,0,0,0,0,0,0,0,,1455,1524,1263,1471
2026-08-28,GOOD,0,0,0,0,0,0,0,475,1449,267,458,0,4,60802,215766,-54600,1610581,-209184,138284,,1416,513,1394,1480,0,542,1546,282,561,0,4,16042,UNKNOWN,2026-08-28T08:30:26.820315+00:00,146282,-102863,1467961,-267578,81162,,1349,416,1379,1377,False,TSE,豐藝,UNKNOWN,ordinary_stock,TWSE_T86+TPEX_DAILY_TRADE_HIS,6189,1733,85,1480,1785,1,0,7582,-24418,2000,-47338,-8418,-8418,,158,1877,181,153
2026-08-28,GOOD,0,0,0,0,0,0,0,1430,159,223,210,3,0,1476299,-159053,320333,2195654,1025521,658623,,461,1803,1438,1728,0,463,158,215,222,3,0,1019311,UNKNOWN,2026-08-28T08:30:26.820315+00:00,235269,323215,2519313,1039701,627290,,1428,1804,1446,1716,False,TSE,精成科,UNKNOWN,ordinary_stock,TWSE_T86+TPEX_DAILY_TRADE_HIS,6191,91,1487,118,156,0,0,-484000,488000,0,489906,1000,2000,,1800,1525,1543,1793
2026-08-28,GOOD,0,0,0,0,0,0,0,1405,1297,1250,1424,0,1,13594,-131278,-24000,-400439,-28871,-58842,,486,668,411,514,0,1413,1285,1258,1426,0,4,2554,UNKNOWN,2026-08-28T08:30:26.820315+00:00,-134744,-25000,-414741,-39686,-66095,,478,679,403,512,False,TSE,巨路,UNKNOWN,ordinary_stock,TWSE_T86+TPEX_DAILY_TRADE_HIS,6192,1386,1488,1351,1434,0,0,0,0,0,-1000,0,0,,1456,1526,317,1472
2026-08-28,GOOD,0,0,0,0,0,0,0,1496,1689,273,1471,0,2,83988,-262076,-219597,1544594,12425,-89044,,395,273,1388,467,0,1583,1680,391,1583,0,2,88660,UNKNOWN,2026-08-28T08:30:26.820315+00:00,-500362,-224770,733588,-53927,-205851,,308,282,1270,355,False,TSE,帆宣,UNKNOWN,ordinary_stock,TWSE_T86+TPEX_DAILY_TRADE_HIS,6196,1774,1844,1582,1842,0,3,-30300,-104300,-1000,-740531,-70300,-67300,,117,125,79,96
2026-08-28,GOOD,0,0,0,0,0,0,0,1475,175,1344,657,2,0,321848,-225324,260188,-703582,95496,48262,,416,1787,317,1281,0,1476,172,1352,569,2,0,377164,UNKNOWN,2026-08-28T08:30:26.820315+00:00,-220226,264834,-766494,146804,78469,,415,1790,309,1369,False,TSE,佳必琪,UNKNOWN,ordinary_stock,TWSE_T86+TPEX_DAILY_TRADE_HIS,6197,1640,1489,167,1435,0,0,1000,-1000,0,103299,0,0,,265,1527,1494,1473
2026-08-28,GOOD,0,0,0,0,0,0,0,837,614,914,864,1,0,0,24000,3000,-2000,15000,12000,,1059,1355,747,1080,0,856,607,906,912,1,0,-5000,UNKNOWN,2026-08-28T08:30:26.820315+00:00,21000,3000,-6000,11000,8000,,1034,1357,755,1030,False,TSE,亞弘電,UNKNOWN,ordinary_stock,TWSE_T86+TPEX_DAILY_TRADE_HIS,6201,1387,1490,1173,1436,0,0,0,0,0,0,0,0,,1457,1528,1264,1474
2026-08-28,GOOD,0,0,0,0,0,0,0,1652,281,146,250,3,0,1768286,-842384,72432,4863291,604586,462951,,239,1681,1515,1688,0,1670,289,141,259,3,0,1825536,UNKNOWN,2026-08-28T08:30:26.820315+00:00,-898442,68733,5290499,599400,463547,,221,1673,1520,1679,False,TSE,盛群,UNKNOWN,ordinary_stock,TWSE_T86+TPEX_DAILY_TRADE_HIS,6202,1741,1491,123,1814,0,0,-10000,-30000,0,432000,-20000,-20000,,152,1529,1538,126
2026-08-28,GOOD,0,0,0,0,0,0,0,1288,395,589,1529,1,0,-218844,-47252,24433,200144,-197088,-133048,,603,1567,1072,409,0,1303,405,602,1533,1,0,-223171,UNKNOWN,2026-08-28T08:30:26.820315+00:00,-53399,23118,191167,-201178,-138285,,588,1557,1059,405,False,TSE,詮欣,UNKNOWN,ordinary_stock,TWSE_T86+TPEX_DAILY_TRADE_HIS,6205,1388,1492,1174,1437,0,0,0,0,0,0,0,0,,1458,1530,1265,1475
2026-08-28,GOOD,0,0,0,0,0,0,0,1469,1035,126,1690,0,2,-722145,-204021,-3505,6162797,217835,-463083,,422,927,1535,248,0,1522,1349,137,1693,0,2,-648936,UNKNOWN,2026-08-28T08:30:26.820315+00:00,-313328,-34810,5611199,149344,-481132,,369,613,1524,245,False,TSE,飛捷,UNKNOWN,ordinary_stock,TWSE_T86+TPEX_DAILY_TRADE_HIS,6206,1713,1845,1562,1783,0,3,-3568,-11568,-1000,-474879,-7568,-7568,,178,126,99,155
2026-08-28,GOOD,0,0,0,0,0,0,0,1776,1602,1552,1858,0,2,-1377420,-2795028,-131779,-4355582,-956679,-2086224,,115,360,109,80,0,1769,1734,1544,1837,0,2,-921687,UNKNOWN,2026-08-28T08:30:26.820315+00:00,-2515499,-329507,-3878046,-654023,-1718593,,122,228,117,101,False,TSE,今國光,UNKNOWN,ordinary_stock,TWSE_T86+TPEX_DAILY_TRADE_HIS,6209,1389,1493,1175,1438,0,0,0,0,0,0,0,0,,1459,1531,1266,1476
2026-08-28,GOOD,0,0,0,0,0,0,0,72,58,42,142,2,0,-3854217,6597507,1524738,25260498,-1736996,1371645,,1819,1904,1619,1796,0,81,69,41,1506,2,0,-5963983,UNKNOWN,2026-08-28T08:30:26.820315+00:00,5733623,1283046,28793298,-2128103,-115180,,1810,1893,1620,432,False,TSE,聯茂,UNKNOWN,ordinary_stock,TWSE_T86+TPEX_DAILY_TRADE_HIS,6213,1814,1857,63,1912,0,3,-1991000,-353000,-2000,2789204,-332000,-1172000,,77,108,1598,26
2026-08-28,GOOD,0,0,0,0,0,0,0,145,1739,472,232,0,3,-1541891,2585451,-314136,412559,-695905,521780,,1746,223,1189,1706,0,75,1731,170,273,0,3,-5364244,UNKNOWN,2026-08-28T08:30:26.820315+00:00,6230984,-319136,3986559,-782905,433370,,1816,231,1491,1665,False,TSE,精誠,UNKNOWN,ordinary_stock,TWSE_T86+TPEX_DAILY_TRADE_HIS,6214,38,1846,57,1797,0,3,-3518000,3494000,-1000,3481762,-33000,-12000,,1853,127,1604,144
2026-08-28,GOOD,0,0,0,0,0,0,0,1675,1561,1193,1379,0,1,930212,-1011018,-102542,-258446,51686,-40403,,216,401,468,559,0,1692,1559,1182,1418,0,1,948745,UNKNOWN,2026-08-28T08:30:26.820315+00:00,-1070105,-112014,-251963,53449,-60680,,199,403,479,520,False,TSE,和椿,UNKNOWN,ordinary_stock,TWSE_T86+TPEX_DAILY_TRADE_HIS,6215,1390,1494,1176,1439,0,0,0,0,0,0,0,0,,1460,1532,1267,1477
2026-08-28,GOOD,0,0,0,0,0,0,0,1448,1533,576,1624,0,4,-348000,-174000,-85000,219702,-211000,-261000,,443,431,1085,314,0,1441,1515,580,1618,0,4,-347086,UNKNOWN,2026-08-28T08:30:26.820315+00:00,-169852,-85274,212901,-207832,-258469,,450,447,1081,320,False,TSE,居易,UNKNOWN,ordinary_stock,TWSE_T86+TPEX_DAILY_TRADE_HIS,6216,1391,1495,1177,1440,0,0,0,0,0,0,0,0,,1461,1533,1268,1478
2026-08-28,GOOD,0,0,0,0,0,0,0,198,253,271,227,1,0,-284219,1369011,100501,1561600,65536,542396,,1693,1709,1390,1711,0,191,234,266,218,1,0,-186219,UNKNOWN,2026-08-28T08:30:26.820315+00:00,1471011,128501,1638058,166536,642396,,1700,1728,1395,1720,False,TSE,聚鼎,UNKNOWN,ordinary_stock,TWSE_T86+TPEX_DAILY_TRADE_HIS,6224,1392,1496,1178,1441,0,0,0,0,0,0,0,0,,1462,1534,1269,1479
2026-08-28,GOOD,0,0,0,0,0,0,0,75,60,281,54,3,0,6365451,6332097,1483000,1457982,3606663,6348774,,1816,1902,1380,1884,0,74,64,279,57,3,0,6409404,UNKNOWN,2026-08-28T08:30:26.820315+00:00,6304050,1455981,1473935,3623337,6356727,,1817,1898,1382,1881,False,TSE,光鼎,UNKNOWN,ordinary_stock,TWSE_T86+TPEX_DAILY_TRADE_HIS,6226,1676,1497,1428,1742,0,0,0,-4000,0,-12000,-2000,-2000,,217,1535,234,205
2026-08-28,GOOD,0,0,0,0,0,0,0,756,625,816,627,7,0,69016,41186,2041,30084,51041,55101,,1135,1337,845,1311,0,753,620,824,632,7,0,67946,UNKNOWN,2026-08-28T08:30:26.820315+00:00,44256,2041,22447,52041,56101,,1138,1342,837,1306,False,TSE,尼得科超眾,UNKNOWN,ordinary_stock,TWSE_T86+TPEX_DAILY_TRADE_HIS,6230,1393,1498,1179,1442,0,0,0,0,0,0,0,0,,1463,1536,1270,1480
2026-08-28,GOOD,0,0,0,0,0,0,0,516,1484,260,354,0,1,323842,169170,-66000,1660940,279308,246506,,1375,479,1401,1584,0,521,1470,265,363,0,1,327089,UNKNOWN,2026-08-28T08:30:26.820315+00:00,163239,-65599,1643165,285445,245164,,1370,492,1396,1575,False,TSE,華孚,UNKNOWN,ordinary_stock,TWSE_T86+TPEX_DAILY_TRADE_HIS,6235,1394,1499,1180,1443,0,0,0,0,0,0,0,0,,1464,1537,1271,1481
2026-08-28,GOOD,0,0,0,0,0,0,0,1792,15,1637,1831,1,0,58113,-3448571,8790054,-25585099,-1134239,-1695229,,99,1947,24,107,0,1831,14,1637,1808,1,0,3387621,UNKNOWN,2026-08-28T08:30:26.820315+00:00,-6133585,9532242,-26289286,-1100885,-1372982,,60,1948,24,130,False,TSE,力成,UNKNOWN,ordinary_stock,TWSE_T86+TPEX_DAILY_TRADE_HIS,6239,1863,1865,1572,1900,0,6,1927631,-3099631,-4000,-641560,-491000,-586000,,28,98,89,38
2026-08-28,GOOD,0,0,0,0,0,0,0,1687,1649,1370,579,0,1,1230415,-1092071,-170445,-881081,23172,69172,,204,313,291,1359,0,1694,1639,1418,583,0,1,1231065,UNKNOWN,2026-08-28T08:30:26.820315+00:00,-1090693,-169762,-1207229,24138,70186,,197,323,243,1355,False,TSE,迅杰,UNKNOWN,ordinary_stock,TWSE_T86+TPEX_DAILY_TRADE_HIS,6243,1395,1500,1181,1444,0,0,0,0,0,0,0,0,,1465,1538,1272,1482
2026-08-28,GOOD,0,0,0,0,0,0,0,1699,27,1566,523,1,0,1373442,-1173868,3905291,-5261599,1000111,99787,,192,1935,95,1415,0,1829,31,1603,345,1,0,6192397,UNKNOWN,2026-08-28T08:30:26.820315+00:00,-5644781,3740920,-10030194,908314,273808,,62,1931,58,1593,False,TSE,矽格,UNKNOWN,ordinary_stock,TWSE_T86+TPEX_DAILY_TRADE_HIS,6257,1874,1950,1641,1908,0,3,3392415,-4996415,-1012000,-5509893,-1040000,-802000,,17,12,20,30
2026-08-28,GOOD,0,0,0,0,0,0,0,58,100,56,46,4,0,7509325,8659519,687146,16709568,8240638,8084422,,1833,1862,1605,1892,0,53,107,53,43,3,0,8457739,UNKNOWN,2026-08-28T08:30:26.820315+00:00,9379169,614484,18210533,9263508,8918454,,1838,1855,1608,1895,False,TSE,台郡,UNKNOWN,ordinary_stock,TWSE_T86+TPEX_DAILY_TRADE_HIS,6269,1677,1501,1394,1445,0,0,4000,-4000,0,-4000,0,0,,218,1539,270,1483
2026-08-28,GOOD,0,0,0,0,0,0,0,1342,134,1475,1786,1,0,-2020602,-78970,439260,-1984884,-1357537,-1049786,,549,1828,186,152,0,540,127,1423,1769,1,0,-1876410,UNKNOWN,2026-08-28T08:30:26.820315+00:00,147312,482365,-1241097,-1278315,-864549,,1351,1835,238,169,False,TSE,同欣電,UNKNOWN,ordinary_stock,TWSE_T86+TPEX_DAILY_TRADE_HIS,6271,205,1502,104,181,0,0,1000,1000,0,747257,0,1000,,1690,1540,1557,1769
2026-08-28,GOOD,0,0,0,0,0,0,0,506,450,720,602,3,0,-55400,181400,15000,84551,60000,63000,,1385,1516,941,1337,0,506,436,710,590,3,0,-47896,UNKNOWN,2026-08-28T08:30:26.820315+00:00,184904,17504,79055,65504,68504,,1385,1526,951,1348,False,TSE,驊陞,UNKNOWN,ordinary_stock,TWSE_T86+TPEX_DAILY_TRADE_HIS,6272,1396,1503,1182,1446,0,0,0,0,0,0,0,0,,1466,1541,1273,1484
2026-08-28,GOOD,0,0,0,0,0,0,0,246,1292,216,1435,0,2,-1054280,925378,-23974,2271418,-25451,-64451,,1645,670,1445,503,0,246,1277,227,1434,0,2,-1104479,UNKNOWN,2026-08-28T08:30:26.820315+00:00,964479,-24130,2315726,-28842,-70000,,1645,685,1434,504,False,TSE,宏正,UNKNOWN,ordinary_stock,TWSE_T86+TPEX_DAILY_TRADE_HIS,6277,1641,1504,1352,1447,0,0,1000,-1000,0,-1000,0,0,,266,1542,318,1485
2026-08-28,GOOD,0,0,0,0,0,0,0,1804,107,1500,1913,1,0,-8471058,-3735250,604386,-2485452,-2656260,-6103154,,87,1855,161,25,0,292,103,213,1795,1,0,-2971133,UNKNOWN,2026-08-28T08:30:26.820315+00:00,659811,667782,2543553,1698399,-1155661,,1599,1859,1448,143,False,TSE,台表科,UNKNOWN,ordinary_stock,TWSE_T86+TPEX_DAILY_TRADE_HIS,6278,27,1505,51,11,0,0,4714600,4314600,0,4121186,4000600,4514600,,1864,1543,1610,1927
2026-08-28,GOOD,0,0,0,0,0,0,0,1018,1083,928,1183,0,2,-10000,2000,-5000,-5000,-7000,-4000,,876,890,732,760,0,1116,1036,925,1258,0,2,-19709,UNKNOWN,2026-08-28T08:30:26.820315+00:00,-5709,-4000,-14709,-15709,-12709,,775,931,736,680,False,TSE,全國電,UNKNOWN,ordinary_stock,TWSE_T86+TPEX_DAILY_TRADE_HIS,6281,1397,1506,1183,1448,0,0,0,0,0,0,0,0,,1467,1544,1274,1486
2026-08-28,GOOD,0,0,0,0,0,0,0,1830,1667,1586,1848,0,2,2500641,-6387041,-185720,-7938669,-532090,-1943200,,61,295,75,90,0,1841,1767,1585,1858,0,2,2753670,UNKNOWN,2026-08-28T08:30:26.820315+00:00,-7077458,-419071,-7644216,-652938,-2161894,,50,195,76,80,False,TSE,康舒,UNKNOWN,ordinary_stock,TWSE_T86+TPEX_DAILY_TRADE_HIS,6282,1750,1507,127,1835,0,0,-44000,-38000,0,422431,-44000,-41000,,141,1545,1534,103
2026-08-28,GOOD,0,0,0,0,0,0,0,1394,1315,995,1454,0,2,-28000,-120000,-26000,-44000,-20000,-74000,,497,651,666,485,0,1405,1298,1004,1438,0,2,-18000,UNKNOWN,2026-08-28T08:30:26.820315+00:00,-126000,-26000,-56000,-18000,-72000,,486,667,657,500,False,TSE,淳安,UNKNOWN,ordinary_stock,TWSE_T86+TPEX_DAILY_TRADE_HIS,6283,1398,1508,1184,1449,0,0,0,0,0,0,0,0,,1468,1546,1275,1487
2026-08-28,GOOD,0,0,0,0,0,0,0,508,120,1267,146,1,0,2491371,179833,528550,-444472,568495,1335602,,1383,1842,394,1792,0,1358,139,1209,157,1,0,2786492,UNKNOWN,2026-08-28T08:30:26.820315+00:00,-89512,416043,-311696,626393,1348490,,533,1823,452,1781,False,TSE,啟碁,UNKNOWN,ordinary_stock,TWSE_T86+TPEX_DAILY_TRADE_HIS,6285,1789,1922,137,1869,0,5,-166870,-190870,-140700,291137,-169870,-178870,,102,40,1524,69
2026-08-28,GOOD,0,0,0,0,0,0,0,1516,1478,1145,1653,0,2,-349878,-301876,-65000,-178720,-322889,-325877,,375,484,516,285,0,1513,1460,1139,1644,0,2,-345391,UNKNOWN,2026-08-28T08:30:26.820315+00:00,-298943,-63814,-180588,-320114,-322167,,378,502,522,294,False,TSE,悅城,UNKNOWN,ordinary_stock,TWSE_T86+TPEX_DAILY_TRADE_HIS,6405,1399,1509,1185,1450,0,0,0,0,0,0,0,0,,1469,1547,1276,1488
2026-08-28,GOOD,0,0,0,0,0,0,0,1352,1630,1056,615,0,1,203283,-86181,-150705,-77035,-13068,58551,,539,332,605,1323,0,829,1631,704,622,0,1,90415,UNKNOWN,2026-08-28T08:30:26.820315+00:00,25615,-163990,83923,-15727,58015,,1062,331,957,1316,False,TSE,旭隼,UNKNOWN,ordinary_stock,TWSE_T86+TPEX_DAILY_TRADE_HIS,6409,130,1858,158,1782,0,3,-134828,120724,-2000,147844,-7020,-7052,,1761,109,1503,156
2026-08-28,GOOD,0,0,0,0,0,0,0,299,215,1214,220,3,0,567157,597219,151000,-318667,659138,582188,,1592,1747,447,1718,0,329,218,1266,226,3,0,698807,UNKNOWN,2026-08-28T08:30:26.820315+00:00,506115,150591,-450503,679333,602461,,1562,1744,395,1712,False,TSE,群電,UNKNOWN,ordinary_stock,TWSE_T86+TPEX_DAILY_TRADE_HIS,6412,161,1510,192,122,0,0,8000,12000,0,15806,8000,10000,,1730,1548,1469,1819
2026-08-28,GOOD,0,0,0,0,0,0,0,1664,1732,1519,1718,0,3,-170638,-932160,-302828,-3035760,-701821,-551399,,227,230,142,220,0,1707,1729,1537,1722,0,3,60050,UNKNOWN,2026-08-28T08:30:26.820315+00:00,-1227476,-316562,-3541398,-723809,-583713,,184,233,124,216,False,TSE,樺漢,UNKNOWN,ordinary_stock,TWSE_T86+TPEX_DAILY_TRADE_HIS,6414,165,1847,1500,1743,0,3,-14000,10000,-1000,-80874,-3000,-2000,,1729,128,161,206
2026-08-28,GOOD,0,0,0,0,0,0,0,1605,1887,161,1715,0,2,-514431,-572331,-1299148,3751598,-1113359,-543381,,286,75,1500,223,0,1725,1884,555,1708,0,2,375899,UNKNOWN,2026-08-28T08:30:26.820315+00:00,-1450827,-1336958,251961,-1125406,-537464,,166,78,1106,230,False,TSE,矽力*-KY,UNKNOWN,ordinary_stock,TWSE_T86+TPEX_DAILY_TRADE_HIS,6415,1831,1848,1634,1830,0,3,797000,-865000,-1000,-3545823,-39000,-34000,,60,129,27,108
2026-08-28,GOOD,0,0,0,0,0,0,0,314,1159,299,559,0,1,-378242,538948,-9930,1323345,174180,80353,,1577,803,1362,1379,0,319,751,300,534,3,0,-375197,UNKNOWN,2026-08-28T08:30:26.820315+00:00,559903,70,1359765,186180,92353,,1572,1211,1361,1404,False,TSE,瑞祺電通,UNKNOWN,ordinary_stock,TWSE_T86+TPEX_DAILY_TRADE_HIS,6416,1400,1511,1186,1451,0,0,0,0,0,0,0,0,,1470,1549,1277,1489
2026-08-28,GOOD,0,0,0,0,0,0,0,1422,131,1212,326,1,0,727223,-150629,466240,-307615,184813,288297,,469,1831,449,1612,0,646,126,948,244,1,0,929819,UNKNOWN,2026-08-28T08:30:26.820315+00:00,87199,483898,-26056,407245,508509,,1245,1836,713,1694,False,TSE,統新,UNKNOWN,ordinary_stock,TWSE_T86+TPEX_DAILY_TRADE_HIS,6426,1401,1512,1187,1452,0,0,0,0,0,0,0,0,,1471,1550,1278,1490
2026-08-28,GOOD,0,0,0,0,0,0,0,1005,1024,970,951,0,1,9000,3000,-3000,-31000,3000,6000,,887,963,691,993,0,1013,1007,966,920,0,1,11000,UNKNOWN,2026-08-28T08:30:26.820315+00:00,3000,-3000,-37000,3000,7000,,879,975,695,1018,False,TSE,光麗-KY,UNKNOWN,ordinary_stock,TWSE_T86+TPEX_DAILY_TRADE_HIS,6431,1402,1513,1188,1453,0,0,0,0,0,0,0,0,,1472,1551,1279,1491
2026-08-28,GOOD,0,0,0,0,0,0,0,271,181,286,230,8,0,292951,767373,237569,1431545,461932,530162,,1620,1781,1375,1708,0,300,177,306,239,8,0,472995,UNKNOWN,2026-08-28T08:30:26.820315+00:00,620395,245934,1305202,483520,546695,,1591,1785,1355,1699,False,TSE,迅得,UNKNOWN,ordinary_stock,TWSE_T86+TPEX_DAILY_TRADE_HIS,6438,1780,1514,1522,1454,0,0,137000,-137000,0,-137000,0,0,,111,1552,139,1492
2026-08-28,GOOD,0,0,0,0,0,0,0,1542,226,1445,419,1,0,722636,-370138,132743,-1655330,-139782,176249,,349,1736,216,1519,0,1578,262,1424,1526,1,0,222013,UNKNOWN,2026-08-28T08:30:26.820315+00:00,-482733,83752,-1254625,-417678,-130360,,313,1700,237,412,False,TSE,光聖,UNKNOWN,ordinary_stock,TWSE_T86+TPEX_DAILY_TRADE_HIS,6442,1784,1894,129,1883,0,4,-486000,-162000,-32000,357896,-250000,-324000,,107,68,1532,54
2026-08-28,GOOD,0,0,0,0,0,0,0,1513,258,210,140,2,0,3068907,-297275,87834,2402842,1130903,1385816,,378,1704,1451,1798,0,1241,209,203,144,2,0,3216769,UNKNOWN,2026-08-28T08:30:26.820315+00:00,-29409,167834,2777561,1328903,1593680,,650,1753,1458,1794,False,TSE,元晶,UNKNOWN,ordinary_stock,TWSE_T86+TPEX_DAILY_TRADE_HIS,6443,1403,1515,1189,1455,0,0,0,0,0,0,0,0,,1473,1553,1280,1493
2026-08-28,GOOD,0,0,0,0,0,0,0,1644,1668,283,266,0,1,1609348,-783552,-186859,1445568,657571,412898,,247,294,1378,1672,0,1561,1656,236,234,0,1,1561649,UNKNOWN,2026-08-28T08:30:26.820315+00:00,-424757,-191394,2122059,762310,568446,,330,306,1425,1704,False,TSE,藥華藥,UNKNOWN,ordinary_stock,TWSE_T86+TPEX_DAILY_TRADE_HIS,6446,113,1867,107,82,0,2,-92026,308970,-5000,705772,79472,108472,,1778,96,1554,1856
2026-08-28,GOOD,0,0,0,0,0,0,0,1743,1875,1526,1838,0,1,-1741525,-1832167,-1182798,-3108097,-1517460,-1786846,,148,87,135,100,0,1750,1872,1525,1840,0,1,-1698455,UNKNOWN,2026-08-28T08:30:26.820315+00:00,-1829757,-1183162,-3086754,-1516609,-1764106,,141,90,136,98,False,TSE,鈺邦,UNKNOWN,ordinary_stock,TWSE_T86+TPEX_DAILY_TRADE_HIS,6449,1404,1516,1190,1456,0,0,0,0,0,0,0,0,,1474,1554,1281,1494
2026-08-28,GOOD,0,0,0,0,0,0,0,1692,1596,1277,152,0,2,3720771,-1139321,-125779,-458939,719402,1290725,,199,366,384,1786,0,1698,1602,1227,163,0,2,3748161,UNKNOWN,2026-08-28T08:30:26.820315+00:00,-1118665,-137985,-345600,727421,1314748,,193,360,434,1775,False,TSE,訊芯-KY,UNKNOWN,ordinary_stock,TWSE_T86+TPEX_DAILY_TRADE_HIS,6451,206,1517,236,182,0,0,1000,1000,0,282,0,1000,,1691,1555,1425,1770
2026-08-28,GOOD,0,0,0,0,0,0,0,93,54,103,95,4,0,712279,4648545,1646454,7789723,3481257,2680412,,1798,1908,1558,1843,0,93,56,103,91,4,0,1064456,UNKNOWN,2026-08-28T08:30:26.820315+00:00,4906238,1781801,8178555,3825026,2985347,,1798,1906,1558,1847,False,TSE,GIS-KY,UNKNOWN,ordinary_stock,TWSE_T86+TPEX_DAILY_TRADE_HIS,6456,196,1518,224,183,0,0,0,2000,0,2000,0,1000,,1704,1556,1437,1771
2026-08-28,GOOD,0,0,0,0,0,0,0,1287,799,1092,952,0,0,59000,-47000,0,-111000,12000,6000,,605,1184,569,994,0,1296,962,1090,957,0,2,58000,UNKNOWN,2026-08-28T08:30:26.820315+00:00,-48000,-2000,-122000,11000,5000,,595,1022,571,988,False,TSE,台數科,UNKNOWN,ordinary_stock,TWSE_T86+TPEX_DAILY_TRADE_HIS,6464,1405,1519,1191,1457,0,0,0,0,0,0,0,0,,1475,1557,1282,1495
2026-08-28,GOOD,0,0,0,0,0,0,0,1737,1576,1341,1852,0,6,-2216624,-1728542,-112606,-693174,-795343,-1972583,,154,386,320,86,0,1229,1579,341,1813,0,5,-2745864,UNKNOWN,2026-08-28T08:30:26.820315+00:00,-25142,-124099,1001740,-828728,-1385503,,662,383,1320,125,False,TSE,保瑞,UNKNOWN,ordinary_stock,TWSE_T86+TPEX_DAILY_TRADE_HIS,6472,60,1520,84,43,0,0,-325000,1625000,0,1624963,134000,650000,,1831,1558,1577,1895
2026-08-28,GOOD,0,0,0,0,0,0,0,1786,1800,1491,265,0,1,4075165,-3245159,-553304,-2272014,571553,415003,,105,162,170,1673,0,1788,1793,1493,276,0,1,4081025,UNKNOWN,2026-08-28T08:30:26.820315+00:00,-3247231,-553760,-2278008,572841,416897,,103,169,168,1662,False,TSE,安集,UNKNOWN,ordinary_stock,TWSE_T86+TPEX_DAILY_TRADE_HIS,6477,1406,1521,1192,1458,0,0,0,0,0,0,0,0,,1476,1559,1283,1496
2026-08-28,GOOD,0,0,0,0,0,0,0,374,338,213,451,4,0,-97422,380280,40038,2367084,115070,141429,,1517,1624,1448,1487,0,459,414,222,485,4,0,4539,UNKNOWN,2026-08-28T08:30:26.820315+00:00,238589,21297,2370257,97271,121564,,1432,1548,1439,1453,False,TSE,晶碩,UNKNOWN,ordinary_stock,TWSE_T86+TPEX_DAILY_TRADE_HIS,6491,1777,1522,1430,1459,0,0,120000,-120000,0,-13000,0,0,,115,1560,230,1497
2026-08-28,GOOD,0,0,0,0,0,0,0,1279,800,1038,1206,0,0,30960,-42960,0,-63960,1000,-6000,,612,1185,623,737,0,1279,785,1060,1171,0,0,32960,UNKNOWN,2026-08-28T08:30:26.820315+00:00,-42960,0,-94960,2000,-5000,,612,1188,601,769,False,TSE,南六,UNKNOWN,ordinary_stock,TWSE_T86+TPEX_DAILY_TRADE_HIS,6504,1407,1523,1193,1460,0,0,0,0,0,0,0,0,,1477,1561,1284,1498
2026-08-28,GOOD,0,0,0,0,0,0,0,241,1853,1606,1929,0,1,-27339972,987582,-889552,-11822289,2403716,-13176195,,1650,109,55,9,0,1846,1861,1634,1930,0,1,-18318044,UNKNOWN,2026-08-28T08:30:26.820315+00:00,-8754544,-1060080,-22139416,2460094,-13536294,,45,101,27,8,False,TSE,台塑化,UNKNOWN,ordinary_stock,TWSE_T86+TPEX_DAILY_TRADE_HIS,6505,1884,1829,1651,1720,0,2,9593578,-9595264,-211,-9441387,-632,-843,,7,133,10,218
2026-08-28,GOOD,0,0,0,0,0,0,0,296,1288,363,335,0,1,-51247,611701,-23039,852113,234363,280227,,1595,674,1298,1603,0,676,1279,1243,500,0,1,152174,UNKNOWN,2026-08-28T08:30:26.820315+00:00,70272,-24293,-383192,51088,111223,,1215,683,418,1438,False,TSE,穎崴,UNKNOWN,ordinary_stock,TWSE_T86+TPEX_DAILY_TRADE_HIS,6515,1821,1860,1602,1867,0,3,188373,-544185,-2900,-1230698,-192303,-177906,,70,102,59,71
2026-08-28,GOOD,0,0,0,0,0,0,0,1684,291,1503,264,1,0,1881080,-1047606,67431,-2539021,163009,416737,,207,1671,158,1674,0,1704,291,1488,297,1,0,1900779,UNKNOWN,2026-08-28T08:30:26.820315+00:00,-1172667,66360,-2190261,158948,364056,,187,1671,173,1641,False,TSE,捷敏-KY,UNKNOWN,ordinary_stock,TWSE_T86+TPEX_DAILY_TRADE_HIS,6525,1715,1524,156,1778,0,0,-1877,-11877,0,169123,-6877,-6877,,176,1562,1505,160
2026-08-28,GOOD,0,0,0,0,0,0,0,368,257,323,359,3,0,79294,400880,89382,1109457,253825,240087,,1523,1705,1338,1579,0,474,256,390,354,3,0,289317,UNKNOWN,2026-08-28T08:30:26.820315+00:00,221581,94485,745841,268640,255449,,1417,1706,1271,1584,False,TSE,達發,UNKNOWN,ordinary_stock,TWSE_T86+TPEX_DAILY_TRADE_HIS,6526,1786,91,1549,1759,1,0,169000,-175000,1000,-358335,-3000,-3000,,105,1875,112,183
2026-08-28,GOOD,0,0,0,0,0,0,0,83,1353,152,204,0,2,-3673748,5048326,-32531,4487652,-420554,687289,,1808,609,1509,1734,0,239,1455,344,194,0,1,768388,UNKNOWN,2026-08-28T08:30:26.820315+00:00,1049834,-62288,979091,881329,909111,,1652,507,1317,1744,False,TSE,愛普*,UNKNOWN,ordinary_stock,TWSE_T86+TPEX_DAILY_TRADE_HIS,6531,1869,1885,1635,76,0,1,4377219,-3983219,-17000,-3636098,1226000,197000,,22,77,26,1862
2026-08-28,GOOD,0,0,0,0,0,0,0,544,1538,1229,356,0,1,347606,139006,-89679,-352783,45316,243306,,1347,424,432,1582,0,569,1526,1245,369,0,1,344682,UNKNOWN,2026-08-28T08:30:26.820315+00:00,132708,-89863,-385484,41729,238695,,1322,436,416,1569,False,TSE,晶心科,UNKNOWN,ordinary_stock,TWSE_T86+TPEX_DAILY_TRADE_HIS,6533,1686,1525,1463,1772,0,0,-5000,-5000,0,-25000,-5000,-5000,,208,1563,199,166
2026-08-28,GOOD,0,0,0,0,0,0,0,1390,1300,1281,1392,0,5,29542,-118458,-24718,-478458,-29718,-44458,,501,662,380,546,0,1393,1282,1278,1370,0,2,30025,UNKNOWN,2026-08-28T08:30:26.820315+00:00,-115249,-24822,-494483,-27853,-42612,,498,680,383,568,False,TSE,正瀚-創,UNKNOWN,ordinary_stock,TWSE_T86+TPEX_DAILY_TRADE_HIS,6534,1408,1526,1194,1461,0,0,0,0,0,0,0,0,,1478,1564,1285,1499
2026-08-28,GOOD,0,0,0,0,0,0,0,630,1598,489,508,0,1,125270,90496,-127584,376876,25579,107883,,1261,364,1172,1430,0,641,1585,495,499,0,1,131704,UNKNOWN,2026-08-28T08:30:26.820315+00:00,92062,-127584,363664,29579,111883,,1250,377,1166,1439,False,TSE,泰福-KY,UNKNOWN,ordinary_stock,TWSE_T86+TPEX_DAILY_TRADE_HIS,6541,1409,1527,1195,1462,0,0,0,0,0,0,0,0,,1479,1565,1286,1500
2026-08-28,GOOD,0,0,0,0,0,0,0,1794,276,1505,1883,1,0,-3580250,-3495052,74182,-2613951,-688651,-3537651,,97,1686,156,55,0,1797,269,1509,1885,1,0,-3565494,UNKNOWN,2026-08-28T08:30:26.820315+00:00,-3474052,79182,-2633951,-672651,-3519773,,94,1693,152,53,False,TSE,北極星藥業-KY,UNKNOWN,ordinary_stock,TWSE_T86+TPEX_DAILY_TRADE_HIS,6550,1410,1528,1196,1463,0,0,0,0,0,0,0,0,,1480,1566,1287,1501
2026-08-28,GOOD,0,0,0,0,0,0,0,569,1194,607,679,0,2,-44000,126000,-12000,183000,-18000,41000,,1321,776,1055,1259,0,559,1183,650,647,0,2,-31000,UNKNOWN,2026-08-28T08:30:26.820315+00:00,135000,-13000,135000,-3000,52000,,1333,779,1011,1291,False,TSE,易華電,UNKNOWN,ordinary_stock,TWSE_T86+TPEX_DAILY_TRADE_HIS,6552,1411,1529,1197,1464,0,0,0,0,0,0,0,0,,1481,1567,1288,1502
2026-08-28,GOOD,0,0,0,0,0,0,0,586,1266,455,577,0,1,28000,112000,-21000,452380,106000,70000,,1305,699,1206,1363,0,598,1250,459,581,0,1,28000,UNKNOWN,2026-08-28T08:30:26.820315+00:00,114000,-21000,444380,107000,71000,,1293,715,1202,1357,False,TSE,興能高,UNKNOWN,ordinary_stock,TWSE_T86+TPEX_DAILY_TRADE_HIS,6558,1412,1530,1198,1465,0,0,0,0,0,0,0,0,,1482,1568,1289,1503
2026-08-28,GOOD,0,0,0,0,0,0,0,1545,707,1328,1334,1,0,321086,-373034,1000,-620953,55026,-25974,,346,1269,333,604,0,1547,636,1333,1309,1,0,324086,UNKNOWN,2026-08-28T08:30:26.820315+00:00,-372034,2000,-654953,56026,-23974,,344,1328,328,629,False,TSE,虹揚-KY,UNKNOWN,ordinary_stock,TWSE_T86+TPEX_DAILY_TRADE_HIS,6573,1413,1531,1199,1466,0,0,0,0,0,0,0,0,,1483,1569,1290,1504
2026-08-28,GOOD,0,0,0,0,0,0,0,1735,1607,1450,1761,0,12,249072,-1707612,-135000,-1675798,-412600,-729270,,156,355,211,177,0,1735,1530,1446,1733,0,12,349050,UNKNOWN,2026-08-28T08:30:26.820315+00:00,-1586862,-91804,-1569053,-314320,-618906,,156,432,215,205,False,TSE,研揚,UNKNOWN,ordinary_stock,TWSE_T86+TPEX_DAILY_TRADE_HIS,6579,1655,1532,1200,1467,0,0,2000,-2000,0,0,0,0,,243,1570,1291,1505
2026-08-28,GOOD,0,0,0,0,0,0,0,1023,1055,893,883,0,1,19293,1293,-4000,6293,10293,10293,,868,917,768,1055,0,1058,1037,894,929,0,1,13293,UNKNOWN,2026-08-28T08:30:26.820315+00:00,-707,-4000,-789,6293,6293,,833,932,767,1009,False,TSE,鋼聯,UNKNOWN,ordinary_stock,TWSE_T86+TPEX_DAILY_TRADE_HIS,6581,1414,1533,1201,1468,0,0,0,0,0,0,0,0,,1484,1571,1292,1506
2026-08-28,GOOD,0,0,0,0,0,0,0,1235,1298,956,1216,0,1,15000,-29000,-24000,-22066,-1000,-7000,,659,669,705,723,0,1233,1275,954,1154,0,1,19000,UNKNOWN,2026-08-28T08:30:26.820315+00:00,-27000,-24000,-32066,1000,-4000,,658,688,707,783,False,TSE,申豐,UNKNOWN,ordinary_stock,TWSE_T86+TPEX_DAILY_TRADE_HIS,6582,1415,1534,1202,1469,0,0,0,0,0,0,0,0,,1485,1572,1293,1507
2026-08-28,GOOD,0,0,0,0,0,0,0,1436,1416,1181,1510,0,1,-63514,-167316,-47099,-234691,31571,-115415,,455,546,480,428,0,1430,1401,1163,1507,0,1,-79337,UNKNOWN,2026-08-28T08:30:26.820315+00:00,-151089,-47285,-218366,32142,-115213,,461,561,498,431,False,TSE,鼎基,UNKNOWN,ordinary_stock,TWSE_T86+TPEX_DAILY_TRADE_HIS,6585,1416,1535,1372,1470,0,0,0,0,0,-2000,0,0,,1486,1573,291,1508
2026-08-28,GOOD,0,0,0,0,0,0,0,235,487,163,338,3,0,-479243,1025631,11000,3675867,289120,273194,,1656,1486,1498,1600,0,240,481,181,341,3,0,-477636,UNKNOWN,2026-08-28T08:30:26.820315+00:00,1039494,11098,3667583,296645,280929,,1651,1481,1480,1597,False,TSE,台康生技,UNKNOWN,ordinary_stock,TWSE_T86+TPEX_DAILY_TRADE_HIS,6589,1642,1536,1353,1471,0,0,1000,-1000,0,-1000,0,0,,267,1574,319,1509
2026-08-28,GOOD,0,0,0,0,0,0,0,1214,465,712,510,5,0,236817,-23185,12816,87846,63816,106816,,677,1497,949,1428,0,1214,467,701,508,5,0,236213,UNKNOWN,2026-08-28T08:30:26.820315+00:00,-21643,12705,86073,63351,107285,,677,1495,960,1430,False,TSE,動力-KY,UNKNOWN,ordinary_stock,TWSE_T86+TPEX_DAILY_TRADE_HIS,6591,1417,1537,1203,1472,0,0,0,0,0,0,0,0,,1487,1575,1294,1510
2026-08-28,GOOD,0,0,0,0,0,0,0,590,1753,407,936,0,1,-93641,106375,-373120,631531,-169312,6367,,1301,209,1254,1002,0,575,1752,420,777,0,1,-90906,UNKNOWN,2026-08-28T08:30:26.820315+00:00,131680,-373530,572329,-156509,20387,,1316,210,1241,1161,False,TSE,和潤企業,UNKNOWN,ordinary_stock,TWSE_T86+TPEX_DAILY_TRADE_HIS,6592,1418,1538,1455,1473,0,0,0,0,0,-20172,0,0,,1488,1576,206,1511
2026-08-28,GOOD,0,0,0,0,0,0,0,588,1178,605,843,0,1,-84120,111200,-11000,184468,140540,13540,,1303,787,1056,1095,0,600,1159,608,839,0,1,-82120,UNKNOWN,2026-08-28T08:30:26.820315+00:00,111200,-11000,179468,142540,14540,,1291,805,1053,1099,False,TSE,ABC-KY,UNKNOWN,ordinary_stock,TWSE_T86+TPEX_DAILY_TRADE_HIS,6598,1419,1539,1204,1474,0,0,0,0,0,0,0,0,,1489,1577,1295,1512
2026-08-28,GOOD,0,0,0,0,0,0,0,323,1710,424,1469,0,1,-685206,511720,-251971,576754,-183193,-86743,,1568,252,1237,469,0,316,1698,412,1443,0,1,-714217,UNKNOWN,2026-08-28T08:30:26.820315+00:00,565255,-252080,617723,-173185,-74481,,1575,264,1249,495,False,TSE,帝寶,UNKNOWN,ordinary_stock,TWSE_T86+TPEX_DAILY_TRADE_HIS,6605,1668,1540,1373,1475,0,0,3000,-3000,0,-2000,0,0,,229,1578,292,1513
2026-08-28,GOOD,0,0,0,0,0,0,0,1365,1165,616,719,0,1,158000,-96000,-10000,172029,63000,31000,,526,798,1045,1218,0,1360,1173,609,799,0,1,128000,UNKNOWN,2026-08-28T08:30:26.820315+00:00,-92000,-12000,179029,50000,18000,,531,792,1052,1140,False,TSE,建德工業,UNKNOWN,ordinary_stock,TWSE_T86+TPEX_DAILY_TRADE_HIS,6606,1420,1541,1205,1476,0,0,0,0,0,0,0,0,,1490,1579,1296,1514
2026-08-28,GOOD,0,0,0,0,0,0,0,1227,1143,1012,1146,0,2,22000,-26000,-8000,-53000,1000,-2000,,664,827,649,799,0,1239,1126,1017,1098,0,2,27000,UNKNOWN,2026-08-28T08:30:26.820315+00:00,-29000,-8000,-63000,2000,-1000,,653,843,644,844,False,TSE,資拓宏宇,UNKNOWN,ordinary_stock,TWSE_T86+TPEX_DAILY_TRADE_HIS,6614,1421,1542,1206,1477,0,0,0,0,0,0,0,0,,1491,1580,1297,1515
2026-08-28,GOOD,0,0,0,0,0,0,0,507,1256,531,423,0,1,165122,181170,-19958,296327,94142,173146,,1384,706,1130,1515,0,511,1242,534,441,0,1,136362,UNKNOWN,2026-08-28T08:30:26.820315+00:00,177930,-19958,284594,80142,157146,,1380,720,1127,1497,False,TSE,必應,UNKNOWN,ordinary_stock,TWSE_T86+TPEX_DAILY_TRADE_HIS,6625,1422,1543,1207,1478,0,0,0,0,0,0,0,0,,1492,1581,1298,1516
2026-08-28,GOOD,0,0,0,0,0,0,0,1036,1144,1326,1266,0,1,-25000,1000,-8000,-605632,-10000,-12000,,865,828,335,673,0,1028,1138,1321,1224,0,2,-19975,UNKNOWN,2026-08-28T08:30:26.820315+00:00,1955,-9010,-618027,-11010,-9010,,863,824,340,714,False,TSE,基士德-KY,UNKNOWN,ordinary_stock,TWSE_T86+TPEX_DAILY_TRADE_HIS,6641,1423,1544,1208,1479,0,0,0,0,0,0,0,0,,1493,1582,1299,1517
2026-08-28,GOOD,0,0,0,0,0,,0,1110,912,,953,0,1,18000,-6000,-1000,,3000,6000,,781,1095,,995,0,1089,574,,877,4,0,24301,UNKNOWN,2026-08-28T08:30:26.820315+00:00,-3291,4130,,9791,10505,,802,1388,,1061,False,TSE,金萬林-創,UNKNOWN,ordinary_stock,TWSE_T86+TPEX_DAILY_TRADE_HIS,6645,1424,1545,,1480,0,0,0,0,0,,0,0,,1494,1583,,1518
2026-08-27,STALE,0,0,0,0,0,,0,1006,650,,877,6,0,19000,3000,2000,,9000,11000,,888,1326,,1064,1,1002,637,,864,6,0,20000,UNKNOWN,2026-08-28T08:30:26.820315+00:00,4000,2000,,10000,12000,,891,1329,,1077,True,TSE,科定,UNKNOWN,ordinary_stock,TWSE_T86+TPEX_DAILY_TRADE_HIS,6655,1425,1546,,1481,0,0,0,0,0,,0,0,,1495,1584,,1519
2026-08-28,GOOD,0,0,0,0,0,0,0,639,1110,603,699,0,1,-14000,84000,-6000,186000,53000,35000,,1252,868,1058,1238,0,650,1094,605,698,0,1,-13000,UNKNOWN,2026-08-28T08:30:26.820315+00:00,85000,-6000,184000,54000,36000,,1241,876,1056,1241,False,TSE,華安,UNKNOWN,ordinary_stock,TWSE_T86+TPEX_DAILY_TRADE_HIS,6657,1426,1547,1209,1482,0,0,0,0,0,0,0,0,,1496,1585,1300,1520
2026-08-28,GOOD,0,0,0,0,0,0,0,613,1639,1101,1307,0,1,-133124,97438,-163083,-116086,-29943,-17843,,1278,323,560,631,0,617,1628,1093,1273,0,1,-130459,UNKNOWN,2026-08-28T08:30:26.820315+00:00,101681,-162513,-125700,-27374,-14389,,1274,334,568,665,False,TSE,聯策,UNKNOWN,ordinary_stock,TWSE_T86+TPEX_DAILY_TRADE_HIS,6658,1427,1548,1210,1483,0,0,0,0,0,0,0,0,,1497,1586,1301,1521
2026-08-28,GOOD,0,0,0,0,0,0,0,898,1056,842,908,0,2,3000,15000,-4000,23000,-3000,9000,,997,918,820,1037,0,889,1038,832,886,0,2,3000,UNKNOWN,2026-08-28T08:30:26.820315+00:00,17000,-4000,20000,-1000,10000,,1005,933,829,1057,False,TSE,羅麗芬-KY,UNKNOWN,ordinary_stock,TWSE_T86+TPEX_DAILY_TRADE_HIS,6666,1428,1549,1211,1484,0,0,0,0,0,0,0,0,,1498,1587,1302,1522
2026-08-28,GOOD,0,0,0,0,0,0,0,249,199,314,188,3,0,789662,882002,190663,1204087,1076663,835832,,1642,1763,1347,1750,0,257,205,324,201,3,0,788662,UNKNOWN,2026-08-28T08:30:26.820315+00:00,885002,172471,1195087,1077663,836832,,1634,1757,1337,1737,False,TSE,中揚光,UNKNOWN,ordinary_stock,TWSE_T86+TPEX_DAILY_TRADE_HIS,6668,1429,1550,1212,1485,0,0,0,0,0,0,0,0,,1499,1588,1303,1523
2026-08-28,GOOD,0,0,0,0,0,0,0,1681,624,1395,1776,1,0,-723239,-1042349,2303,-1035624,-761484,-882794,,210,1338,266,162,0,1646,188,1225,1481,1,0,543576,UNKNOWN,2026-08-28T08:30:26.820315+00:00,-746256,213680,-340469,-132883,-101340,,245,1774,436,457,False,TSE,緯穎,UNKNOWN,ordinary_stock,TWSE_T86+TPEX_DAILY_TRADE_HIS,6669,1781,41,136,54,1,0,1068773,-155811,92981,307485,388824,456481,,110,1921,1525,1884
2026-08-28,GOOD,0,0,0,0,0,0,0,307,500,343,342,2,0,-41784,576434,9029,935030,289193,267325,,1584,1462,1318,1596,0,293,410,372,309,2,0,36522,UNKNOWN,2026-08-28T08:30:26.820315+00:00,645352,22367,818164,363336,340937,,1598,1552,1289,1629,False,TSE,復盛應用,UNKNOWN,ordinary_stock,TWSE_T86+TPEX_DAILY_TRADE_HIS,6670,143,59,1525,93,2,0,58393,54393,20000,-157335,56393,56393,,1748,1903,136,1845
2026-08-28,GOOD,0,0,0,0,0,0,0,822,708,848,1117,2,0,-28000,26000,1000,21000,-1000,-1000,,1072,1270,814,828,0,849,695,855,1042,2,0,-20000,UNKNOWN,2026-08-28T08:30:26.820315+00:00,22000,1000,13000,1000,1000,,1042,1272,805,891,False,TSE,三能-KY,UNKNOWN,ordinary_stock,TWSE_T86+TPEX_DAILY_TRADE_HIS,6671,1430,1551,1213,1486,0,0,0,0,0,0,0,0,,1500,1589,1304,1524
2026-08-28,GOOD,0,0,0,0,0,0,0,160,83,218,159,2,0,153945,2236653,983926,2227797,1501348,1195299,,1731,1879,1443,1779,0,142,80,201,170,2,0,-237940,UNKNOWN,2026-08-28T08:30:26.820315+00:00,2760010,1010504,2953207,1551847,1261035,,1749,1882,1460,1768,False,TSE,騰輝電子-KY,UNKNOWN,ordinary_stock,TWSE_T86+TPEX_DAILY_TRADE_HIS,6672,90,1552,114,1760,0,0,-548000,542000,0,537000,-6000,-3000,,1801,1590,1547,184
2026-08-28,GOOD,0,0,0,0,0,0,0,1149,913,924,878,0,1,34000,-12000,-1000,-4000,10000,11000,,742,1096,738,1065,0,1140,896,902,853,0,1,35000,UNKNOWN,2026-08-28T08:30:26.820315+00:00,-9000,-1000,-5000,12000,13000,,750,1102,760,1086,False,TSE,鋐寶科技,UNKNOWN,ordinary_stock,TWSE_T86+TPEX_DAILY_TRADE_HIS,6674,1431,1553,1214,1487,0,0,0,0,0,0,0,0,,1501,1591,1305,1525
2026-08-28,GOOD,0,0,0,0,0,0,0,690,514,556,694,1,0,12388,59642,8015,249775,27015,36015,,1201,1448,1105,1244,0,743,555,569,751,1,0,3388,UNKNOWN,2026-08-28T08:30:26.820315+00:00,46642,5015,237785,28015,25015,,1148,1407,1092,1187,False,TSE,伊雲谷,UNKNOWN,ordinary_stock,TWSE_T86+TPEX_DAILY_TRADE_HIS,6689,1432,1554,1215,1488,0,0,0,0,0,0,0,0,,1502,1592,1306,1526
2026-08-28,GOOD,0,0,0,0,0,0,0,1793,1698,1528,1705,0,12,2440564,-3451094,-228896,-3156281,-311964,-505265,,98,264,133,233,0,1786,1687,1510,1695,0,2,2099709,UNKNOWN,2026-08-28T08:30:26.820315+00:00,-3074451,-232477,-2676633,-305438,-487371,,105,275,151,243,False,TSE,洋基工程,UNKNOWN,ordinary_stock,TWSE_T86+TPEX_DAILY_TRADE_HIS,6691,105,1555,121,112,0,0,-331000,359000,0,439501,13000,14000,,1786,1593,1540,1827
2026-08-28,GOOD,0,0,0,0,0,0,0,1612,1556,1100,1528,0,1,354079,-614317,-100365,-114648,-34516,-130119,,279,406,561,410,0,1617,1541,1092,1525,0,1,353330,UNKNOWN,2026-08-28T08:30:26.820315+00:00,-612392,-100862,-125504,-33684,-129531,,274,421,569,413,False,TSE,芯鼎,UNKNOWN,ordinary_stock,TWSE_T86+TPEX_DAILY_TRADE_HIS,6695,1433,1556,1216,1489,0,0,0,0,0,0,0,0,,1503,1594,1307,1527
2026-08-28,GOOD,0,0,0,0,0,0,0,706,451,696,735,3,0,2043,53957,15000,103078,67000,28000,,1185,1517,965,1204,0,707,456,733,731,3,0,3043,UNKNOWN,2026-08-28T08:30:26.820315+00:00,54957,15000,66078,68000,29000,,1184,1508,928,1206,False,TSE,旭暉應材,UNKNOWN,ordinary_stock,TWSE_T86+TPEX_DAILY_TRADE_HIS,6698,1434,1557,1217,1490,0,0,0,0,0,0,0,0,,1504,1595,1308,1528
2026-08-28,GOOD,0,0,0,0,0,0,0,1491,211,1208,1725,1,0,-894143,-247801,155364,-296804,-534225,-570972,,400,1751,453,213,0,1478,236,1159,1705,1,0,-840056,UNKNOWN,2026-08-28T08:30:26.820315+00:00,-224642,125157,-209337,-563046,-532349,,413,1726,502,233,False,TSE,惠特,UNKNOWN,ordinary_stock,TWSE_T86+TPEX_DAILY_TRADE_HIS,6706,1435,1558,1471,1491,0,0,0,0,0,-34000,0,0,,1505,1596,190,1529
2026-08-28,GOOD,0,0,0,0,0,0,0,1688,1129,1304,1765,0,6,-450334,-1101024,-7094,-545195,-754908,-775679,,203,833,357,173,0,1641,1081,1365,1763,0,6,-766758,UNKNOWN,2026-08-28T08:30:26.820315+00:00,-723160,-5811,-833135,-709102,-744959,,250,881,296,175,False,TSE,嘉基,UNKNOWN,ordinary_stock,TWSE_T86+TPEX_DAILY_TRADE_HIS,6715,115,1559,1554,184,0,0,-291000,293000,0,-387000,0,1000,,1776,1597,108,1772
2026-08-28,GOOD,0,0,0,0,0,0,0,1616,1634,1333,1626,0,2,113400,-639366,-153559,-646685,-160457,-262983,,275,328,328,312,0,1622,1627,1341,1616,0,2,127373,UNKNOWN,2026-08-28T08:30:26.820315+00:00,-638083,-162169,-697076,-141087,-255355,,269,335,320,322,False,TSE,力智,UNKNOWN,ordinary_stock,TWSE_T86+TPEX_DAILY_TRADE_HIS,6719,148,1560,182,1492,0,0,-49000,49000,0,39000,0,0,,1743,1598,1479,1530
2026-08-28,GOOD,0,0,0,0,0,0,0,874,1084,929,985,0,2,-10000,18000,-5000,-5000,2000,4000,,1020,891,733,960,0,877,1070,938,1021,0,2,-14000,UNKNOWN,2026-08-28T08:30:26.820315+00:00,18000,-5000,-21000,1000,2000,,1016,900,723,919,False,TSE,輝創,UNKNOWN,ordinary_stock,TWSE_T86+TPEX_DAILY_TRADE_HIS,6722,1436,1561,1218,1493,0,0,0,0,0,0,0,0,,1506,1599,1309,1531
2026-08-28,GOOD,0,0,0,0,0,0,0,1061,343,486,1034,1,0,4027,-1935,39130,385182,-19954,1046,,830,1619,1175,904,0,1068,341,485,1010,1,0,6091,UNKNOWN,2026-08-28T08:30:26.820315+00:00,-1545,39130,380102,-19041,2273,,823,1621,1176,928,False,TSE,澤米,UNKNOWN,ordinary_stock,TWSE_T86+TPEX_DAILY_TRADE_HIS,6742,1437,1562,1219,1494,0,0,0,0,0,0,0,0,,1507,1600,1310,1532
2026-08-28,GOOD,0,0,0,0,0,0,0,547,205,1192,341,4,0,399594,138298,168766,-256616,292706,268946,,1344,1757,469,1597,0,555,207,1196,360,4,0,361594,UNKNOWN,2026-08-28T08:30:26.820315+00:00,136298,168766,-281625,275706,248946,,1336,1755,465,1578,False,TSE,安普新,UNKNOWN,ordinary_stock,TWSE_T86+TPEX_DAILY_TRADE_HIS,6743,1438,1563,1400,1495,0,0,0,0,0,-4917,0,0,,1508,1601,261,1533
2026-08-28,GOOD,0,0,0,0,0,0,0,1787,1915,1440,1837,0,1,-284343,-3274133,-2211527,-1539341,-1585445,-1779238,,104,47,221,101,0,1813,1914,1479,1863,0,1,-170962,UNKNOWN,2026-08-28T08:30:26.820315+00:00,-4435298,-2366571,-2028083,-1786027,-2303130,,78,48,182,75,False,TSE,龍德造船,UNKNOWN,ordinary_stock,TWSE_T86+TPEX_DAILY_TRADE_HIS,6753,1439,1564,1220,1496,0,0,0,0,0,0,0,0,,1509,1602,1311,1534
2026-08-28,GOOD,0,0,0,0,0,0,0,1111,914,884,1167,0,2,0,-6000,-1000,9000,-2000,-3000,,782,1097,780,781,0,1105,897,874,1123,0,2,1000,UNKNOWN,2026-08-28T08:30:26.820315+00:00,-5000,-1000,6000,-1000,-2000,,785,1103,787,817,False,TSE,匯僑設計,UNKNOWN,ordinary_stock,TWSE_T86+TPEX_DAILY_TRADE_HIS,6754,1440,1565,1221,1497,0,0,0,0,0,0,0,0,,1510,1603,1312,1535
2026-08-28,GOOD,0,0,0,0,0,0,0,976,419,458,532,1,0,181873,5873,20000,442329,59873,93873,,915,1543,1203,1406,0,980,418,464,531,1,0,179928,UNKNOWN,2026-08-28T08:30:26.820315+00:00,6348,21000,435264,61873,93138,,911,1547,1197,1407,False,TSE,威鋒電子,UNKNOWN,ordinary_stock,TWSE_T86+TPEX_DAILY_TRADE_HIS,6756,1441,1566,1222,1498,0,0,0,0,0,0,0,0,,1511,1604,1313,1536
2026-08-28,GOOD,0,0,0,0,0,0,0,174,1830,1128,1652,0,2,-2459524,1810026,-680555,-151368,-708312,-324749,,1717,132,533,286,0,182,1823,1336,1643,0,2,-2319945,UNKNOWN,2026-08-28T08:30:26.820315+00:00,1676173,-686997,-664336,-712757,-321886,,1709,139,325,295,False,TSE,台灣虎航,UNKNOWN,ordinary_stock,TWSE_T86+TPEX_DAILY_TRADE_HIS,6757,1442,1567,1526,1499,0,0,0,0,0,-158000,0,0,,1512,1605,135,1537
2026-08-28,GOOD,0,0,0,0,0,0,0,685,1621,292,453,0,1,221264,61036,-143000,1412900,-89000,141150,,1206,341,1369,1485,0,1395,1641,450,501,0,1,336951,UNKNOWN,2026-08-28T08:30:26.820315+00:00,-116241,-171000,473529,-119387,110355,,496,321,1211,1437,False,TSE,志強-KY,UNKNOWN,ordinary_stock,TWSE_T86+TPEX_DAILY_TRADE_HIS,6768,1788,1891,1589,1828,0,3,113028,-178972,-29000,-929972,-32972,-32972,,103,71,72,110
2026-08-28,GOOD,0,0,0,0,0,0,0,1890,73,6,30,1,0,198844931,-176843541,1219930,123751191,26590325,11000695,,1,1889,1655,1908,0,1890,62,8,30,1,0,209827504,UNKNOWN,2026-08-28T08:30:26.820315+00:00,-180452668,1515903,133967488,29022677,14687418,,1,1900,1653,1908,False,TSE,力積電,UNKNOWN,ordinary_stock,TWSE_T86+TPEX_DAILY_TRADE_HIS,6770,1830,1880,1586,1852,0,3,604491,-785509,-13000,-896404,-90509,-90509,,61,84,75,86
2026-08-28,GOOD,0,0,0,0,0,0,0,1182,1204,941,1397,0,5,-78000,-16000,-13000,-13000,-27000,-47000,,715,762,722,541,0,1206,1199,951,1388,0,5,-78836,UNKNOWN,2026-08-28T08:30:26.820315+00:00,-19834,-14002,-28942,-26439,-49335,,685,763,710,550,False,TSE,平和環保-創,UNKNOWN,ordinary_stock,TWSE_T86+TPEX_DAILY_TRADE_HIS,6771,1443,1568,1223,1500,0,0,0,0,0,0,0,0,,1513,1606,1314,1538
2026-08-28,GOOD,0,0,0,0,0,0,0,1336,1277,1114,1375,0,4,-5069,-73089,-22090,-131704,-40090,-39079,,555,685,547,563,0,1346,1271,1135,1386,0,4,-13448,UNKNOWN,2026-08-28T08:30:26.820315+00:00,-83082,-23244,-172994,-49276,-48265,,545,691,526,552,False,TSE,展碁國際,UNKNOWN,ordinary_stock,TWSE_T86+TPEX_DAILY_TRADE_HIS,6776,1444,1569,1224,1501,0,0,0,0,0,0,0,0,,1514,1607,1315,1539
2026-08-28,GOOD,0,0,0,0,0,0,0,847,179,199,484,2,0,215438,22888,239880,2616357,56798,119163,,1044,1783,1462,1454,0,691,185,208,431,2,0,278231,UNKNOWN,2026-08-28T08:30:26.820315+00:00,62739,218207,2696624,85096,170485,,1200,1777,1453,1507,False,TSE,AES-KY,UNKNOWN,ordinary_stock,TWSE_T86+TPEX_DAILY_TRADE_HIS,6781,197,95,232,161,1,0,1286,1286,142,961,286,1286,,1694,1867,1429,1777
2026-08-28,GOOD,0,0,0,0,0,0,0,279,1757,208,231,0,2,346060,702646,-378721,2474269,-231239,524353,,1612,205,1453,1707,0,313,1743,244,225,0,2,668701,UNKNOWN,2026-08-28T08:30:26.820315+00:00,574317,-359330,2037021,-259414,621509,,1578,219,1417,1713,False,TSE,視陽,UNKNOWN,ordinary_stock,TWSE_T86+TPEX_DAILY_TRADE_HIS,6782,1797,1570,1560,140,0,0,230000,-224000,0,-461000,0,3000,,94,1608,101,1800
2026-08-28,GOOD,0,0,0,0,0,0,0,357,214,512,291,1,0,281324,417280,151796,324180,214647,349302,,1534,1748,1149,1647,0,361,239,518,279,1,0,402527,UNKNOWN,2026-08-28T08:30:26.820315+00:00,423785,120643,314070,283301,413156,,1530,1723,1143,1659,False,TSE,采鈺,UNKNOWN,ordinary_stock,TWSE_T86+TPEX_DAILY_TRADE_HIS,6789,1687,1571,214,1768,0,0,-3000,-5000,0,4657,-5000,-4000,,209,1609,1447,173
2026-08-28,GOOD,0,0,0,0,0,0,0,694,1156,1194,914,0,1,-40119,57401,-9000,-258810,17000,8641,,1197,814,467,1024,0,763,1100,1265,1205,0,2,-57328,UNKNOWN,2026-08-28T08:30:26.820315+00:00,41980,-6599,-443568,361,-7674,,1128,862,396,733,False,TSE,永豐實,UNKNOWN,ordinary_stock,TWSE_T86+TPEX_DAILY_TRADE_HIS,6790,207,86,230,157,1,0,3000,1000,2000,1000,2000,2000,,1692,1878,1431,1794
2026-08-28,GOOD,0,0,0,0,0,0,0,717,509,723,637,4,0,56000,50000,9000,82050,29000,53000,,1177,1461,938,1302,0,729,526,721,657,4,0,50000,UNKNOWN,2026-08-28T08:30:26.820315+00:00,48000,7000,73027,27000,49000,,1162,1439,940,1281,False,TSE,詠業,UNKNOWN,ordinary_stock,TWSE_T86+TPEX_DAILY_TRADE_HIS,6792,1445,1572,1225,1502,0,0,0,0,0,0,0,0,,1515,1610,1316,1540
2026-08-28,GOOD,0,0,0,0,0,0,0,736,651,1034,840,1,0,-18000,46000,2000,-62000,15000,14000,,1156,1327,626,1100,0,738,638,1024,833,1,0,-17000,UNKNOWN,2026-08-28T08:30:26.820315+00:00,47000,2000,-67000,16000,15000,,1154,1330,637,1106,False,TSE,向榮生技,UNKNOWN,ordinary_stock,TWSE_T86+TPEX_DAILY_TRADE_HIS,6794,1446,1573,1226,1503,0,0,0,0,0,0,0,0,,1516,1611,1317,1541
2026-08-28,GOOD,0,0,0,0,0,0,0,1226,942,1047,1447,0,5,-113998,-25998,-1998,-70998,-19998,-69998,,665,1020,614,491,0,1222,933,1034,1428,0,5,-111998,UNKNOWN,2026-08-28T08:30:26.820315+00:00,-23998,-1998,-70998,-17998,-67998,,669,1029,627,510,False,TSE,晉弘,UNKNOWN,ordinary_stock,TWSE_T86+TPEX_DAILY_TRADE_HIS,6796,1447,1574,1227,1504,0,0,0,0,0,0,0,0,,1517,1612,1318,1542
2026-08-28,GOOD,0,0,0,0,0,0,0,1484,1232,1231,1497,0,1,28946,-238354,-16000,-356167,13296,-104704,,407,734,430,441,0,1485,1214,1254,1489,0,1,27329,UNKNOWN,2026-08-28T08:30:26.820315+00:00,-238173,-16222,-405898,13993,-105422,,406,748,407,449,False,TSE,來頡,UNKNOWN,ordinary_stock,TWSE_T86+TPEX_DAILY_TRADE_HIS,6799,1448,1575,1228,1505,0,0,0,0,0,0,0,0,,1518,1613,1319,1543
2026-08-28,GOOD,0,0,0,0,0,0,0,1655,237,1550,787,1,0,913180,-875142,118949,-4208784,295553,19019,,236,1725,111,1151,0,141,125,164,141,4,0,470113,UNKNOWN,2026-08-28T08:30:26.820315+00:00,2761747,490387,4098759,1660269,1615930,,1750,1837,1497,1797,False,TSE,富世達,UNKNOWN,ordinary_stock,TWSE_T86+TPEX_DAILY_TRADE_HIS,6805,33,23,25,28,19,0,-530000,3638000,422000,8272859,1343000,1554000,,1858,1939,1636,1910
2026-08-28,GOOD,0,0,0,0,0,,0,1105,801,,1051,0,0,7000,-5000,0,,3000,1000,,792,1186,,894,0,1106,786,,1043,0,0,7000,UNKNOWN,2026-08-28T08:30:26.820315+00:00,-5000,0,,3000,1000,,786,1189,,892,False,TSE,峰源-KY,UNKNOWN,ordinary_stock,TWSE_T86+TPEX_DAILY_TRADE_HIS,6807,1449,1576,,1506,0,0,0,0,0,,0,0,,1519,1614,,1544
2026-08-28,GOOD,0,0,0,0,0,0,0,1714,1573,1483,1840,0,3,-2173119,-1417155,-110716,-2122025,-782517,-1795137,,177,389,178,98,0,1684,1581,1439,1818,0,3,-1872226,UNKNOWN,2026-08-28T08:30:26.820315+00:00,-978716,-125359,-1457633,-618867,-1425471,,207,381,222,120,False,TSE,汎銓,UNKNOWN,ordinary_stock,TWSE_T86+TPEX_DAILY_TRADE_HIS,6830,107,1577,116,66,0,0,306000,338000,0,505000,173000,322000,,1784,1615,1545,1872
2026-08-28,GOOD,0,0,0,0,0,0,0,1439,1687,1398,1713,0,5,-904571,-170313,-212541,-1082612,-509993,-537442,,452,275,263,225,0,1683,1523,1401,1661,0,1,234874,UNKNOWN,2026-08-28T08:30:26.820315+00:00,-965134,-88894,-1075944,-341264,-365130,,208,439,260,277,False,TSE,邁科,UNKNOWN,ordinary_stock,TWSE_T86+TPEX_DAILY_TRADE_HIS,6831,1837,1578,1534,1858,0,0,806000,-1064000,0,-202000,-129000,-129000,,54,1616,127,80
2026-08-28,GOOD,0,0,0,0,0,0,0,1689,1836,1522,1711,0,3,57529,-1108319,-768154,-3077844,-1058277,-525395,,202,126,139,227,0,1695,1829,1524,1702,0,3,60685,UNKNOWN,2026-08-28T08:30:26.820315+00:00,-1093981,-764739,-3058721,-1053634,-516648,,196,133,137,236,False,TSE,天二科技,UNKNOWN,ordinary_stock,TWSE_T86+TPEX_DAILY_TRADE_HIS,6834,1656,1579,1374,1729,0,0,0,-2000,0,-2000,-1000,-1000,,244,1617,293,216
2026-08-28,GOOD,0,0,0,0,0,0,0,973,615,910,803,7,0,30000,6000,3000,0,11000,18000,,921,1356,753,1142,0,977,608,911,790,7,0,31000,UNKNOWN,2026-08-28T08:30:26.820315+00:00,7000,3000,-9000,12000,19000,,915,1358,750,1149,False,TSE,圓裕,UNKNOWN,ordinary_stock,TWSE_T86+TPEX_DAILY_TRADE_HIS,6835,1450,1580,1229,1507,0,0,0,0,0,0,0,0,,1520,1618,1320,1545
2026-08-28,GOOD,0,0,0,0,0,0,0,1320,1287,1176,1276,0,2,36000,-64000,-23000,-229000,-20000,-14000,,571,683,485,665,0,1315,1267,1173,1253,0,2,35000,UNKNOWN,2026-08-28T08:30:26.820315+00:00,-59000,-23000,-232000,-18000,-12000,,576,699,489,687,False,TSE,台新藥,UNKNOWN,ordinary_stock,TWSE_T86+TPEX_DAILY_TRADE_HIS,6838,1451,1581,1230,1508,0,0,0,0,0,0,0,0,,1521,1619,1321,1546
2026-08-28,GOOD,0,0,0,0,0,0,0,532,1420,703,516,0,1,50415,159023,-48000,94192,94000,104719,,1359,542,958,1422,0,528,1383,697,503,0,1,60097,UNKNOWN,2026-08-28T08:30:26.820315+00:00,158985,-41562,89800,95949,109541,,1363,579,964,1435,False,TSE,錼創科技-KY創,UNKNOWN,ordinary_stock,TWSE_T86+TPEX_DAILY_TRADE_HIS,6854,1452,1582,1231,1509,0,0,0,0,0,0,0,0,,1522,1620,1322,1547
2026-08-28,GOOD,0,0,0,0,0,0,0,366,1247,517,524,0,1,-203313,402763,-18000,316834,3879,99725,,1525,719,1144,1414,0,351,1213,493,465,0,1,-175974,UNKNOWN,2026-08-28T08:30:26.820315+00:00,448324,-16206,365934,36195,136175,,1540,749,1168,1473,False,TSE,睿生光電,UNKNOWN,ordinary_stock,TWSE_T86+TPEX_DAILY_TRADE_HIS,6861,1453,1583,1232,1510,0,0,0,0,0,0,0,0,,1523,1621,1323,1548
2026-08-28,GOOD,0,0,0,0,0,0,0,901,1438,1071,992,0,1,-7370,14730,-51920,-89502,-1920,3680,,990,524,590,946,0,979,1402,1083,967,0,1,2765,UNKNOWN,2026-08-28T08:30:26.820315+00:00,6597,-47380,-117761,4636,4681,,912,560,578,971,False,TSE,三集瑞-KY,UNKNOWN,ordinary_stock,TWSE_T86+TPEX_DAILY_TRADE_HIS,6862,1454,1584,1233,1511,0,0,0,0,0,0,0,0,,1524,1622,1324,1549
2026-08-28,GOOD,0,0,0,0,0,0,0,1385,1366,947,1304,0,1,77658,-112200,-35000,-15584,-5839,-17271,,506,597,714,634,0,1388,1352,939,1274,0,1,82696,UNKNOWN,2026-08-28T08:30:26.820315+00:00,-112676,-35200,-22146,-3039,-14990,,503,610,722,664,False,TSE,永道-KY,UNKNOWN,ordinary_stock,TWSE_T86+TPEX_DAILY_TRADE_HIS,6863,1455,1585,1234,1512,0,0,0,0,0,0,0,0,,1525,1623,1325,1550
2026-08-28,GOOD,0,0,0,0,0,0,0,691,245,1264,272,5,0,749011,59629,108560,-437964,262390,404320,,1200,1717,397,1666,0,721,247,1286,278,5,0,781289,UNKNOWN,2026-08-28T08:30:26.820315+00:00,49383,108865,-517902,272458,415336,,1170,1715,375,1660,False,TSE,雲豹能源,UNKNOWN,ordinary_stock,TWSE_T86+TPEX_DAILY_TRADE_HIS,6869,1456,1586,1235,1513,0,0,0,0,0,0,0,0,,1526,1624,1326,1551
2026-08-28,GOOD,0,0,0,0,0,0,0,297,161,1323,247,3,0,335489,604853,314440,-593648,448628,470171,,1594,1801,338,1691,0,299,159,1312,251,3,0,356667,UNKNOWN,2026-08-28T08:30:26.820315+00:00,623731,320390,-600530,457578,490199,,1592,1803,349,1687,False,TSE,泓德能源,UNKNOWN,ordinary_stock,TWSE_T86+TPEX_DAILY_TRADE_HIS,6873,1457,1587,1236,1514,0,0,0,0,0,0,0,0,,1527,1625,1327,1552
2026-08-28,GOOD,0,0,0,0,0,0,0,1613,1551,1396,1758,0,2,-815172,-623142,-97567,-1037394,-774157,-719157,,278,411,265,180,0,1618,1547,1396,1758,0,2,-809377,UNKNOWN,2026-08-28T08:30:26.820315+00:00,-617347,-103771,-1054599,-768362,-713362,,273,415,265,180,False,TSE,全福生技,UNKNOWN,ordinary_stock,TWSE_T86+TPEX_DAILY_TRADE_HIS,6885,1458,1588,1237,1515,0,0,0,0,0,0,0,0,,1528,1626,1328,1553
2026-08-28,GOOD,0,0,0,0,0,0,0,1224,981,997,1263,0,1,3000,-25000,-2000,-45000,-3000,-11000,,667,1011,664,680,0,1212,787,996,1232,0,0,1000,UNKNOWN,2026-08-28T08:30:26.820315+00:00,-21000,0,-53000,-2000,-10000,,678,1190,666,703,False,TSE,寶綠特-KY,UNKNOWN,ordinary_stock,TWSE_T86+TPEX_DAILY_TRADE_HIS,6887,1459,1589,1238,1516,0,0,0,0,0,0,0,0,,1529,1627,1329,1554
2026-08-28,GOOD,0,0,0,0,0,0,0,1389,1559,724,330,0,1,692805,-118247,-101093,81148,306149,287279,,502,403,937,1608,0,1468,1543,1140,340,0,1,771253,UNKNOWN,2026-08-28T08:30:26.820315+00:00,-199075,-101355,-183398,306817,286089,,423,419,521,1598,False,TSE,來億-KY,UNKNOWN,ordinary_stock,TWSE_T86+TPEX_DAILY_TRADE_HIS,6890,1669,1590,1523,1517,0,0,3000,-3000,0,-142512,0,0,,230,1628,138,1555
2026-08-28,GOOD,0,0,0,0,0,0,0,410,1780,1472,1819,0,2,-3217228,304956,-459697,-1959338,-53136,-1456136,,1481,182,189,119,0,402,1774,1475,1819,0,2,-3223228,UNKNOWN,2026-08-28T08:30:26.820315+00:00,332956,-447697,-1963338,-42136,-1445136,,1489,188,186,119,False,TSE,鑽石投資,UNKNOWN,ordinary_stock,TWSE_T86+TPEX_DAILY_TRADE_HIS,6901,1460,1591,1239,1518,0,0,0,0,0,0,0,0,,1530,1629,1330,1556
2026-08-28,GOOD,0,0,0,0,0,0,0,967,472,750,655,3,0,91799,6059,12000,64554,50929,48929,,924,1493,911,1283,0,974,472,740,653,3,0,92838,UNKNOWN,2026-08-28T08:30:26.820315+00:00,7020,12000,64587,51929,49929,,917,1491,921,1285,False,TSE,GOGOLOOK,UNKNOWN,ordinary_stock,TWSE_T86+TPEX_DAILY_TRADE_HIS,6902,1461,1592,1240,1519,0,0,0,0,0,0,0,0,,1531,1630,1331,1557
2026-08-28,GOOD,0,0,0,0,0,0,0,737,709,849,587,5,0,90000,46000,1000,19503,52000,68000,,1157,1271,812,1351,0,745,734,838,597,7,0,89233,UNKNOWN,2026-08-28T08:30:26.820315+00:00,46009,609,18496,51658,67621,,1146,1228,823,1341,False,TSE,現觀科,UNKNOWN,ordinary_stock,TWSE_T86+TPEX_DAILY_TRADE_HIS,6906,1462,1593,1241,1520,0,0,0,0,0,0,0,0,,1532,1631,1332,1558
2026-08-28,GOOD,0,0,0,0,0,0,0,1094,1025,905,1007,0,1,10000,-4000,-3000,2000,2000,3000,,800,964,759,937,0,1047,1016,891,964,0,1,9518,UNKNOWN,2026-08-28T08:30:26.820315+00:00,270,-3050,920,3894,4894,,844,947,770,974,False,TSE,宏碁遊戲-創,UNKNOWN,ordinary_stock,TWSE_T86+TPEX_DAILY_TRADE_HIS,6908,1463,1594,1242,1521,0,0,0,0,0,0,0,0,,1533,1632,1333,1559
2026-08-28,GOOD,0,0,0,0,0,0,0,509,1359,508,653,0,1,-80000,178000,-33000,336055,8000,49000,,1382,605,1153,1286,0,510,1341,527,652,0,1,-79000,UNKNOWN,2026-08-28T08:30:26.820315+00:00,179000,-33000,289276,9000,50000,,1381,622,1134,1287,False,TSE,創控,UNKNOWN,ordinary_stock,TWSE_T86+TPEX_DAILY_TRADE_HIS,6909,1464,1595,1243,1522,0,0,0,0,0,0,0,0,,1534,1633,1334,1560
2026-08-28,GOOD,0,0,0,0,0,0,0,1392,1370,1155,1514,0,1,-116605,-119537,-35699,-199554,-53930,-118071,,499,592,506,424,0,1399,1359,1158,1511,0,1,-116605,UNKNOWN,2026-08-28T08:30:26.820315+00:00,-119537,-37699,-208567,-53930,-118071,,492,603,503,427,False,TSE,阜爾運通,UNKNOWN,ordinary_stock,TWSE_T86+TPEX_DAILY_TRADE_HIS,6914,1465,1596,1244,1523,0,0,0,0,0,0,0,0,,1535,1634,1335,1561
2026-08-28,GOOD,0,0,0,0,0,0,0,1203,1233,1035,1207,0,2,8000,-20000,-16000,-62000,-15000,-6000,,691,735,627,738,0,1196,1208,1000,1177,0,2,7549,UNKNOWN,2026-08-28T08:30:26.820315+00:00,-18087,-16000,-55116,-14269,-5269,,695,755,661,761,False,TSE,華凌,UNKNOWN,ordinary_stock,TWSE_T86+TPEX_DAILY_TRADE_HIS,6916,1466,1597,1245,1524,0,0,0,0,0,0,0,0,,1536,1635,1336,1562
2026-08-28,GOOD,0,0,0,0,0,0,0,700,1085,780,697,0,1,17000,55000,-5000,48000,41000,36000,,1194,892,882,1243,0,704,1071,773,696,0,1,18000,UNKNOWN,2026-08-28T08:30:26.820315+00:00,56000,-5000,46000,40000,37000,,1187,901,888,1243,False,TSE,愛派司,UNKNOWN,ordinary_stock,TWSE_T86+TPEX_DAILY_TRADE_HIS,6918,1467,1598,1246,1525,0,0,0,0,0,0,0,0,,1537,1636,1337,1563
2026-08-28,GOOD,0,0,0,0,0,0,0,1842,1941,1539,1927,0,5,-14302425,-7532861,-4330681,-3617846,-7646385,-10917643,,49,21,122,11,0,1843,1939,1540,1927,0,5,-14245639,UNKNOWN,2026-08-28T08:30:26.820315+00:00,-7517193,-4345270,-3787716,-7626366,-10881416,,48,23,121,11,False,TSE,康霈*,UNKNOWN,ordinary_stock,TWSE_T86+TPEX_DAILY_TRADE_HIS,6919,1702,1599,1413,1526,0,0,8000,-8000,0,-7004,0,0,,192,1637,248,1564
2026-08-28,GOOD,0,0,0,0,0,0,0,1260,802,912,1184,0,0,27000,-35000,0,-1000,5000,-4000,,632,1187,750,761,0,1204,788,917,1075,0,0,19038,UNKNOWN,2026-08-28T08:30:26.820315+00:00,-19066,0,-10867,2000,-14,,687,1191,744,863,False,TSE,嘉雨思-創,UNKNOWN,ordinary_stock,TWSE_T86+TPEX_DAILY_TRADE_HIS,6921,1468,1600,1247,1527,0,0,0,0,0,0,0,0,,1538,1638,1338,1565
2026-08-28,GOOD,0,0,0,0,0,0,0,524,1166,644,621,0,1,-49000,163000,-10000,145250,59000,57000,,1367,799,1017,1318,0,536,1149,640,637,0,1,-39046,UNKNOWN,2026-08-28T08:30:26.820315+00:00,148962,-10000,141420,49000,54958,,1355,818,1021,1301,False,TSE,中台,UNKNOWN,ordinary_stock,TWSE_T86+TPEX_DAILY_TRADE_HIS,6923,1469,1601,1248,1528,0,0,0,0,0,0,0,0,,1539,1639,1339,1566
2026-08-28,GOOD,0,0,0,0,0,0,0,893,346,840,677,2,0,68822,15178,39000,23188,47000,42000,,998,1618,821,1261,0,894,360,841,701,2,0,54244,UNKNOWN,2026-08-28T08:30:26.820315+00:00,16014,34995,17842,39113,35129,,997,1602,820,1237,False,TSE,榮惠-KY創,UNKNOWN,ordinary_stock,TWSE_T86+TPEX_DAILY_TRADE_HIS,6924,1470,1602,1249,1529,0,0,0,0,0,0,0,0,,1540,1640,1340,1567
2026-08-28,GOOD,0,0,0,0,0,0,0,1446,1441,1167,1444,0,1,35110,-173110,-52000,-220110,-31000,-69000,,445,522,494,494,0,1443,1422,1167,1429,0,1,35110,UNKNOWN,2026-08-28T08:30:26.820315+00:00,-171110,-52000,-222110,-30000,-68000,,448,540,494,509,False,TSE,攸泰科技,UNKNOWN,ordinary_stock,TWSE_T86+TPEX_DAILY_TRADE_HIS,6928,1471,1603,1250,1530,0,0,0,0,0,0,0,0,,1541,1641,1341,1568
2026-08-28,GOOD,0,0,0,0,0,0,0,1212,1205,846,1196,0,1,12000,-22000,-13000,22000,4000,-5000,,682,763,817,744,0,1208,1184,840,1222,0,1,2000,UNKNOWN,2026-08-28T08:30:26.820315+00:00,-20000,-13000,18000,-1000,-9000,,684,780,821,716,False,TSE,青松健康,UNKNOWN,ordinary_stock,TWSE_T86+TPEX_DAILY_TRADE_HIS,6931,1472,1604,1251,1531,0,0,0,0,0,0,0,0,,1542,1642,1342,1569
2026-08-28,GOOD,0,0,0,0,0,0,0,406,200,384,280,1,0,442101,313145,189000,776896,296514,377623,,1485,1762,1277,1658,0,390,195,366,275,1,0,486835,UNKNOWN,2026-08-28T08:30:26.820315+00:00,356057,190594,841357,340155,421446,,1501,1767,1295,1663,False,TSE,AMAX-KY,UNKNOWN,ordinary_stock,TWSE_T86+TPEX_DAILY_TRADE_HIS,6933,1473,1605,1252,1532,0,0,0,0,0,0,0,0,,1543,1643,1343,1570
2026-08-28,GOOD,0,0,0,0,0,0,0,1145,982,872,1264,0,5,-11000,-11000,-2000,14000,-4000,-11000,,751,1012,790,681,0,1145,963,856,1233,0,2,-10000,UNKNOWN,2026-08-28T08:30:26.820315+00:00,-10000,-2000,13000,-3000,-10000,,746,1023,806,704,False,TSE,心誠鎂,UNKNOWN,ordinary_stock,TWSE_T86+TPEX_DAILY_TRADE_HIS,6934,1474,1606,1253,1533,0,0,0,0,0,0,0,0,,1544,1644,1344,1571
2026-08-28,GOOD,0,0,0,0,0,,0,955,616,,954,3,0,4000,8000,3000,,15000,6000,,937,1357,,996,0,944,609,,958,1,0,0,UNKNOWN,2026-08-28T08:30:26.820315+00:00,10000,3000,,14000,5000,,947,1359,,989,False,TSE,永鴻生技,UNKNOWN,ordinary_stock,TWSE_T86+TPEX_DAILY_TRADE_HIS,6936,1475,1607,,1534,0,0,0,0,0,,0,0,,1545,1645,,1572
2026-08-28,GOOD,0,0,0,0,0,0,0,1215,174,357,336,3,0,576901,-23245,263454,868914,372119,276828,,676,1788,1304,1602,0,1244,166,368,305,3,0,730422,UNKNOWN,2026-08-28T08:30:26.820315+00:00,-29984,281284,833276,447124,350219,,647,1796,1293,1633,False,TSE,天虹,UNKNOWN,ordinary_stock,TWSE_T86+TPEX_DAILY_TRADE_HIS,6937,1736,1608,1519,1535,0,0,27000,-27000,0,-129000,0,0,,155,1646,142,1573
2026-08-28,GOOD,0,0,0,0,0,0,0,1576,1490,1387,1587,0,9,64439,-472361,-67564,-989440,-141661,-203961,,315,472,274,351,0,1570,1461,1368,1566,0,9,94363,UNKNOWN,2026-08-28T08:30:26.820315+00:00,-465187,-63821,-859174,-132365,-185412,,321,501,293,372,False,TSE,兆聯實業,UNKNOWN,ordinary_stock,TWSE_T86+TPEX_DAILY_TRADE_HIS,6944,174,1609,160,132,0,0,7000,5000,0,130833,2000,6000,,1719,1647,1501,1809
2026-08-28,GOOD,0,0,0,0,0,0,0,1249,1235,1140,1238,0,1,14807,-32733,-16223,-171763,17597,-8963,,642,727,521,700,0,1253,1215,1132,1220,0,1,14807,UNKNOWN,2026-08-28T08:30:26.820315+00:00,-32733,-16223,-171646,17597,-8963,,638,747,529,718,False,TSE,台鎔科技,UNKNOWN,ordinary_stock,TWSE_T86+TPEX_DAILY_TRADE_HIS,6947,1476,1610,1254,1536,0,0,0,0,0,0,0,0,,1546,1648,1345,1574
2026-08-26,STALE,0,0,0,0,0,,0,308,1316,,306,0,1,54205,564563,-26000,,220374,309384,,1583,652,,1632,2,535,1290,,469,0,1,110064,UNKNOWN,2026-08-28T08:30:26.820315+00:00,151360,-25363,,89777,130712,,1356,672,,1469,True,TSE,沛爾生醫-創,UNKNOWN,ordinary_stock,TWSE_T86+TPEX_DAILY_TRADE_HIS,6949,1477,1611,,1537,0,0,0,0,0,,0,0,,1547,1649,,1575
2026-08-28,GOOD,0,0,0,0,0,0,0,865,803,891,955,0,0,-6910,18910,0,6910,3000,6000,,1026,1188,770,997,0,851,728,890,926,7,0,-8698,UNKNOWN,2026-08-28T08:30:26.820315+00:00,21622,756,1109,4524,6462,,1040,1234,771,1012,False,TSE,青新-創,UNKNOWN,ordinary_stock,TWSE_T86+TPEX_DAILY_TRADE_HIS,6951,1478,1612,1255,1538,0,0,0,0,0,0,0,0,,1548,1650,1346,1576
2026-08-28,GOOD,0,0,0,0,0,0,0,1087,1026,944,1083,0,1,3000,-3000,-3000,-14000,-1000,0,,812,965,719,863,0,1059,1008,945,1044,0,1,3000,UNKNOWN,2026-08-28T08:30:26.820315+00:00,-1000,-3000,-25218,0,1000,,831,976,716,893,False,TSE,大武山,UNKNOWN,ordinary_stock,TWSE_T86+TPEX_DAILY_TRADE_HIS,6952,1479,1613,1256,1539,0,0,0,0,0,0,0,0,,1549,1651,1347,1577
2026-08-28,GOOD,0,0,0,0,0,,0,1019,915,,1008,0,1,4000,2000,-1000,,6000,3000,,877,1098,,938,0,1192,920,,1285,0,6,-16414,UNKNOWN,2026-08-28T08:30:26.820315+00:00,-17842,-1041,,-13042,-17128,,699,1042,,653,False,TSE,邦睿生技-創,UNKNOWN,ordinary_stock,TWSE_T86+TPEX_DAILY_TRADE_HIS,6955,1480,1614,,1540,0,0,0,0,0,,0,0,,1550,1652,,1578
2026-08-28,GOOD,0,0,0,0,0,0,0,1253,1356,1089,1362,0,1,-35675,-33369,-32982,-107081,-45822,-34522,,638,606,572,576,0,1288,1360,1099,1377,0,1,-41675,UNKNOWN,2026-08-28T08:30:26.820315+00:00,-45369,-37982,-132113,-51822,-43522,,603,602,562,561,False,TSE,裕慶-KY,UNKNOWN,ordinary_stock,TWSE_T86+TPEX_DAILY_TRADE_HIS,6957,1481,1615,1257,1541,0,0,0,0,0,0,0,0,,1551,1653,1348,1579
2026-08-28,GOOD,0,0,0,0,0,0,0,1167,1167,932,865,0,1,38000,-14000,-10000,-7000,11000,12000,,730,800,728,1081,0,1186,1137,943,834,0,1,47000,UNKNOWN,2026-08-28T08:30:26.820315+00:00,-17000,-9000,-24000,12000,15000,,706,830,718,1107,False,TSE,日盛台駿,UNKNOWN,ordinary_stock,TWSE_T86+TPEX_DAILY_TRADE_HIS,6958,1482,1616,1258,1542,0,0,0,0,0,0,0,0,,1552,1654,1349,1580
2026-08-28,GOOD,0,0,0,0,0,0,0,1700,1750,1410,1717,0,2,92266,-1181734,-364232,-1166456,-330919,-544734,,191,212,251,221,0,1679,1746,1399,1707,0,2,-122861,UNKNOWN,2026-08-28T08:30:26.820315+00:00,-950543,-364524,-1070421,-323103,-536702,,212,216,262,231,False,TSE,奕力-KY,UNKNOWN,ordinary_stock,TWSE_T86+TPEX_DAILY_TRADE_HIS,6962,118,1617,144,1543,0,0,-250000,250000,0,230000,0,0,,1773,1655,1517,1581
2026-08-28,GOOD,0,0,0,0,0,0,0,891,1057,915,825,0,1,16000,16000,-4000,-2000,15000,16000,,1005,919,748,1118,0,872,1039,907,800,0,1,17000,UNKNOWN,2026-08-28T08:30:26.820315+00:00,19000,-4000,-6000,17000,18000,,1021,934,756,1141,False,TSE,中傑-KY,UNKNOWN,ordinary_stock,TWSE_T86+TPEX_DAILY_TRADE_HIS,6965,1483,1618,1259,1544,0,0,0,0,0,0,0,0,,1553,1656,1350,1582
2026-08-28,GOOD,0,0,0,0,0,0,0,431,312,538,507,3,0,-67330,283330,54000,279330,160000,108000,,1460,1650,1123,1431,0,438,310,535,506,3,0,-65464,UNKNOWN,2026-08-28T08:30:26.820315+00:00,281054,53869,277472,159928,107795,,1453,1652,1126,1432,False,TSE,成信實業*-創,UNKNOWN,ordinary_stock,TWSE_T86+TPEX_DAILY_TRADE_HIS,6969,1484,1619,1260,1545,0,0,0,0,0,0,0,0,,1554,1657,1351,1583
2026-08-28,GOOD,0,0,0,0,0,0,0,1468,1309,1200,1506,0,15,-24000,-202000,-25000,-276000,-58000,-113000,,423,658,461,433,0,1463,1268,1195,1484,0,17,-20497,UNKNOWN,2026-08-28T08:30:26.820315+00:00,-186517,-23000,-280579,-53060,-103507,,428,700,466,454,False,TSE,威力暘-創,UNKNOWN,ordinary_stock,TWSE_T86+TPEX_DAILY_TRADE_HIS,6988,1485,1620,1261,1546,0,0,0,0,0,0,0,0,,1555,1658,1352,1584
2026-08-28,GOOD,0,0,0,0,0,0,0,1593,1691,1251,1648,0,1,-76093,-537545,-223000,-402534,-353819,-306819,,298,271,410,290,0,1597,1679,1242,1636,0,1,-85094,UNKNOWN,2026-08-28T08:30:26.820315+00:00,-531542,-223010,-382531,-353917,-308318,,294,283,419,302,False,TSE,富威電力,UNKNOWN,ordinary_stock,TWSE_T86+TPEX_DAILY_TRADE_HIS,6994,1486,1621,1262,1547,0,0,0,0,0,0,0,0,,1556,1659,1353,1585
2026-08-28,GOOD,0,0,0,0,0,0,0,1327,511,568,1617,1,0,-425778,-66728,8302,230624,-87230,-246253,,564,1451,1093,321,0,1330,496,574,1619,1,0,-455088,UNKNOWN,2026-08-28T08:30:26.820315+00:00,-65462,10006,225356,-84980,-260275,,561,1466,1087,319,False,TSE,聯友金屬-創,UNKNOWN,ordinary_stock,TWSE_T86+TPEX_DAILY_TRADE_HIS,7610,1487,1622,1263,1548,0,0,0,0,0,0,0,0,,1557,1660,1354,1586
2026-08-28,GOOD,0,0,0,0,0,0,0,748,1114,786,837,0,1,-15375,43565,-6543,44863,15345,14095,,1143,848,875,1101,0,754,1113,795,851,0,1,-17628,UNKNOWN,2026-08-28T08:30:26.820315+00:00,44252,-7373,36895,13662,13312,,1137,849,866,1087,False,TSE,聚賢研發-創,UNKNOWN,ordinary_stock,TWSE_T86+TPEX_DAILY_TRADE_HIS,7631,1488,1623,1264,1549,0,0,0,0,0,0,0,0,,1558,1661,1355,1587
2026-08-28,GOOD,0,0,0,0,0,0,0,750,617,761,1250,1,0,-62623,42743,3000,57843,-47883,-9940,,1141,1358,900,688,0,1306,610,970,1493,1,0,-159623,UNKNOWN,2026-08-28T08:30:26.820315+00:00,-54257,3000,-39784,-47883,-106940,,585,1360,691,445,False,TSE,大鵬科CLMX,UNKNOWN,ordinary_stock,TWSE_T86+TPEX_DAILY_TRADE_HIS,7689,1489,1624,1265,1550,0,0,0,0,0,0,0,0,,1559,1662,1356,1588
2026-08-28,GOOD,0,0,0,0,0,0,0,774,523,755,704,7,0,30000,38000,8000,63000,24000,34000,,1118,1447,907,1235,0,748,517,754,684,1,0,36999,UNKNOWN,2026-08-28T08:30:26.820315+00:00,44999,8000,54999,23999,40999,,1144,1447,907,1254,False,TSE,三商餐飲,UNKNOWN,ordinary_stock,TWSE_T86+TPEX_DAILY_TRADE_HIS,7705,1490,1625,1266,1551,0,0,0,0,0,0,0,0,,1560,1663,1357,1589
2026-08-28,GOOD,0,0,0,0,0,0,0,276,210,322,305,2,0,-98252,717394,156771,1110609,48898,309571,,1615,1752,1339,1633,0,279,214,325,318,2,0,-80336,UNKNOWN,2026-08-28T08:30:26.820315+00:00,715920,153045,1159193,25736,317792,,1612,1748,1336,1620,False,TSE,永擎,UNKNOWN,ordinary_stock,TWSE_T86+TPEX_DAILY_TRADE_HIS,7711,1491,1626,1267,1552,0,0,0,0,0,0,0,0,,1561,1664,1358,1590
2026-08-28,GOOD,0,0,0,0,0,0,0,629,379,631,720,4,0,-29779,91779,30000,156965,63000,31000,,1262,1587,1030,1219,0,634,370,623,725,4,0,-34718,UNKNOWN,2026-08-28T08:30:26.820315+00:00,94840,31000,158026,64061,30061,,1257,1592,1038,1213,False,TSE,微程式,UNKNOWN,ordinary_stock,TWSE_T86+TPEX_DAILY_TRADE_HIS,7721,1492,1627,1268,1553,0,0,0,0,0,0,0,0,,1562,1665,1359,1591
2026-08-28,GOOD,0,0,0,0,0,0,0,813,623,958,776,4,0,13214,27838,2584,-23327,36632,20526,,1078,1339,703,1162,0,800,617,915,769,4,0,11603,UNKNOWN,2026-08-28T08:30:26.820315+00:00,31921,2497,-10401,38432,21762,,1091,1345,746,1169,False,TSE,LINEPAY,UNKNOWN,ordinary_stock,TWSE_T86+TPEX_DAILY_TRADE_HIS,7722,1643,1628,1375,1730,0,0,-1000,-1000,0,-2000,-1000,-1000,,268,1666,294,217
2026-08-28,GOOD,0,0,0,0,0,0,0,562,1514,628,442,0,1,171230,130760,-76013,159845,-98013,150995,,1329,448,1033,1496,0,571,1492,625,447,0,1,171819,UNKNOWN,2026-08-28T08:30:26.820315+00:00,132191,-75451,153331,-96079,152005,,1320,470,1036,1491,False,TSE,暉盛-創,UNKNOWN,ordinary_stock,TWSE_T86+TPEX_DAILY_TRADE_HIS,7730,1493,1629,1269,1554,0,0,0,0,0,0,0,0,,1563,1667,1360,1592
2026-08-28,GOOD,0,0,0,0,0,0,0,1150,710,959,1027,1,0,16000,-12000,1000,-25000,2000,2000,,743,1272,702,918,0,1250,696,1079,1070,1,0,32043,UNKNOWN,2026-08-28T08:30:26.820315+00:00,-32043,1000,-110043,3000,0,,641,1273,582,868,False,TSE,金興精密,UNKNOWN,ordinary_stock,TWSE_T86+TPEX_DAILY_TRADE_HIS,7732,1494,1630,1270,1555,0,0,0,0,0,0,0,0,,1564,1668,1361,1593
2026-08-28,GOOD,0,0,0,0,0,0,0,845,549,825,791,3,0,15000,23000,6000,28000,13000,19000,,1048,1427,837,1148,0,835,545,826,780,3,0,15000,UNKNOWN,2026-08-28T08:30:26.820315+00:00,25000,6000,22000,14000,20000,,1058,1421,836,1160,False,TSE,虎山,UNKNOWN,ordinary_stock,TWSE_T86+TPEX_DAILY_TRADE_HIS,7736,1495,1631,1271,1556,0,0,0,0,0,0,0,0,,1565,1669,1362,1594
2026-08-28,GOOD,0,0,0,0,0,0,0,1506,1431,1325,1567,0,14,-75639,-282361,-51000,-601295,-92000,-179000,,385,531,336,371,0,1509,1413,1316,1563,0,14,-74964,UNKNOWN,2026-08-28T08:30:26.820315+00:00,-289474,-50209,-602342,-97262,-182219,,382,549,345,375,False,TSE,熙特爾-創,UNKNOWN,ordinary_stock,TWSE_T86+TPEX_DAILY_TRADE_HIS,7740,1496,1632,1272,1557,0,0,0,0,0,0,0,0,,1566,1670,1363,1595
2026-08-28,GOOD,0,0,0,0,0,0,0,1425,1332,1147,1422,0,4,38684,-151876,-28960,-179589,-52810,-56596,,466,630,514,516,0,1419,1321,1142,1395,0,4,30036,UNKNOWN,2026-08-28T08:30:26.820315+00:00,-138068,-29627,-185339,-51509,-54016,,472,641,519,543,False,TSE,意騰-KY,UNKNOWN,ordinary_stock,TWSE_T86+TPEX_DAILY_TRADE_HIS,7749,154,1633,208,1558,0,0,-18000,18000,0,8000,0,0,,1737,1671,1456,1596
2026-08-28,GOOD,0,0,0,0,0,0,0,1635,1704,1334,1585,0,2,329102,-734558,-243921,-651133,-151280,-202728,,256,258,327,353,0,1550,1699,1149,1549,0,1,61685,UNKNOWN,2026-08-28T08:30:26.820315+00:00,-382051,-254054,-195297,-128095,-160183,,341,263,512,389,False,TSE,新代,UNKNOWN,ordinary_stock,TWSE_T86+TPEX_DAILY_TRADE_HIS,7750,109,1634,125,106,0,0,-273000,319000,0,427640,23000,23000,,1782,1672,1536,1832
2026-08-28,GOOD,0,0,0,0,0,0,0,1268,572,1104,1084,1,0,38000,-38000,5000,-119000,-6000,0,,624,1404,557,864,0,1267,567,1108,1022,1,0,40000,UNKNOWN,2026-08-28T08:30:26.820315+00:00,-36000,5000,-142000,-4000,2000,,624,1406,553,920,False,TSE,享溫馨,UNKNOWN,ordinary_stock,TWSE_T86+TPEX_DAILY_TRADE_HIS,7760,1497,1635,1273,1559,0,0,0,0,0,0,0,0,,1567,1673,1364,1597
2026-08-28,GOOD,0,0,0,0,0,0,0,902,652,811,792,3,0,23655,14345,2000,31355,20000,19000,,989,1328,850,1149,0,901,639,767,791,3,0,22975,UNKNOWN,2026-08-28T08:30:26.820315+00:00,15025,2000,49187,20000,19000,,990,1331,894,1150,False,TSE,中華資安,UNKNOWN,ordinary_stock,TWSE_T86+TPEX_DAILY_TRADE_HIS,7765,1498,1636,1274,1560,0,0,0,0,0,0,0,0,,1568,1674,1365,1598
2026-08-28,GOOD,0,0,0,0,0,0,0,1412,551,1067,1465,1,0,-21540,-139540,5410,-87540,1460,-80540,,479,1411,594,473,0,1417,550,1067,1450,1,0,-21540,UNKNOWN,2026-08-28T08:30:26.820315+00:00,-137540,5410,-99394,2460,-79540,,474,1412,594,488,False,TSE,頌勝科技,UNKNOWN,ordinary_stock,TWSE_T86+TPEX_DAILY_TRADE_HIS,7768,1499,1637,1275,1561,0,0,0,0,0,0,0,0,,1569,1675,1366,1599
2026-08-28,GOOD,0,0,0,0,0,0,0,355,209,444,367,4,0,47218,420450,157026,487519,229721,233834,,1536,1753,1217,1571,0,627,377,492,1330,2,0,-154716,UNKNOWN,2026-08-28T08:30:26.820315+00:00,96538,29303,371842,27324,-29089,,1264,1585,1169,608,False,TSE,鴻勁,UNKNOWN,ordinary_stock,TWSE_T86+TPEX_DAILY_TRADE_HIS,7769,1809,1921,1512,1875,0,4,-223068,-311110,-130010,-106430,-207079,-267089,,82,41,149,63
2026-08-28,GOOD,0,0,0,0,0,0,0,180,1432,307,273,0,1,-899065,1685965,-51000,1246365,723450,393450,,1711,532,1354,1665,0,183,1417,326,288,0,1,-883370,UNKNOWN,2026-08-28T08:30:26.820315+00:00,1656524,-51293,1153221,727760,386577,,1708,545,1335,1650,False,TSE,大研生醫*,UNKNOWN,ordinary_stock,TWSE_T86+TPEX_DAILY_TRADE_HIS,7780,1500,1638,1276,1562,0,0,0,0,0,0,0,0,,1570,1676,1367,1600
2026-08-28,GOOD,0,0,0,0,0,0,0,653,1447,815,1538,0,2,-357662,75762,-53950,30686,-115615,-140950,,1238,515,846,400,0,1392,1443,1119,1605,0,2,-346662,UNKNOWN,2026-08-28T08:30:26.820315+00:00,-115238,-57950,-155655,-131615,-230950,,499,519,542,333,False,TSE,東方風能,UNKNOWN,ordinary_stock,TWSE_T86+TPEX_DAILY_TRADE_HIS,7786,1501,1639,1277,1563,0,0,0,0,0,0,0,0,,1571,1677,1368,1601
2026-08-28,GOOD,0,0,0,0,0,0,0,227,112,278,170,2,0,904867,1117387,575379,1491017,1038672,1011127,,1664,1850,1383,1768,0,192,104,240,159,3,0,1220119,UNKNOWN,2026-08-28T08:30:26.820315+00:00,1460107,666025,2076836,1390319,1340113,,1699,1858,1421,1779,False,TSE,松川精密,UNKNOWN,ordinary_stock,TWSE_T86+TPEX_DAILY_TRADE_HIS,7788,1502,1640,1278,1564,0,0,0,0,0,0,0,0,,1572,1678,1369,1602
2026-08-28,GOOD,0,0,0,0,0,0,0,1137,1058,1151,986,0,1,18000,-10000,-4000,-190000,11000,4000,,756,920,510,961,0,1141,1040,1152,959,0,1,19000,UNKNOWN,2026-08-28T08:30:26.820315+00:00,-9000,-4000,-198000,12000,5000,,751,935,509,990,False,TSE,皇家可口,UNKNOWN,ordinary_stock,TWSE_T86+TPEX_DAILY_TRADE_HIS,7791,1503,1641,1279,1565,0,0,0,0,0,0,0,0,,1573,1679,1370,1603
2026-08-28,GOOD,0,0,0,0,0,0,0,1379,156,1479,1601,1,0,-329764,-106554,327058,-2042644,-111857,-218159,,512,1806,182,337,0,1291,152,1464,1522,1,0,-209686,UNKNOWN,2026-08-28T08:30:26.820315+00:00,-46476,348026,-1824139,-26779,-128081,,600,1810,197,416,False,TSE,長廣,UNKNOWN,ordinary_stock,TWSE_T86+TPEX_DAILY_TRADE_HIS,7795,1644,1642,1356,1566,0,0,1000,-1000,0,-1053,0,0,,269,1680,305,1604
2026-08-28,GOOD,0,0,0,0,0,0,0,668,552,542,403,3,0,321008,67478,5279,269311,242805,194243,,1223,1410,1119,1535,0,679,741,553,407,3,0,326008,UNKNOWN,2026-08-28T08:30:26.820315+00:00,68478,279,254073,244805,197243,,1212,1221,1108,1531,False,TSE,禾榮科,UNKNOWN,ordinary_stock,TWSE_T86+TPEX_DAILY_TRADE_HIS,7799,1504,1643,237,1567,0,0,0,0,0,62,0,0,,1574,1681,1424,1605
2026-08-28,GOOD,0,0,0,0,0,0,0,984,497,933,721,3,0,57000,5000,10000,-7000,32000,31000,,910,1471,729,1220,0,951,495,914,718,3,0,54143,UNKNOWN,2026-08-28T08:30:26.820315+00:00,9725,10045,-10275,34938,31934,,940,1467,747,1220,False,TSE,雲象科技-創,UNKNOWN,ordinary_stock,TWSE_T86+TPEX_DAILY_TRADE_HIS,7803,1505,1644,1280,1568,0,0,0,0,0,0,0,0,,1575,1682,1371,1606
2026-08-28,GOOD,0,0,0,0,0,0,0,959,1179,1014,933,0,3,6390,7610,-11000,-53758,-41000,7000,,932,788,647,1011,0,1132,1198,1033,1223,0,3,-10610,UNKNOWN,2026-08-28T08:30:26.820315+00:00,-7390,-14000,-70758,-51000,-9000,,759,769,628,717,False,TSE,溢泰實業,UNKNOWN,ordinary_stock,TWSE_T86+TPEX_DAILY_TRADE_HIS,7818,1506,1645,1281,1569,0,0,0,0,0,0,0,0,,1576,1683,1372,1607
2026-08-28,GOOD,0,0,0,0,0,0,0,1356,411,1059,968,1,0,99000,-89000,22000,-78170,5000,5000,,536,1555,602,974,0,1379,412,1059,1234,1,0,83000,UNKNOWN,2026-08-28T08:30:26.820315+00:00,-103000,22000,-93170,-10000,-10000,,512,1551,602,705,False,TSE,神數,UNKNOWN,ordinary_stock,TWSE_T86+TPEX_DAILY_TRADE_HIS,7821,1507,1646,1282,1570,0,0,0,0,0,0,0,0,,1577,1684,1373,1608
2026-08-28,GOOD,0,0,0,0,0,0,0,1382,1481,1050,612,0,1,229121,-110121,-65480,-72611,35495,59500,,509,481,611,1326,0,1370,1475,987,585,0,1,236919,UNKNOWN,2026-08-28T08:30:26.820315+00:00,-96695,-68938,-48676,42028,70112,,521,487,674,1353,False,TSE,倍利科,UNKNOWN,ordinary_stock,TWSE_T86+TPEX_DAILY_TRADE_HIS,7822,1508,1647,1283,1571,0,0,0,0,0,0,0,0,,1578,1685,1374,1609
2026-08-28,GOOD,0,0,0,0,0,0,0,1151,983,966,1147,0,1,8000,-12000,-2000,-28000,-2000,-2000,,744,1013,695,800,0,1154,976,947,1128,0,1,8099,UNKNOWN,2026-08-28T08:30:26.820315+00:00,-12491,-2570,-25895,-1963,-2196,,737,986,714,810,False,TSE,奧義賽博-KY創,UNKNOWN,ordinary_stock,TWSE_T86+TPEX_DAILY_TRADE_HIS,7823,1509,1648,1284,1572,0,0,0,0,0,0,0,0,,1579,1686,1375,1610
2026-08-28,GOOD,0,0,0,0,0,0,0,332,1433,319,415,0,2,-123336,487920,-51000,1144594,164292,182292,,1559,533,1342,1523,0,337,1416,328,418,0,2,-118264,UNKNOWN,2026-08-28T08:30:26.820315+00:00,485214,-50977,1131812,165329,183475,,1554,546,1333,1520,False,TSE,漢康-KY創,UNKNOWN,ordinary_stock,TWSE_T86+TPEX_DAILY_TRADE_HIS,7827,1510,1649,1285,1573,0,0,0,0,0,0,0,0,,1580,1687,1376,1611
2026-08-28,GOOD,0,0,0,0,0,0,0,1074,573,934,1118,1,0,0,-2000,5000,-7000,4000,-1000,,827,1405,730,829,0,1322,1382,1030,1410,0,5,-52000,UNKNOWN,2026-08-28T08:30:26.820315+00:00,-62000,-41000,-70000,-52000,-57000,,569,584,631,528,False,TSE,永悅健康-創,UNKNOWN,ordinary_stock,TWSE_T86+TPEX_DAILY_TRADE_HIS,7835,1511,1650,1286,1574,0,0,0,0,0,0,0,0,,1581,1688,1377,1612
2026-08-28,GOOD,0,0,0,0,0,0,0,430,1323,406,392,0,1,131475,284865,-27000,631821,156170,208170,,1461,640,1255,1546,0,436,1305,414,395,0,1,132475,UNKNOWN,2026-08-28T08:30:26.820315+00:00,285865,-27000,608821,158170,209170,,1455,659,1247,1543,False,TSE,台通,UNKNOWN,ordinary_stock,TWSE_T86+TPEX_DAILY_TRADE_HIS,8011,1512,1651,1287,1575,0,0,0,0,0,0,0,0,,1582,1689,1378,1613
2026-08-28,GOOD,0,0,0,0,0,0,0,164,1674,167,1532,0,1,-2432805,2159785,-199537,3589623,-98162,-136510,,1727,288,1494,406,0,1535,1666,385,1560,0,1,-6458,UNKNOWN,2026-08-28T08:30:26.820315+00:00,-349414,-204956,780297,-109376,-177936,,356,296,1276,378,False,TSE,矽創,UNKNOWN,ordinary_stock,TWSE_T86+TPEX_DAILY_TRADE_HIS,8016,1857,1849,1628,1833,0,12,2369206,-2448794,-1000,-2790655,-14794,-39794,,34,130,33,105
2026-08-28,GOOD,0,0,0,0,0,0,0,1796,1421,1560,1610,0,1,3066982,-3527660,-48681,-4802250,77933,-230339,,95,541,101,328,0,1819,975,1559,1715,0,3,3587908,UNKNOWN,2026-08-28T08:30:26.820315+00:00,-4711638,-2401,-4987472,-227243,-561865,,72,987,102,223,False,TSE,尖點,UNKNOWN,ordinary_stock,TWSE_T86+TPEX_DAILY_TRADE_HIS,8021,1841,1652,1518,1892,0,0,364000,-1188000,0,-124570,-387000,-412000,,50,1690,143,46
2026-08-28,GOOD,0,0,0,0,0,0,0,1729,1779,1533,1790,0,5,-497625,-1652635,-458476,-3406443,-915912,-1075130,,162,183,128,148,0,1804,1777,1600,1802,0,7,1401772,UNKNOWN,2026-08-28T08:30:26.820315+00:00,-3824518,-456181,-9719671,-897562,-1211373,,87,185,61,136,False,TSE,昇陽半導體,UNKNOWN,ordinary_stock,TWSE_T86+TPEX_DAILY_TRADE_HIS,8028,1852,1653,1645,1864,0,0,1747000,-2043000,0,-6155843,0,-148000,,39,1691,16,74
2026-08-28,GOOD,0,0,0,0,0,0,0,1841,1925,1625,1888,0,1,-158282,-7314590,-2742992,-16336504,-2459024,-3736436,,50,37,36,50,0,1842,1927,1624,1894,0,1,-189395,UNKNOWN,2026-08-28T08:30:26.820315+00:00,-7512303,-2889185,-16241639,-2568939,-3850849,,49,35,37,44,False,TSE,雷虎,UNKNOWN,ordinary_stock,TWSE_T86+TPEX_DAILY_TRADE_HIS,8033,1688,1654,1446,1761,0,0,-1000,-5000,0,-17000,-3000,-3000,,210,1692,219,185
2026-08-28,GOOD,0,0,0,0,0,0,0,1828,105,387,187,2,0,7848732,-6176412,636069,748227,1714325,836160,,63,1857,1274,1751,0,1845,189,490,237,2,0,9059330,UNKNOWN,2026-08-28T08:30:26.820315+00:00,-7953576,213288,373312,1662728,552877,,46,1773,1171,1701,False,TSE,台虹,UNKNOWN,ordinary_stock,TWSE_T86+TPEX_DAILY_TRADE_HIS,8039,1800,1944,100,1886,0,1,-411000,-249000,-675000,810073,-330000,-330000,,91,18,1561,52
2026-08-28,GOOD,0,0,0,0,0,0,0,546,437,700,459,4,0,132356,138356,17000,97356,119000,135356,,1345,1526,961,1479,0,549,437,703,462,4,0,135466,UNKNOWN,2026-08-28T08:30:26.820315+00:00,139966,17373,84413,121311,137716,,1342,1525,958,1476,False,TSE,達運光電,UNKNOWN,ordinary_stock,TWSE_T86+TPEX_DAILY_TRADE_HIS,8045,1513,1655,1288,1576,0,0,0,0,0,0,0,0,,1583,1693,1379,1614
2026-08-28,GOOD,0,0,0,0,0,0,0,1836,1876,1613,1895,0,4,-1453282,-6907388,-1189048,-13143915,-4073530,-4180335,,55,86,48,43,0,1806,1843,1576,1854,0,4,-236447,UNKNOWN,2026-08-28T08:30:26.820315+00:00,-3933435,-886536,-6376879,-2123740,-2084941,,85,119,85,84,False,TSE,南電,UNKNOWN,ordinary_stock,TWSE_T86+TPEX_DAILY_TRADE_HIS,8046,40,26,33,22,3,0,1022824,3174666,339961,7026488,2131784,2098745,,1851,1936,1628,1916
2026-08-28,GOOD,0,0,0,0,0,0,0,1809,1180,1436,113,0,1,8383204,-4112258,-11000,-1464639,1874345,2135473,,82,789,225,1825,0,1458,1348,216,114,0,2,4479989,UNKNOWN,2026-08-28T08:30:26.820315+00:00,-182839,-34609,2503894,1854867,2148575,,433,614,1445,1824,False,TSE,長華*,UNKNOWN,ordinary_stock,TWSE_T86+TPEX_DAILY_TRADE_HIS,8070,30,1656,54,1804,0,0,-3828353,3797647,0,3774731,-43353,-15353,,1861,1694,1607,134
2026-08-28,GOOD,0,0,0,0,0,0,0,1243,1501,1052,1421,0,1,-81000,-31000,-73000,-75000,-20000,-56000,,648,462,609,519,0,1246,1482,1043,1405,0,1,-82000,UNKNOWN,2026-08-28T08:30:26.820315+00:00,-30000,-72000,-79000,-20000,-56000,,646,480,618,534,False,TSE,陞泰,UNKNOWN,ordinary_stock,TWSE_T86+TPEX_DAILY_TRADE_HIS,8072,1514,1657,1289,1577,0,0,0,0,0,0,0,0,,1584,1695,1380,1615
2026-08-28,GOOD,0,0,0,0,0,0,0,916,1592,243,355,0,1,478566,12794,-123989,1913285,208120,245680,,975,370,1418,1583,0,412,1598,251,362,0,1,190075,UNKNOWN,2026-08-28T08:30:26.820315+00:00,303043,-135954,1905531,210629,246559,,1479,364,1410,1576,False,TSE,致新,UNKNOWN,ordinary_stock,TWSE_T86+TPEX_DAILY_TRADE_HIS,8081,114,1850,169,1773,0,3,-305500,295500,-1000,97263,-4600,-5000,,1777,131,1492,167
2026-08-28,GOOD,0,0,0,0,0,0,0,204,264,422,91,5,0,4480965,1288087,81391,577405,2303246,2884526,,1687,1698,1239,1847,0,186,367,356,93,5,0,3961639,UNKNOWN,2026-08-28T08:30:26.820315+00:00,1614663,32522,897464,2277767,2788151,,1705,1595,1305,1845,False,TSE,瀚荃,UNKNOWN,ordinary_stock,TWSE_T86+TPEX_DAILY_TRADE_HIS,8103,1515,1658,1290,1578,0,0,0,0,0,0,0,0,,1585,1696,1381,1616
2026-08-28,GOOD,0,0,0,0,0,0,0,396,1503,413,289,0,1,366030,336240,-73895,601489,227135,351135,,1495,459,1248,1649,0,399,1485,416,303,0,1,368030,UNKNOWN,2026-08-28T08:30:26.820315+00:00,338240,-73895,599489,230135,353135,,1492,477,1245,1635,False,TSE,錸寶,UNKNOWN,ordinary_stock,TWSE_T86+TPEX_DAILY_TRADE_HIS,8104,1516,1659,1291,1579,0,0,0,0,0,0,0,0,,1586,1697,1382,1617
2026-08-28,GOOD,0,0,0,0,0,,0,43,941,,32,0,2,9699591,11288013,-1919,,10329802,10493802,,1848,1021,,1906,0,43,132,,37,1,0,10138796,UNKNOWN,2026-08-28T08:30:26.820315+00:00,11725226,446349,,10810011,10932011,,1848,1830,,1901,False,TSE,凌巨,UNKNOWN,ordinary_stock,TWSE_T86+TPEX_DAILY_TRADE_HIS,8105,1825,1660,,1902,0,0,-596000,-606000,0,,-601000,-601000,,66,1698,,36
2026-08-28,GOOD,0,0,0,0,0,0,0,151,1752,296,160,0,1,-241929,2513391,-365030,1398388,1244087,1135731,,1740,210,1365,1778,0,153,1753,284,177,0,1,-246686,UNKNOWN,2026-08-28T08:30:26.820315+00:00,2477794,-377639,1456692,1252470,1115554,,1738,209,1377,1761,False,TSE,華東,UNKNOWN,ordinary_stock,TWSE_T86+TPEX_DAILY_TRADE_HIS,8110,185,1661,218,158,0,0,1000,3000,0,3359,0,2000,,1709,1699,1443,1795
2026-08-28,GOOD,0,0,0,0,0,0,0,1861,1937,26,1893,0,4,4290858,-12193070,-3831380,47608106,-8675741,-3951106,,30,25,1635,45,0,1864,1938,29,1903,0,4,3161055,UNKNOWN,2026-08-28T08:30:26.820315+00:00,-12326913,-3920503,46745090,-9246204,-4582929,,27,24,1632,35,False,TSE,至上,UNKNOWN,ordinary_stock,TWSE_T86+TPEX_DAILY_TRADE_HIS,8112,69,1883,97,1834,0,3,-1095000,1015000,-15000,885473,-42000,-40000,,1822,80,1564,104
2026-08-28,GOOD,0,0,0,0,0,0,0,1704,1566,688,1642,0,1,658782,-1248162,-104135,109078,-50017,-294690,,187,396,973,296,0,1712,1550,630,1631,0,1,665561,UNKNOWN,2026-08-28T08:30:26.820315+00:00,-1255343,-104528,149381,-50017,-294891,,179,412,1032,307,False,TSE,振樺電,UNKNOWN,ordinary_stock,TWSE_T86+TPEX_DAILY_TRADE_HIS,8114,1657,1851,161,1762,0,3,-4000,-2000,-1000,128000,-3000,-3000,,245,132,1500,186
2026-08-28,GOOD,0,0,0,0,0,0,0,1690,1748,268,1670,0,1,373790,-1121076,-342971,1606776,436523,-373643,,201,214,1393,268,0,1711,1741,291,1666,0,1,480013,UNKNOWN,2026-08-28T08:30:26.820315+00:00,-1255053,-352893,1404327,446839,-387520,,180,221,1370,272,False,TSE,福懋科,UNKNOWN,ordinary_stock,TWSE_T86+TPEX_DAILY_TRADE_HIS,8131,186,1662,1387,159,0,0,1000,3000,0,-3600,0,2000,,1710,1700,274,1796
2026-08-28,GOOD,0,0,0,0,0,0,0,146,37,1636,74,1,0,5490857,2584865,2933137,-24797595,4021736,4037861,,1745,1925,25,1864,0,1577,36,1643,69,1,0,9170921,UNKNOWN,2026-08-28T08:30:26.820315+00:00,-481797,3088254,-37205191,4445409,4344562,,314,1926,18,1869,False,TSE,南茂,UNKNOWN,ordinary_stock,TWSE_T86+TPEX_DAILY_TRADE_HIS,8150,1859,1663,1655,84,0,0,2784000,-2576000,0,-12387559,101000,104000,,32,1701,6,1854
2026-08-28,GOOD,0,0,0,0,0,0,0,1546,1086,1242,1607,0,12,-74436,-375686,-5000,-381500,-112161,-225061,,345,893,419,331,0,1548,1142,1263,1599,0,11,-70757,UNKNOWN,2026-08-28T08:30:26.820315+00:00,-375687,-9748,-439448,-105585,-223222,,343,820,398,339,False,TSE,微矽電子-創,UNKNOWN,ordinary_stock,TWSE_T86+TPEX_DAILY_TRADE_HIS,8162,1517,1664,1292,1580,0,0,0,0,0,0,0,0,,1587,1702,1383,1618
2026-08-28,GOOD,0,0,0,0,0,0,0,315,249,431,274,4,0,246383,532689,103165,541869,399535,389536,,1576,1713,1230,1664,0,322,250,454,287,3,0,222394,UNKNOWN,2026-08-28T08:30:26.820315+00:00,553362,104913,460151,400184,387878,,1569,1712,1207,1651,False,TSE,達方,UNKNOWN,ordinary_stock,TWSE_T86+TPEX_DAILY_TRADE_HIS,8163,1518,1665,1293,1581,0,0,0,0,0,0,0,0,,1588,1703,1384,1619
2026-08-28,GOOD,0,0,0,0,0,,0,1088,1027,,1233,0,2,-13000,-3000,-3000,,-5000,-8000,,813,966,,714,0,1073,1009,,1190,0,2,-10000,UNKNOWN,2026-08-28T08:30:26.820315+00:00,-2000,-3000,,-5000,-6000,,819,977,,753,False,TSE,無敵,UNKNOWN,ordinary_stock,TWSE_T86+TPEX_DAILY_TRADE_HIS,8201,1519,1666,,1582,0,0,0,0,0,,0,0,,1589,1704,,1620
2026-08-28,GOOD,0,0,0,0,0,0,0,600,99,1394,200,1,0,1359369,103501,697256,-1023436,600300,731435,,1291,1863,267,1738,0,1455,97,1529,261,1,0,1100292,UNKNOWN,2026-08-28T08:30:26.820315+00:00,-179096,734637,-3192314,570925,460598,,436,1865,132,1677,False,TSE,勤誠,UNKNOWN,ordinary_stock,TWSE_T86+TPEX_DAILY_TRADE_HIS,8210,1811,1877,1616,1884,0,8,-321000,-327000,-12000,-2249516,-86000,-324000,,80,86,45,55
2026-08-28,GOOD,0,0,0,0,0,0,0,445,381,478,485,3,0,-28091,266131,29966,398626,272020,119020,,1446,1581,1183,1453,0,423,378,466,541,2,0,-120978,UNKNOWN,2026-08-28T08:30:26.820315+00:00,298566,28253,432261,238306,88794,,1468,1584,1195,1397,False,TSE,志超,UNKNOWN,ordinary_stock,TWSE_T86+TPEX_DAILY_TRADE_HIS,8213,1520,1667,1294,1583,0,0,0,0,0,0,0,0,,1590,1705,1385,1621
2026-08-28,GOOD,0,0,0,0,0,0,0,234,124,225,186,3,0,647088,1038296,507110,2140954,825312,842692,,1657,1838,1436,1752,0,241,122,245,199,3,0,652870,UNKNOWN,2026-08-28T08:30:26.820315+00:00,1030652,505871,2031044,826881,841761,,1650,1840,1416,1739,False,TSE,明基材,UNKNOWN,ordinary_stock,TWSE_T86+TPEX_DAILY_TRADE_HIS,8215,1521,1668,1440,1584,0,0,0,0,0,-15000,0,0,,1591,1706,223,1622
2026-08-28,GOOD,0,0,0,0,0,0,0,351,1834,434,345,0,1,96544,424736,-748159,537239,193415,260640,,1540,128,1227,1593,0,369,1828,426,353,0,1,102544,UNKNOWN,2026-08-28T08:30:26.820315+00:00,410736,-748159,540239,194415,256640,,1522,134,1235,1585,False,TSE,寶一,UNKNOWN,ordinary_stock,TWSE_T86+TPEX_DAILY_TRADE_HIS,8222,1522,1669,1295,1585,0,0,0,0,0,0,0,0,,1592,1707,1386,1623
2026-08-28,GOOD,0,0,0,0,0,0,0,591,1197,347,519,0,1,100297,106315,-12894,921464,60306,103306,,1300,765,1314,1419,0,595,1179,359,509,0,1,97297,UNKNOWN,2026-08-28T08:30:26.820315+00:00,115315,-12894,891464,63306,106306,,1296,783,1302,1429,False,TSE,菱光,UNKNOWN,ordinary_stock,TWSE_T86+TPEX_DAILY_TRADE_HIS,8249,1523,1670,1296,1586,0,0,0,0,0,0,0,0,,1593,1708,1387,1624
2026-08-28,GOOD,0,0,0,0,0,0,0,1806,1893,1587,1608,0,1,3351587,-3801983,-1427226,-8042406,-1069436,-225198,,85,69,74,330,0,1803,1889,1589,1588,0,1,3355717,UNKNOWN,2026-08-28T08:30:26.820315+00:00,-3776629,-1469457,-8363002,-1070798,-210456,,88,73,72,350,False,TSE,富鼎,UNKNOWN,ordinary_stock,TWSE_T86+TPEX_DAILY_TRADE_HIS,8261,1720,1671,1542,1781,0,0,-1000,-13000,0,-300000,-7000,-7000,,171,1709,119,158
2026-08-28,GOOD,0,0,0,0,0,0,0,154,151,211,92,2,0,3273308,2373964,341803,2381332,1534020,2823636,,1737,1811,1450,1846,0,163,162,224,95,2,0,3288939,UNKNOWN,2026-08-28T08:30:26.820315+00:00,2198451,297499,2328185,1546059,2743695,,1728,1800,1437,1843,False,TSE,宇瞻,UNKNOWN,ordinary_stock,TWSE_T86+TPEX_DAILY_TRADE_HIS,8271,1769,1672,139,1717,0,0,79600,-80400,0,280020,-400,-400,,122,1710,1522,222
2026-08-28,GOOD,0,0,0,0,0,0,0,403,457,674,497,1,0,-91659,319911,14000,122840,-9230,114126,,1488,1507,987,1441,0,420,482,683,547,1,0,-127777,UNKNOWN,2026-08-28T08:30:26.820315+00:00,299279,11084,101260,-30864,85751,,1471,1480,978,1391,False,TSE,日友,UNKNOWN,ordinary_stock,TWSE_T86+TPEX_DAILY_TRADE_HIS,8341,1524,1673,1297,1587,0,0,0,0,0,0,0,0,,1594,1711,1388,1625
2026-08-28,GOOD,0,0,0,0,0,0,0,823,804,894,879,0,0,-4000,26000,0,6050,5000,11000,,1073,1189,767,1066,0,857,1041,900,937,0,2,-9000,UNKNOWN,2026-08-28T08:30:26.820315+00:00,21000,-4000,-4950,0,6000,,1035,936,761,1003,False,TSE,建新國際,UNKNOWN,ordinary_stock,TWSE_T86+TPEX_DAILY_TRADE_HIS,8367,1525,1674,1298,1588,0,0,0,0,0,0,0,0,,1595,1712,1389,1626
2026-08-28,GOOD,0,0,0,0,0,0,0,1521,1494,1215,537,0,1,490709,-310269,-68635,-323077,55220,90220,,370,468,446,1401,0,1531,1474,1226,553,0,1,502342,UNKNOWN,2026-08-28T08:30:26.820315+00:00,-336640,-68507,-344118,50305,82851,,360,488,435,1385,False,TSE,羅昇,UNKNOWN,ordinary_stock,TWSE_T86+TPEX_DAILY_TRADE_HIS,8374,1526,1675,1299,1589,0,0,0,0,0,0,0,0,,1596,1713,1390,1627
2026-08-28,GOOD,0,0,0,0,0,0,0,294,334,416,322,8,0,-27849,615251,41000,589576,213373,293701,,1597,1629,1245,1616,0,297,336,422,325,8,0,-27849,UNKNOWN,2026-08-28T08:30:26.820315+00:00,629251,41000,564576,220373,300701,,1594,1626,1239,1613,False,TSE,百和興業-KY,UNKNOWN,ordinary_stock,TWSE_T86+TPEX_DAILY_TRADE_HIS,8404,1527,1676,1300,1590,0,0,0,0,0,0,0,0,,1597,1714,1391,1628
2026-08-28,GOOD,0,0,0,0,0,0,0,857,916,613,866,0,2,4000,20000,-1000,176000,3000,12000,,1037,1099,1048,1082,0,965,898,620,1099,0,2,-10000,UNKNOWN,2026-08-28T08:30:26.820315+00:00,8000,-1000,161000,-10000,-1000,,928,1104,1041,845,False,TSE,福貞-KY,UNKNOWN,ordinary_stock,TWSE_T86+TPEX_DAILY_TRADE_HIS,8411,1528,1677,1301,1591,0,0,0,0,0,0,0,0,,1598,1715,1392,1629
2026-08-28,GOOD,0,0,0,0,0,0,0,55,44,47,60,1,0,2688007,9118711,2348255,20894056,3546438,5903359,,1836,1918,1614,1878,0,42,50,45,58,1,0,-1287726,UNKNOWN,2026-08-28T08:30:26.820315+00:00,12792536,2100010,24761333,3386484,5752405,,1849,1912,1616,1880,False,TSE,可寧衛*,UNKNOWN,ordinary_stock,TWSE_T86+TPEX_DAILY_TRADE_HIS,8422,32,1678,55,185,0,0,-3680000,3682000,0,3658396,1000,1000,,1859,1716,1606,1773
2026-08-28,GOOD,0,0,0,0,0,0,0,464,399,751,371,7,0,223000,233000,24000,64319,193000,228000,,1427,1566,910,1567,0,461,399,802,377,7,0,226000,UNKNOWN,2026-08-28T08:30:26.820315+00:00,236000,24000,33319,195000,231000,,1430,1566,859,1561,False,TSE,金麗-KY,UNKNOWN,ordinary_stock,TWSE_T86+TPEX_DAILY_TRADE_HIS,8429,1529,1679,1302,1592,0,0,0,0,0,0,0,0,,1599,1717,1393,1630
2026-08-28,GOOD,0,0,0,0,0,0,0,1427,1330,1313,563,0,1,312152,-155980,-28024,-565881,68671,78086,,464,632,348,1375,0,1449,1316,1318,575,0,1,323860,UNKNOWN,2026-08-28T08:30:26.820315+00:00,-175200,-29021,-608198,61833,74330,,442,646,343,1363,False,TSE,昶昕,UNKNOWN,ordinary_stock,TWSE_T86+TPEX_DAILY_TRADE_HIS,8438,1530,1680,1303,1593,0,0,0,0,0,0,0,0,,1600,1718,1394,1631
2026-08-28,GOOD,0,0,0,0,0,0,0,1331,1240,1049,1551,0,4,-243000,-69000,-17000,-72000,-194000,-156000,,559,725,612,387,0,1403,1222,1088,1587,0,4,-296000,UNKNOWN,2026-08-28T08:30:26.820315+00:00,-124000,-17000,-120576,-248000,-210000,,488,743,573,351,False,TSE,威宏-KY,UNKNOWN,ordinary_stock,TWSE_T86+TPEX_DAILY_TRADE_HIS,8442,1531,1681,1365,1594,0,0,0,0,0,-1576,0,0,,1601,1719,296,1632
2026-08-28,GOOD,0,0,0,0,0,,0,875,618,,969,2,0,-8000,18000,3000,,4000,5000,,1021,1359,,975,0,863,611,,938,2,0,-8000,UNKNOWN,2026-08-28T08:30:26.820315+00:00,20000,3000,,5000,6000,,1029,1361,,1004,False,TSE,阿瘦,UNKNOWN,ordinary_stock,TWSE_T86+TPEX_DAILY_TRADE_HIS,8443,1532,1682,,1595,0,0,0,0,0,,0,0,,1602,1720,,1633
2026-08-28,GOOD,0,0,0,0,0,0,0,578,1480,651,1267,0,2,-143973,119961,-65233,138924,-88072,-12006,,1313,482,1010,671,0,592,1466,794,1297,0,2,-157867,UNKNOWN,2026-08-28T08:30:26.820315+00:00,117977,-65008,36920,-91413,-19945,,1299,496,867,641,False,TSE,富邦媒,UNKNOWN,ordinary_stock,TWSE_T86+TPEX_DAILY_TRADE_HIS,8454,1726,1683,1451,1714,0,0,17121,-17713,0,-18683,-115,-296,,165,1721,210,224
2026-08-28,GOOD,0,0,0,0,0,0,0,1208,1260,672,1412,0,1,-86937,-21825,-20155,124499,-8419,-54381,,683,702,989,526,0,1155,1244,643,1397,0,1,-96439,UNKNOWN,2026-08-28T08:30:26.820315+00:00,-12511,-20155,139564,-7513,-54475,,736,718,1018,541,False,TSE,柏文,UNKNOWN,ordinary_stock,TWSE_T86+TPEX_DAILY_TRADE_HIS,8462,1533,1684,1354,1596,0,0,0,0,0,-1000,0,0,,1603,1722,320,1634
2026-08-28,GOOD,0,0,0,0,0,0,0,1046,917,830,956,0,1,12000,0,-1000,27000,12000,6000,,850,1100,835,998,0,1063,899,862,914,0,1,16918,UNKNOWN,2026-08-28T08:30:26.820315+00:00,-1082,-1000,11918,13918,7918,,828,1105,799,1024,False,TSE,潤泰材,UNKNOWN,ordinary_stock,TWSE_T86+TPEX_DAILY_TRADE_HIS,8463,1534,1685,1304,1597,0,0,0,0,0,0,0,0,,1604,1723,1395,1635
2026-08-28,GOOD,0,0,0,0,0,0,0,373,1171,495,493,0,3,-150600,382414,-10099,357852,-20809,115907,,1518,791,1166,1445,0,345,1156,425,426,0,2,-102101,UNKNOWN,2026-08-28T08:30:26.820315+00:00,458683,-10889,561535,43351,178291,,1546,806,1236,1512,False,TSE,億豐,UNKNOWN,ordinary_stock,TWSE_T86+TPEX_DAILY_TRADE_HIS,8464,134,1686,145,90,0,0,46714,70714,0,222109,63000,58714,,1757,1724,1516,1848
2026-08-28,GOOD,0,0,0,0,0,0,0,941,530,981,782,1,0,30000,10000,7000,-36000,25000,20000,,954,1438,679,1159,0,953,530,986,776,1,0,31563,UNKNOWN,2026-08-28T08:30:26.820315+00:00,9563,6563,-48437,25563,20563,,938,1432,675,1162,False,TSE,美吉吉-KY,UNKNOWN,ordinary_stock,TWSE_T86+TPEX_DAILY_TRADE_HIS,8466,1535,1687,1305,1598,0,0,0,0,0,0,0,0,,1605,1725,1396,1636
2026-08-28,GOOD,0,0,0,0,0,0,0,1112,1234,834,1314,0,1,-34000,-6000,-16000,25999,-16000,-20000,,783,736,827,625,0,1119,1209,827,1293,0,1,-32001,UNKNOWN,2026-08-28T08:30:26.820315+00:00,-5999,-16000,21941,-15000,-19000,,772,756,834,645,False,TSE,波力-KY,UNKNOWN,ordinary_stock,TWSE_T86+TPEX_DAILY_TRADE_HIS,8467,1536,1688,1306,1599,0,0,0,0,0,0,0,0,,1606,1726,1397,1637
2026-08-28,GOOD,0,0,0,0,0,0,0,1343,1587,1188,1552,0,1,-233597,-79589,-122327,-252284,211016,-156593,,548,375,473,386,0,1318,1577,1205,1546,0,1,-242586,UNKNOWN,2026-08-28T08:30:26.820315+00:00,-60216,-121979,-308609,214280,-151401,,573,385,456,392,False,TSE,山林水,UNKNOWN,ordinary_stock,TWSE_T86+TPEX_DAILY_TRADE_HIS,8473,1537,1689,1307,1600,0,0,0,0,0,0,0,0,,1607,1727,1398,1638
2026-08-28,GOOD,0,0,0,0,0,0,0,292,353,438,370,3,0,-173585,636407,36000,514331,191000,231411,,1599,1611,1223,1568,0,296,353,444,376,3,0,-172585,UNKNOWN,2026-08-28T08:30:26.820315+00:00,635407,36000,490819,191000,231411,,1595,1609,1217,1562,False,TSE,台境*,UNKNOWN,ordinary_stock,TWSE_T86+TPEX_DAILY_TRADE_HIS,8476,1678,1690,1431,1744,0,0,0,-4000,0,-13000,-2000,-2000,,219,1728,231,207
2026-08-28,GOOD,0,0,0,0,0,0,0,751,839,1263,446,0,1,252626,42688,-298,-431829,152689,147657,,1140,1123,398,1492,0,1293,1368,1279,630,0,1,159854,UNKNOWN,2026-08-28T08:30:26.820315+00:00,-46938,-39497,-495456,62490,56458,,598,594,382,1308,False,TSE,東哥遊艇,UNKNOWN,ordinary_stock,TWSE_T86+TPEX_DAILY_TRADE_HIS,8478,1538,1691,1308,1601,0,0,0,0,0,0,0,0,,1608,1729,1399,1639
2026-08-27,STALE,0,0,0,0,0,,0,1075,984,,1217,0,1,-12000,-2000,-2000,,-3000,-7000,,828,1014,,724,1,1107,1072,,1235,0,1,-15000,UNKNOWN,2026-08-28T08:30:26.820315+00:00,-5000,-5000,,-5000,-10000,,787,902,,706,True,TSE,政伸,UNKNOWN,ordinary_stock,TWSE_T86+TPEX_DAILY_TRADE_HIS,8481,1539,1692,,1602,0,0,0,0,0,,0,0,,1609,1730,,1640
2026-08-28,GOOD,0,0,0,0,0,,0,1007,1028,,1085,0,1,-3000,3000,-3000,,2000,0,,889,967,,865,0,995,1010,,1023,0,1,-1000,UNKNOWN,2026-08-28T08:30:26.820315+00:00,5000,-3000,,3000,2000,,897,978,,921,False,TSE,商億-KY,UNKNOWN,ordinary_stock,TWSE_T86+TPEX_DAILY_TRADE_HIS,8482,1540,1693,,1603,0,0,0,0,0,,0,0,,1610,1731,,1641
2026-08-28,GOOD,0,0,0,0,0,0,0,1130,918,987,1028,0,1,13000,-9000,-1000,-38000,1000,2000,,761,1101,675,919,0,1086,697,955,1027,1,0,7157,UNKNOWN,2026-08-28T08:30:26.820315+00:00,-3177,1000,-32545,999,1990,,805,1274,706,911,False,TSE,愛爾達-創,UNKNOWN,ordinary_stock,TWSE_T86+TPEX_DAILY_TRADE_HIS,8487,1541,1694,1309,1604,0,0,0,0,0,0,0,0,,1611,1732,1400,1642
2026-08-28,GOOD,0,0,0,0,0,0,0,1195,805,857,1119,0,0,17000,-19000,0,17000,4000,-1000,,697,1190,805,830,0,1166,698,830,1024,3,0,18000,UNKNOWN,2026-08-28T08:30:26.820315+00:00,-14000,1000,21000,8000,2000,,728,1275,832,922,False,TSE,吉源-KY,UNKNOWN,ordinary_stock,TWSE_T86+TPEX_DAILY_TRADE_HIS,8488,1542,1695,1310,1605,0,0,0,0,0,0,0,0,,1612,1733,1401,1643
2026-08-28,GOOD,0,0,0,0,0,0,0,800,1391,736,826,0,1,1000,31000,-40000,74000,15000,16000,,1094,574,925,1119,0,797,1387,731,837,0,1,-2474,UNKNOWN,2026-08-28T08:30:26.820315+00:00,32078,-42831,66478,13420,14802,,1094,575,930,1101,False,TSE,鼎炫-KY,UNKNOWN,ordinary_stock,TWSE_T86+TPEX_DAILY_TRADE_HIS,8499,1543,1696,1311,1606,0,0,0,0,0,0,0,0,,1613,1734,1402,1644
2026-08-28,GOOD,0,0,0,0,0,0,0,1572,1792,1616,1638,0,1,-120360,-461416,-533969,-14001132,130102,-290888,,319,170,45,300,0,1566,1787,1621,1555,0,1,117840,UNKNOWN,2026-08-28T08:30:26.820315+00:00,-447410,-535279,-14160257,125914,-164785,,325,175,40,383,False,TSE,台汽電,UNKNOWN,ordinary_stock,TWSE_T86+TPEX_DAILY_TRADE_HIS,8926,1745,1697,1479,186,0,0,35000,-33000,0,-47296,1000,1000,,147,1735,182,1774
2026-08-28,GOOD,0,0,0,0,0,0,0,1196,1128,921,1052,0,1,21000,-19000,-7000,-3980,-4000,1000,,698,843,740,895,0,1213,1107,934,996,0,1,27000,UNKNOWN,2026-08-28T08:30:26.820315+00:00,-21000,-7000,-17980,-2000,3000,,679,860,727,946,False,TSE,新天地,UNKNOWN,ordinary_stock,TWSE_T86+TPEX_DAILY_TRADE_HIS,8940,1544,1698,1312,1607,0,0,0,0,0,0,0,0,,1614,1736,1403,1645
2026-08-28,GOOD,0,0,0,0,0,0,0,1829,1831,1614,1907,0,19,-3689543,-6381979,-716399,-13212219,-2994405,-5035761,,62,131,47,31,0,1795,1821,1566,1880,0,6,-3116166,UNKNOWN,2026-08-28T08:30:26.820315+00:00,-3444998,-677262,-5480322,-2431793,-3280582,,96,141,95,58,False,TSE,高力,UNKNOWN,ordinary_stock,TWSE_T86+TPEX_DAILY_TRADE_HIS,8996,46,57,28,31,19,0,315373,2582373,28000,7683043,376968,1448873,,1845,1905,1633,1907
2026-08-28,GOOD,0,0,0,0,0,0,0,280,1585,265,1734,0,1,-1901000,681000,-119000,1619000,122000,-610000,,1611,379,1396,204,0,288,1573,268,1730,0,1,-1902702,UNKNOWN,2026-08-28T08:30:26.820315+00:00,679184,-120400,1616262,120322,-611759,,1603,389,1393,208,False,TSE,美德醫療-DR,UNKNOWN,ordinary_stock,TWSE_T86+TPEX_DAILY_TRADE_HIS,9103,1545,1699,1313,1608,0,0,0,0,0,0,0,0,,1615,1737,1404,1646
2026-08-28,GOOD,0,0,0,0,0,0,0,1846,1850,85,97,0,1,14075500,-8791500,-862100,9503100,2283900,2642000,,45,112,1576,1841,0,1851,1865,99,127,0,1,13718715,UNKNOWN,2026-08-28T08:30:26.820315+00:00,-9891171,-1128544,8428289,1970652,1913772,,40,97,1562,1811,False,TSE,泰金寶-DR,UNKNOWN,ordinary_stock,TWSE_T86+TPEX_DAILY_TRADE_HIS,9105,1546,1700,1314,1609,0,0,0,0,0,0,0,0,,1616,1738,1405,1647
2026-08-26,STALE,0,0,0,0,0,,0,,,,,0,4,-32000,24000,-3000,,-6000,-4000,,,,,,2,,,,,0,4,-32000,UNKNOWN,2026-08-28T08:30:26.820315+00:00,24000,-3000,,-6000,-4000,,,,,,True,TSE,神州-DR,UNKNOWN,warrant,TWSE_T86+TPEX_DAILY_TRADE_HIS,910861,,,,,0,0,0,0,0,,0,0,,,,,
2026-08-28,GOOD,0,0,0,0,0,,0,,,,,0,1,-27000,33000,-1000,,6000,3000,,,,,,0,,,,,0,1,-27000,UNKNOWN,2026-08-28T08:30:26.820315+00:00,33000,-1000,,6000,3000,,,,,,False,TSE,同方友友-DR,UNKNOWN,warrant,TWSE_T86+TPEX_DAILY_TRADE_HIS,911868,,,,,0,0,0,0,0,,0,0,,,,,
2026-08-28,GOOD,0,0,0,0,0,0,0,,,,,12,0,66000,378000,21000,741000,155000,222000,,,,,,0,,,,,12,0,66000,UNKNOWN,2026-08-28T08:30:26.820315+00:00,378000,21000,741000,155000,222000,,,,,,False,TSE,晨訊科-DR,UNKNOWN,warrant,TWSE_T86+TPEX_DAILY_TRADE_HIS,912000,,,,,0,0,0,0,0,0,0,0,,,,,
2026-08-28,GOOD,0,0,0,0,0,0,0,300,349,398,654,2,0,-498000,596000,38000,687000,104000,49000,,1591,1613,1263,1287,0,307,345,402,654,2,0,-497255,UNKNOWN,2026-08-28T08:30:26.820315+00:00,596945,38000,687621,104845,49845,,1584,1617,1259,1284,False,TSE,巨騰-DR,UNKNOWN,ordinary_stock,TWSE_T86+TPEX_DAILY_TRADE_HIS,9136,1547,1701,1315,1610,0,0,0,0,0,0,0,0,,1617,1739,1406,1648
2026-08-28,GOOD,0,0,0,0,0,0,0,1402,1641,295,885,0,3,147618,-127074,-166500,1401952,-306199,10272,,489,321,1366,1053,0,603,1633,401,428,0,2,237710,UNKNOWN,2026-08-28T08:30:26.820315+00:00,110168,-165501,692527,-173200,173939,,1288,329,1260,1510,False,TSE,鈺齊-KY,UNKNOWN,ordinary_stock,TWSE_T86+TPEX_DAILY_TRADE_HIS,9802,1548,1702,1592,1611,0,0,0,0,0,-1038000,0,0,,1618,1740,69,1649
2026-08-28,GOOD,0,0,0,0,0,0,0,689,463,663,700,1,0,10000,60000,13000,131000,16000,35000,,1203,1500,998,1239,0,663,442,639,650,1,0,24448,UNKNOWN,2026-08-28T08:30:26.820315+00:00,77552,17000,142529,21000,51000,,1228,1521,1022,1288,False,TSE,台火,UNKNOWN,ordinary_stock,TWSE_T86+TPEX_DAILY_TRADE_HIS,9902,1549,1703,1316,1612,0,0,0,0,0,0,0,0,,1619,1741,1407,1650
2026-08-28,GOOD,0,0,0,0,0,0,0,1881,1958,1647,1935,0,3,-17840840,-32110244,-17552663,-47071034,-27567171,-24975542,,10,4,14,3,0,1882,1958,1647,1936,0,3,-18516858,UNKNOWN,2026-08-28T08:30:26.820315+00:00,-32765470,-17743923,-47064708,-28019701,-25641164,,9,4,14,2,False,TSE,寶成,UNKNOWN,ordinary_stock,TWSE_T86+TPEX_DAILY_TRADE_HIS,9904,1792,1918,103,1897,0,7,-878476,-210476,-111000,755315,-331713,-544476,,99,45,1558,41
2026-08-28,GOOD,0,0,0,0,0,0,0,440,452,499,551,3,0,-103082,271082,15000,351082,41000,84000,,1451,1518,1162,1388,0,444,422,512,573,1,0,-114437,UNKNOWN,2026-08-28T08:30:26.820315+00:00,265727,20000,329727,32645,75645,,1447,1540,1149,1365,False,TSE,大華,UNKNOWN,ordinary_stock,TWSE_T86+TPEX_DAILY_TRADE_HIS,9905,1550,1704,1317,1613,0,0,0,0,0,0,0,0,,1620,1742,1408,1651
2026-08-28,GOOD,0,0,0,0,0,0,0,538,985,555,565,0,1,2000,150000,-2000,251728,56000,76000,,1353,1015,1106,1373,0,553,964,567,576,0,1,11000,UNKNOWN,2026-08-28T08:30:26.820315+00:00,137000,-2000,238728,56000,74000,,1338,1024,1094,1362,False,TSE,欣巴巴,UNKNOWN,ordinary_stock,TWSE_T86+TPEX_DAILY_TRADE_HIS,9906,1551,1705,1318,1614,0,0,0,0,0,0,0,0,,1621,1743,1409,1652
2026-08-28,GOOD,0,0,0,0,0,0,0,56,1833,142,64,0,1,1102467,9062333,-740897,4977525,3862393,5082400,,1835,129,1519,1874,0,54,1825,220,63,0,1,1260685,UNKNOWN,2026-08-28T08:30:26.820315+00:00,9152391,-702897,2404311,3984531,5206538,,1837,137,1441,1875,False,TSE,統一實,UNKNOWN,ordinary_stock,TWSE_T86+TPEX_DAILY_TRADE_HIS,9907,1759,64,1617,1802,1,0,23138,-52862,10000,-2390227,-14862,-14862,,132,1900,44,136
2026-08-28,GOOD,0,0,0,0,0,0,0,764,1168,1303,1328,0,1,-86761,39803,-10000,-539701,-25479,-23479,,1127,801,358,610,0,690,1151,1302,1257,0,1,-88453,UNKNOWN,2026-08-28T08:30:26.820315+00:00,63239,-10128,-569118,-14607,-12607,,1201,811,359,681,False,TSE,大台北,UNKNOWN,ordinary_stock,TWSE_T86+TPEX_DAILY_TRADE_HIS,9908,1552,1706,1319,1615,0,0,0,0,0,0,0,0,,1622,1744,1410,1653
2026-08-28,GOOD,0,0,0,0,0,0,0,207,1422,160,1793,0,4,-3482434,1272228,-48793,3782111,-1392046,-1105103,,1684,540,1501,145,0,204,1410,163,1787,0,4,-3427813,UNKNOWN,2026-08-28T08:30:26.820315+00:00,1344095,-49046,4168735,-1370017,-1041859,,1687,552,1498,151,False,TSE,豐泰,UNKNOWN,ordinary_stock,TWSE_T86+TPEX_DAILY_TRADE_HIS,9910,96,1707,96,94,0,0,-339000,443000,0,911800,13000,52000,,1795,1745,1565,1844
2026-08-28,GOOD,0,0,0,0,0,0,0,428,1195,1337,1032,0,1,-282416,285332,-12000,-658849,7000,1458,,1463,777,324,906,0,466,1174,1344,1162,0,1,-243521,UNKNOWN,2026-08-28T08:30:26.820315+00:00,234227,-12000,-708556,8895,-4647,,1425,793,317,776,False,TSE,櫻花,UNKNOWN,ordinary_stock,TWSE_T86+TPEX_DAILY_TRADE_HIS,9911,1553,1708,219,1616,0,0,0,0,0,3000,0,0,,1623,1746,1442,1654
2026-08-28,GOOD,0,0,0,0,0,0,0,858,1324,876,804,0,1,16001,19999,-27000,11998,34000,18000,,1033,641,785,1143,0,860,1288,871,805,0,1,14853,UNKNOWN,2026-08-28T08:30:26.820315+00:00,20851,-25148,7850,33852,17852,,1031,674,790,1133,False,TSE,偉聯,UNKNOWN,ordinary_stock,TWSE_T86+TPEX_DAILY_TRADE_HIS,9912,1554,1709,1320,1617,0,0,0,0,0,0,0,0,,1624,1747,1411,1655
2026-08-28,GOOD,0,0,0,0,0,0,0,620,1838,176,1827,0,1,-3346228,95164,-772719,3243198,-1361400,-1625532,,1271,124,1485,111,0,283,1832,173,1841,0,3,-4265700,UNKNOWN,2026-08-28T08:30:26.820315+00:00,696654,-777010,3901690,-1422500,-1784523,,1608,130,1488,97,False,TSE,美利達,UNKNOWN,ordinary_stock,TWSE_T86+TPEX_DAILY_TRADE_HIS,9914,1670,1710,171,1618,0,0,3000,-3000,0,84676,0,0,,231,1748,1490,1656
2026-08-28,GOOD,0,0,0,0,0,0,0,228,1181,426,268,0,1,-278472,1099084,-11120,572381,314804,410306,,1663,781,1235,1670,0,223,306,418,253,4,0,-198303,UNKNOWN,2026-08-28T08:30:26.820315+00:00,1166797,58880,583817,398804,484247,,1668,1656,1243,1685,False,TSE,中保科,UNKNOWN,ordinary_stock,TWSE_T86+TPEX_DAILY_TRADE_HIS,9917,1658,1711,1386,134,0,0,12000,-2000,0,-3554,5000,5000,,246,1749,275,1805
2026-08-28,GOOD,0,0,0,0,0,,0,1058,806,,1148,0,0,-3000,-1000,0,,-1000,-2000,,833,1191,,801,0,1014,789,,1045,0,0,-1000,UNKNOWN,2026-08-28T08:30:26.820315+00:00,3000,0,,2000,1000,,880,1192,,894,False,TSE,欣天然,UNKNOWN,ordinary_stock,TWSE_T86+TPEX_DAILY_TRADE_HIS,9918,1555,1712,,1619,0,0,0,0,0,,0,0,,1625,1750,,1657
2026-08-28,GOOD,0,0,0,0,0,0,0,302,251,368,276,10,0,177000,593000,101000,830746,249000,385000,,1589,1711,1293,1662,0,298,237,388,280,10,0,202000,UNKNOWN,2026-08-28T08:30:26.820315+00:00,624000,124000,765746,277000,413000,,1593,1725,1273,1658,False,TSE,康那香,UNKNOWN,ordinary_stock,TWSE_T86+TPEX_DAILY_TRADE_HIS,9919,1556,1713,1321,1620,0,0,0,0,0,0,0,0,,1626,1751,1412,1658
2026-08-28,GOOD,0,0,0,0,0,0,0,124,1511,57,136,0,1,23223,3059443,-75163,16585820,851752,1541333,,1767,451,1604,1802,0,128,1562,59,169,0,1,-631287,UNKNOWN,2026-08-28T08:30:26.820315+00:00,3169347,-115060,16867539,638074,1269030,,1763,400,1602,1769,False,TSE,巨大,UNKNOWN,ordinary_stock,TWSE_T86+TPEX_DAILY_TRADE_HIS,9921,1671,1714,163,1621,0,0,3000,-3000,0,118276,0,0,,232,1752,1498,1659
2026-08-28,GOOD,0,0,0,0,0,0,0,336,1289,480,1308,0,1,-506704,470896,-23134,395857,-36734,-17904,,1555,673,1181,630,0,344,1278,481,1317,0,4,-517172,UNKNOWN,2026-08-28T08:30:26.820315+00:00,462428,-24134,390389,-46202,-27372,,1547,684,1180,621,False,TSE,福興,UNKNOWN,ordinary_stock,TWSE_T86+TPEX_DAILY_TRADE_HIS,9924,1557,1715,1322,1622,0,0,0,0,0,0,0,0,,1627,1753,1413,1660
2026-08-28,GOOD,0,0,0,0,0,0,0,1790,1740,1571,1829,0,4,-38658,-3309044,-314949,-5971043,-1444850,-1673851,,101,222,90,109,0,1789,1727,1572,1835,0,4,-104256,UNKNOWN,2026-08-28T08:30:26.820315+00:00,-3290782,-314949,-5989373,-1471020,-1697519,,102,235,89,103,False,TSE,新保,UNKNOWN,ordinary_stock,TWSE_T86+TPEX_DAILY_TRADE_HIS,9925,1558,1716,1323,1623,0,0,0,0,0,0,0,0,,1628,1754,1414,1661
2026-08-28,GOOD,0,0,0,0,0,0,0,1008,807,925,736,0,0,53000,3000,0,-4000,28000,28000,,890,1192,739,1205,0,987,790,912,727,0,0,54000,UNKNOWN,2026-08-28T08:30:26.820315+00:00,6000,0,-9000,30000,30000,,906,1193,751,1212,False,TSE,新海,UNKNOWN,ordinary_stock,TWSE_T86+TPEX_DAILY_TRADE_HIS,9926,1559,1717,1324,1624,0,0,0,0,0,0,0,0,,1629,1755,1415,1662
2026-08-28,GOOD,0,0,0,0,0,0,0,585,1029,661,625,0,1,-665,112665,-3000,131182,65000,56000,,1306,968,1000,1313,0,606,1011,619,660,0,1,-10263,UNKNOWN,2026-08-28T08:30:26.820315+00:00,107067,-3000,162584,57402,48402,,1285,979,1042,1278,False,TSE,泰銘,UNKNOWN,ordinary_stock,TWSE_T86+TPEX_DAILY_TRADE_HIS,9927,1560,1718,1325,1625,0,0,0,0,0,0,0,0,,1630,1756,1416,1663
2026-08-26,STALE,0,0,,,0,,0,,808,,1086,0,0,,,0,,0,0,,,1193,,866,2,,640,,1025,3,0,,UNKNOWN,2026-08-28T08:30:26.820315+00:00,,2000,,4000,2000,,,1332,,923,True,TSE,中視,UNKNOWN,ordinary_stock,TWSE_T86+TPEX_DAILY_TRADE_HIS,9928,,1719,,1626,0,0,,,0,,0,0,,,1757,,1664
2026-08-28,GOOD,0,0,0,0,0,,0,1119,1030,,987,0,1,15000,-7000,-3000,,2000,4000,,774,969,,962,0,1129,1012,,978,0,1,15000,UNKNOWN,2026-08-28T08:30:26.820315+00:00,-7000,-3000,,2000,4000,,763,980,,963,False,TSE,秋雨,UNKNOWN,ordinary_stock,TWSE_T86+TPEX_DAILY_TRADE_HIS,9929,1561,1720,,1627,0,0,0,0,0,,0,0,,1631,1758,,1665
2026-08-28,GOOD,0,0,0,0,0,0,0,806,1111,1222,1246,0,2,-47595,29595,-6000,-335036,-4000,-9000,,1085,869,439,699,0,741,1045,1233,1013,0,2,-42741,UNKNOWN,2026-08-28T08:30:26.820315+00:00,46903,-4076,-353006,4610,2081,,1150,917,428,925,False,TSE,中聯資源,UNKNOWN,ordinary_stock,TWSE_T86+TPEX_DAILY_TRADE_HIS,9930,208,1721,231,187,0,0,1000,1000,0,1000,1000,1000,,1693,1759,1432,1775
2026-08-28,GOOD,0,0,0,0,0,0,0,775,653,821,737,1,0,18000,38000,2000,29000,17000,28000,,1119,1329,841,1206,0,765,641,815,732,1,0,16059,UNKNOWN,2026-08-28T08:30:26.820315+00:00,41941,2000,26657,18000,29000,,1126,1333,846,1207,False,TSE,欣高,UNKNOWN,ordinary_stock,TWSE_T86+TPEX_DAILY_TRADE_HIS,9931,1562,1722,1326,1628,0,0,0,0,0,0,0,0,,1632,1760,1417,1666
2026-08-28,GOOD,0,0,0,0,0,0,0,1669,1909,90,1826,0,2,-2248405,-956875,-1922447,9204592,-1917334,-1602640,,222,53,1571,112,0,1657,1903,95,1827,0,2,-2343713,UNKNOWN,2026-08-28T08:30:26.820315+00:00,-829165,-1818447,8539362,-1856133,-1586439,,234,59,1566,111,False,TSE,中鼎,UNKNOWN,ordinary_stock,TWSE_T86+TPEX_DAILY_TRADE_HIS,9933,1697,1723,1465,188,0,0,9000,-7000,0,-25708,1000,1000,,196,1761,196,1776
2026-08-28,GOOD,0,0,0,0,0,0,0,1518,1527,279,1657,0,5,-362452,-302980,-82000,1489559,-129550,-332716,,373,435,1382,281,0,1408,1505,280,1663,0,5,-604452,UNKNOWN,2026-08-28T08:30:26.820315+00:00,-132980,-80000,1473559,-170550,-368716,,483,457,1381,275,False,TSE,成霖,UNKNOWN,ordinary_stock,TWSE_T86+TPEX_DAILY_TRADE_HIS,9934,1563,1724,1327,1629,0,0,0,0,0,0,0,0,,1633,1762,1418,1667
2026-08-28,GOOD,0,0,0,0,0,0,0,352,1488,341,435,0,1,-107326,424250,-67000,975732,62410,158462,,1539,475,1320,1503,0,370,1463,348,460,0,1,-127326,UNKNOWN,2026-08-28T08:30:26.820315+00:00,406250,-64000,938127,43410,139462,,1521,500,1313,1478,False,TSE,慶豐富,UNKNOWN,ordinary_stock,TWSE_T86+TPEX_DAILY_TRADE_HIS,9935,1564,1725,1404,1630,0,0,0,0,0,-5605,0,0,,1634,1763,257,1668
2026-08-28,GOOD,0,0,0,0,0,0,0,1131,1169,982,763,0,1,55000,-9000,-10000,-36000,17000,23000,,762,802,680,1177,0,1098,1150,1007,743,0,1,58000,UNKNOWN,2026-08-28T08:30:26.820315+00:00,-4000,-10000,-57000,20000,27000,,795,819,654,1195,False,TSE,全國,UNKNOWN,ordinary_stock,TWSE_T86+TPEX_DAILY_TRADE_HIS,9937,1565,1726,1328,1631,0,0,0,0,0,0,0,0,,1635,1764,1419,1669
2026-08-28,GOOD,0,0,0,0,0,0,0,494,1773,1413,994,0,2,-189682,196046,-415404,-1170329,-361778,3182,,1397,189,248,944,0,469,1765,1550,1213,0,2,-245362,UNKNOWN,2026-08-28T08:30:26.820315+00:00,228828,-415596,-4390452,-380746,-8267,,1422,197,111,725,False,TSE,百和,UNKNOWN,ordinary_stock,TWSE_T86+TPEX_DAILY_TRADE_HIS,9938,1743,75,1629,1774,1,0,21453,-32547,5000,-2920434,-5547,-5547,,148,1889,32,164
2026-08-28,GOOD,0,0,0,0,0,0,0,217,1118,129,1188,0,2,-1194812,1185912,-6771,5814622,-96848,-4450,,1674,844,1532,750,0,303,1702,147,1721,0,5,-1766548,UNKNOWN,2026-08-28T08:30:26.820315+00:00,606872,-261811,4946516,-455229,-579838,,1588,260,1514,217,False,TSE,宏全,UNKNOWN,ordinary_stock,TWSE_T86+TPEX_DAILY_TRADE_HIS,9939,1827,1929,1588,1905,0,3,-626441,-654441,-248000,-921738,-374441,-640441,,64,33,73,33
2026-08-28,GOOD,0,0,0,0,0,0,0,1550,1723,1294,1643,0,1,-206276,-393174,-279000,-505471,-276000,-299725,,341,239,367,295,0,1533,1709,1272,1635,0,3,-264139,UNKNOWN,2026-08-28T08:30:26.820315+00:00,-346535,-272677,-468019,-303158,-305337,,358,253,389,303,False,TSE,信義,UNKNOWN,ordinary_stock,TWSE_T86+TPEX_DAILY_TRADE_HIS,9940,1566,1727,1329,1632,0,0,0,0,0,0,0,0,,1636,1765,1420,1670
2026-08-28,GOOD,0,0,0,0,0,0,0,1275,1891,351,1773,0,1,-1675865,-40951,-1347067,906757,-1129408,-858408,,616,71,1310,165,0,218,1856,202,1146,0,1,-1198004,UNKNOWN,2026-08-28T08:30:26.820315+00:00,1191390,-1022927,2820971,-574528,-3307,,1673,106,1459,792,False,TSE,裕融,UNKNOWN,ordinary_stock,TWSE_T86+TPEX_DAILY_TRADE_HIS,9941,79,33,91,44,7,0,482872,778872,201000,1169562,437871,630872,,1812,1929,1570,1894
2026-08-28,GOOD,0,0,0,0,0,0,0,712,1253,1057,685,0,1,28065,51487,-19133,-77595,54776,39776,,1179,709,604,1253,0,1438,1236,1221,1452,0,8,4055,UNKNOWN,2026-08-28T08:30:26.820315+00:00,-164523,-19133,-323605,-65234,-80234,,453,726,440,486,False,TSE,茂順,UNKNOWN,ordinary_stock,TWSE_T86+TPEX_DAILY_TRADE_HIS,9942,1567,1728,1355,1633,0,0,0,0,0,-1000,0,0,,1637,1766,321,1671
2026-08-28,GOOD,0,0,0,0,0,0,0,846,809,1106,745,0,0,31007,22993,0,-121015,20000,27000,,1045,1194,555,1197,0,948,791,1112,733,0,0,48007,UNKNOWN,2026-08-28T08:30:26.820315+00:00,9993,0,-147015,22000,29000,,943,1194,549,1208,False,TSE,好樂迪,UNKNOWN,ordinary_stock,TWSE_T86+TPEX_DAILY_TRADE_HIS,9943,1568,1729,1330,1634,0,0,0,0,0,0,0,0,,1638,1767,1421,1672
2026-08-28,GOOD,0,0,0,0,0,0,0,1156,1059,952,1120,0,2,11000,-13000,-4000,-18980,-4000,-1000,,736,921,709,831,0,1066,1042,946,925,0,1,14502,UNKNOWN,2026-08-28T08:30:26.820315+00:00,-1498,-4000,-25478,3502,6502,,825,937,715,1013,False,TSE,新麗,UNKNOWN,ordinary_stock,TWSE_T86+TPEX_DAILY_TRADE_HIS,9944,1569,1730,1331,1635,0,0,0,0,0,0,0,0,,1639,1768,1422,1673
2026-08-28,GOOD,0,0,0,0,0,0,0,131,1940,74,1879,0,2,-9599686,2948160,-4215903,11443375,-5228653,-3325763,,1760,22,1587,59,0,1717,1946,112,1915,0,3,-13505906,UNKNOWN,2026-08-28T08:30:26.820315+00:00,-1343606,-5865785,7351643,-8104563,-7424756,,174,16,1549,23,False,TSE,潤泰新,UNKNOWN,ordinary_stock,TWSE_T86+TPEX_DAILY_TRADE_HIS,9945,1868,1955,1637,1928,0,1,-3971000,-3971000,-1672000,-3988024,-2782000,-3971000,,23,7,24,10
2026-08-28,GOOD,0,0,0,0,0,0,0,1585,1632,1144,1748,0,5,-836008,-509428,-151000,-174993,-533718,-672718,,306,331,517,190,0,1606,1617,1207,1755,0,5,-829016,UNKNOWN,2026-08-28T08:30:26.820315+00:00,-564436,-151000,-311001,-557726,-696726,,285,345,454,183,False,TSE,三發地產,UNKNOWN,ordinary_stock,TWSE_T86+TPEX_DAILY_TRADE_HIS,9946,1694,1731,1448,1763,0,0,0,-6000,0,-18000,-3000,-3000,,201,1769,214,187
2026-08-28,GOOD,0,0,0,0,0,0,0,1010,735,1195,1357,3,0,-67858,2142,932,-260678,214142,-32858,,881,1227,466,581,0,999,724,1187,1338,3,0,-67858,UNKNOWN,2026-08-28T08:30:26.820315+00:00,4142,932,-263678,214142,-31858,,892,1238,474,600,False,TSE,佳龍,UNKNOWN,ordinary_stock,TWSE_T86+TPEX_DAILY_TRADE_HIS,9955,1570,1732,1332,1636,0,0,0,0,0,0,0,0,,1640,1770,1423,1674
2026-08-28,GOOD,0,0,0,0,0,0,0,1825,1822,1580,1886,0,6,-1301910,-5977796,-663298,-6698945,-1607880,-3639853,,66,140,81,52,0,1832,1819,1583,1889,0,6,-1237817,UNKNOWN,2026-08-28T08:30:26.820315+00:00,-6226577,-668308,-7317053,-1574743,-3732197,,59,143,78,49,False,TSE,世紀鋼,UNKNOWN,ordinary_stock,TWSE_T86+TPEX_DAILY_TRADE_HIS,9958,1793,1733,1558,1870,0,0,-183000,-219000,0,-453436,0,-201000,,98,1771,103,68
2026-08-28,GOOD,3,0,2687000,3000,2000,,1345000,,,,,0,0,0,0,0,,0,0,,,,,,0,,,,,3,0,2687000,UNKNOWN,2026-08-28T08:30:26.820315+00:00,3000,2000,,949000,1345000,,,,,,False,OTC,元大上櫃ESG高息N,UNKNOWN,ETN,TWSE_T86+TPEX_DAILY_TRADE_HIS,020035,,,,,0,0,0,0,0,,0,0,,,,,
2026-08-27,STALE,0,0,257,31,0,,144,1132,711,,1053,2,0,11000,-9000,1000,,-5000,1000,,763,1273,,896,1,1139,699,,1037,2,0,11257,UNKNOWN,2026-08-28T08:30:26.820315+00:00,-8969,1000,,-4836,1144,,752,1276,,901,True,OTC,祺驊,UNKNOWN,ordinary_stock,TWSE_T86+TPEX_DAILY_TRADE_HIS,1593,1571,1734,,1637,0,0,0,0,0,,0,0,,1641,1772,,1675
2026-08-28,GOOD,1,0,2625,2609,620,,2617,931,919,,853,0,2,15000,11000,-1000,,9000,13000,,965,1102,,1092,0,915,827,,826,0,2,17625,UNKNOWN,2026-08-28T08:30:26.820315+00:00,13609,-380,,9617,15617,,976,1135,,1112,False,OTC,世鎧,UNKNOWN,ordinary_stock,TWSE_T86+TPEX_DAILY_TRADE_HIS,2063,1572,1735,,1638,0,0,0,0,0,,0,0,,1642,1773,,1676
2026-08-27,STALE,0,0,,,0,,0,,712,,1054,1,0,,,1000,,-1000,1000,,,1274,,897,1,,700,,1046,1,0,,UNKNOWN,2026-08-28T08:30:26.820315+00:00,,1000,,-1000,1000,,,1277,,895,True,OTC,謚源,UNKNOWN,ordinary_stock,TWSE_T86+TPEX_DAILY_TRADE_HIS,2235,,1736,,1639,0,0,,,0,,0,0,,,1774,,1677
2026-08-27,STALE,0,2,,,-25,,5,,810,,1087,0,0,,,0,,0,0,,,1195,,867,1,,807,,1065,0,2,,UNKNOWN,2026-08-28T08:30:26.820315+00:00,,-25,,488,5,,,1155,,873,True,OTC,藝舍-KY,UNKNOWN,ordinary_stock,TWSE_T86+TPEX_DAILY_TRADE_HIS,2724,,1737,,1640,0,0,,,0,,0,0,,,1775,,1678
2026-08-28,GOOD,0,1,-38,-48,-904,,-43,876,811,,805,0,0,18000,18000,0,,11000,18000,,1022,1196,,1144,0,879,838,,803,0,1,17962,UNKNOWN,2026-08-28T08:30:26.820315+00:00,17952,-904,,11005,17957,,1012,1125,,1135,False,OTC,六角,UNKNOWN,ordinary_stock,TWSE_T86+TPEX_DAILY_TRADE_HIS,2732,1573,1738,,1641,0,0,0,0,0,,0,0,,1643,1776,,1679
2026-08-28,GOOD,0,0,0,0,0,,0,942,654,,970,3,0,0,10000,2000,,7000,5000,,955,1330,,976,0,945,642,,960,3,0,0,UNKNOWN,2026-08-28T08:30:26.820315+00:00,10000,2000,,7000,5000,,948,1334,,991,False,OTC,誠品生活,UNKNOWN,ordinary_stock,TWSE_T86+TPEX_DAILY_TRADE_HIS,2926,1574,1739,,1642,0,0,0,0,0,,0,0,,1644,1777,,1680
2026-08-28,GOOD,0,0,16000,-18000,0,,-1000,1049,812,,1121,0,0,-1992,-8,0,,-3000,-1000,,842,1197,,832,0,1194,792,,1124,0,0,14008,UNKNOWN,2026-08-28T08:30:26.820315+00:00,-18008,0,,-3000,-2000,,697,1195,,818,False,OTC,集雅社,UNKNOWN,ordinary_stock,TWSE_T86+TPEX_DAILY_TRADE_HIS,2937,1575,1740,,1643,0,0,0,0,0,,0,0,,1645,1778,,1681
2026-08-27,STALE,0,0,4000,-4000,0,,0,977,713,,957,3,0,6800,5200,1000,,5000,6000,,914,1275,,999,1,1032,701,,939,3,0,10800,UNKNOWN,2026-08-28T08:30:26.820315+00:00,1200,1000,,5000,6000,,859,1278,,1005,True,OTC,振宇五金,UNKNOWN,ordinary_stock,TWSE_T86+TPEX_DAILY_TRADE_HIS,2947,1576,1741,,1644,0,0,0,0,0,,0,0,,1646,1779,,1682
2026-08-28,GOOD,0,0,-49,-545,0,,-297,1241,1351,,1168,0,3,24000,-30000,-32000,,-41000,-3000,,654,614,,782,0,1248,1334,,1145,0,3,23951,UNKNOWN,2026-08-28T08:30:26.820315+00:00,-30545,-32000,,-41000,-3297,,643,628,,793,False,OTC,鑫創,UNKNOWN,ordinary_stock,TWSE_T86+TPEX_DAILY_TRADE_HIS,3259,1577,1742,,1645,0,0,0,0,0,,0,0,,1647,1780,,1683
2026-08-28,GOOD,0,0,245,-245,0,,0,1314,295,,592,2,0,194214,-61590,64723,,2312,66312,,577,1667,,1346,0,1321,295,,600,2,0,194459,UNKNOWN,2026-08-28T08:30:26.820315+00:00,-61835,64723,,2312,66312,,570,1667,,1338,False,OTC,森寶,UNKNOWN,ordinary_stock,TWSE_T86+TPEX_DAILY_TRADE_HIS,3489,1578,1743,,1646,0,0,0,0,0,,0,0,,1648,1781,,1684
2026-08-18,STALE,0,1,,,-613,,-613,,813,,1234,0,0,,,0,,-3000,-8000,,,1198,,715,10,,831,,1217,0,5,,UNKNOWN,2026-08-28T08:30:26.820315+00:00,,-613,,-3613,-8613,,,1131,,721,True,OTC,淳紳,UNKNOWN,ordinary_stock,TWSE_T86+TPEX_DAILY_TRADE_HIS,4529,,1744,,1647,0,0,,,0,,0,0,,,1782,,1685
2026-08-28,GOOD,0,0,0,0,0,,0,1157,920,,1218,0,3,-1000,-13000,-1000,,-7000,-7000,,737,1103,,725,0,1157,900,,1197,0,3,-1000,UNKNOWN,2026-08-28T08:30:26.820315+00:00,-13000,-1000,,-7000,-7000,,735,1106,,740,False,OTC,大恭,UNKNOWN,ordinary_stock,TWSE_T86+TPEX_DAILY_TRADE_HIS,4706,1579,1745,,1648,0,0,0,0,0,,0,0,,1649,1783,,1686
2026-08-24,STALE,0,0,-73,-73,0,,-73,956,550,,971,1,0,2000,8000,6000,,7000,5000,,938,1428,,977,4,967,546,,963,1,0,1927,UNKNOWN,2026-08-28T08:30:26.820315+00:00,7927,6000,,6927,4927,,924,1422,,975,True,OTC,雙美,UNKNOWN,ordinary_stock,TWSE_T86+TPEX_DAILY_TRADE_HIS,4728,1580,1746,,1649,0,0,0,0,0,,0,0,,1650,1784,,1687
2026-08-28,GOOD,0,0,0,0,0,,0,1059,714,,1122,1,0,-1000,-1000,1000,,-4000,-1000,,834,1276,,833,0,1060,702,,1100,1,0,-1000,UNKNOWN,2026-08-28T08:30:26.820315+00:00,-1000,1000,,-4000,-1000,,832,1279,,846,False,OTC,誠泰科技,UNKNOWN,ordinary_stock,TWSE_T86+TPEX_DAILY_TRADE_HIS,4767,1581,1747,,1650,0,0,0,0,0,,0,0,,1651,1785,,1688
2026-08-28,GOOD,1,0,34,8,20,,21,1037,715,,1009,2,0,5000,1000,1000,,3000,3000,,866,1277,,939,0,1035,664,,988,2,0,5034,UNKNOWN,2026-08-28T08:30:26.820315+00:00,1008,1020,,3020,3021,,856,1298,,950,False,OTC,華祺,UNKNOWN,ordinary_stock,TWSE_T86+TPEX_DAILY_TRADE_HIS,5015,1582,1748,,1651,0,0,0,0,0,,0,0,,1652,1786,,1689
2026-08-28,GOOD,0,0,-106,-110,0,,-108,914,814,,1169,0,0,-19000,13000,0,,-2000,-3000,,979,1199,,783,0,921,793,,1142,0,0,-19106,UNKNOWN,2026-08-28T08:30:26.820315+00:00,12890,0,,-2000,-3108,,970,1196,,796,False,OTC,安力-KY,UNKNOWN,ordinary_stock,TWSE_T86+TPEX_DAILY_TRADE_HIS,5223,1583,1749,,1652,0,0,0,0,0,,0,0,,1653,1787,,1690
2026-08-28,GOOD,0,2,-1100,292,-48,,-404,943,815,,1029,0,0,-6000,10000,0,,3000,2000,,956,1200,,920,0,939,809,,1032,0,1,-7100,UNKNOWN,2026-08-28T08:30:26.820315+00:00,10292,-48,,2939,1596,,952,1153,,906,False,OTC,得利影,UNKNOWN,ordinary_stock,TWSE_T86+TPEX_DAILY_TRADE_HIS,6144,1584,1750,,1653,0,0,0,0,0,,0,0,,1654,1788,,1691
2026-08-28,GOOD,0,0,0,0,0,,0,1009,1241,,1055,0,1,-1000,3000,-17000,,-5000,1000,,891,726,,898,0,1015,1223,,1047,0,1,-1000,UNKNOWN,2026-08-28T08:30:26.820315+00:00,3000,-17000,,-5000,1000,,881,744,,896,False,OTC,大城地產,UNKNOWN,ordinary_stock,TWSE_T86+TPEX_DAILY_TRADE_HIS,6171,1585,1751,,1654,0,0,0,0,0,,0,0,,1655,1789,,1692
2026-08-28,GOOD,0,0,,,0,,0,,716,,1219,2,0,,,1000,,2000,-7000,,,1278,,726,0,,703,,1198,2,0,,UNKNOWN,2026-08-28T08:30:26.820315+00:00,,1000,,2000,-7000,,,1280,,741,False,OTC,瑞築,UNKNOWN,ordinary_stock,TWSE_T86+TPEX_DAILY_TRADE_HIS,6198,,1752,,1655,0,0,,,0,,0,0,,,1790,,1693
2026-08-28,GOOD,0,0,,,0,,0,,655,,1088,1,0,,,2000,,2000,0,,,1331,,868,0,,643,,1071,1,0,,UNKNOWN,2026-08-28T08:30:26.820315+00:00,,2000,,2000,0,,,1335,,869,False,OTC,理銘,UNKNOWN,ordinary_stock,TWSE_T86+TPEX_DAILY_TRADE_HIS,6212,,1753,,1656,0,0,,,0,,0,0,,,1791,,1694
2026-08-28,GOOD,0,0,-1269,213,0,,-528,1020,921,,924,0,1,14000,2000,-1000,,6000,8000,,878,1104,,1020,0,1019,901,,917,0,1,12731,UNKNOWN,2026-08-28T08:30:26.820315+00:00,2213,-1000,,5472,7472,,872,1107,,1021,False,OTC,立軒,UNKNOWN,ordinary_stock,TWSE_T86+TPEX_DAILY_TRADE_HIS,6222,1586,1754,,1657,0,0,0,0,0,,0,0,,1656,1792,,1695
2026-08-24,STALE,1,0,,,83,,61,,816,,1010,0,0,,,0,,4000,3000,,,1201,,940,4,,749,,986,3,0,,UNKNOWN,2026-08-28T08:30:26.820315+00:00,,83,,4193,3061,,,1213,,952,True,OTC,全譜,UNKNOWN,ordinary_stock,TWSE_T86+TPEX_DAILY_TRADE_HIS,6228,,1755,,1658,0,0,,,0,,0,0,,,1793,,1696
2026-08-28,GOOD,0,0,279,601,0,,440,732,717,,925,1,0,-30830,46830,1000,,6000,8000,,1159,1279,,1021,0,732,704,,905,1,0,-30551,UNKNOWN,2026-08-28T08:30:26.820315+00:00,47431,1000,,6500,8440,,1159,1281,,1033,False,OTC,奈米醫材,UNKNOWN,ordinary_stock,TWSE_T86+TPEX_DAILY_TRADE_HIS,6612,1587,1756,,1659,0,0,0,0,0,,0,0,,1657,1794,,1697
2026-08-28,GOOD,1,0,,,920,,138,,817,,1089,0,0,,,0,,0,0,,,1202,,869,0,,725,,1062,1,0,,UNKNOWN,2026-08-28T08:30:26.820315+00:00,,920,,155,138,,,1237,,876,False,OTC,特昇-KY,UNKNOWN,ordinary_stock,TWSE_T86+TPEX_DAILY_TRADE_HIS,6616,,1757,,1660,0,0,,,0,,0,0,,,1795,,1698
2026-08-28,GOOD,0,0,-995,995,0,,0,1138,986,,1185,0,4,2000,-10000,-2000,,-4000,-4000,,757,1016,,762,0,1142,965,,1155,0,4,1005,UNKNOWN,2026-08-28T08:30:26.820315+00:00,-9005,-2000,,-4000,-4000,,749,1025,,784,False,OTC,萬年清,UNKNOWN,ordinary_stock,TWSE_T86+TPEX_DAILY_TRADE_HIS,6624,1588,1758,,1661,0,0,0,0,0,,0,0,,1658,1796,,1699
2026-08-28,GOOD,0,0,,,0,,,,922,,,0,2,,,-1000,,-1000,,,,1105,,,0,,902,,,0,2,,UNKNOWN,2026-08-28T08:30:26.820315+00:00,,-1000,,-1000,,,,1108,,,False,OTC,樂斯科,UNKNOWN,ordinary_stock,TWSE_T86+TPEX_DAILY_TRADE_HIS,6662,,1759,,,0,0,,,0,,0,,,,1797,,
2026-08-28,GOOD,0,0,612,-580,0,,16,944,923,,1123,0,3,-12000,10000,-1000,,-3000,-1000,,957,1106,,834,0,954,903,,1088,0,3,-11388,UNKNOWN,2026-08-28T08:30:26.820315+00:00,9420,-1000,,-3000,-984,,937,1109,,850,False,OTC,進能服,UNKNOWN,ordinary_stock,TWSE_T86+TPEX_DAILY_TRADE_HIS,6692,1589,1760,,1662,0,0,0,0,0,,0,0,,1659,1798,,1700
2026-08-27,STALE,0,0,,,0,,0,,924,,1149,0,2,,,-1000,,-1000,-2000,,,1107,,802,1,,904,,1125,0,2,,UNKNOWN,2026-08-28T08:30:26.820315+00:00,,-1000,,-1000,-2000,,,1110,,819,True,OTC,信實,UNKNOWN,ordinary_stock,TWSE_T86+TPEX_DAILY_TRADE_HIS,6721,,1761,,1663,0,0,,,0,,0,0,,,1799,,1701
2026-08-28,GOOD,0,0,747,245,0,,496,1172,925,,1170,0,1,9000,-15000,-1000,,-2000,-3000,,722,1108,,784,0,1169,905,,1130,0,3,9747,UNKNOWN,2026-08-28T08:30:26.820315+00:00,-14755,-1000,,-2003,-2504,,722,1111,,808,False,OTC,進典,UNKNOWN,ordinary_stock,TWSE_T86+TPEX_DAILY_TRADE_HIS,6843,1590,1762,,1664,0,0,0,0,0,,0,0,,1660,1800,,1702
2026-08-28,GOOD,0,0,,,0,,0,,926,,1056,0,2,,,-1000,,-2000,1000,,,1109,,899,0,,906,,1048,0,2,,UNKNOWN,2026-08-28T08:30:26.820315+00:00,,-1000,,-2000,1000,,,1112,,897,False,OTC,全家餐飲,UNKNOWN,ordinary_stock,TWSE_T86+TPEX_DAILY_TRADE_HIS,7708,,1763,,1665,0,0,,,0,,0,0,,,1801,,1703
2026-08-24,STALE,0,0,0,0,0,,0,864,718,,835,3,0,11000,19000,1000,,16000,15000,,1032,1280,,1107,4,873,705,,835,3,0,11000,UNKNOWN,2026-08-28T08:30:26.820315+00:00,19000,1000,,16000,15000,,1022,1282,,1108,True,OTC,威力德生醫,UNKNOWN,ordinary_stock,TWSE_T86+TPEX_DAILY_TRADE_HIS,7713,1591,1764,,1666,0,0,0,0,0,,0,0,,1661,1802,,1704
2026-08-28,GOOD,0,0,-2000,-8000,0,,-5000,915,595,,909,1,0,5000,13000,4000,,-3000,9000,,980,1383,,1038,0,996,588,,979,1,0,3000,UNKNOWN,2026-08-28T08:30:26.820315+00:00,5000,4000,,-4000,4000,,898,1383,,964,False,OTC,達人網,UNKNOWN,ordinary_stock,TWSE_T86+TPEX_DAILY_TRADE_HIS,7839,1592,1765,,1667,0,0,0,0,0,,0,0,,1662,1803,,1705
2026-08-28,GOOD,0,0,180,-680,0,,-250,877,719,,1197,2,0,-28000,18000,1000,,2000,-5000,,1023,1281,,745,0,885,706,,1176,3,0,-27820,UNKNOWN,2026-08-28T08:30:26.820315+00:00,17320,1000,,2764,-5250,,1006,1283,,762,False,OTC,麗升能源,UNKNOWN,ordinary_stock,TWSE_T86+TPEX_DAILY_TRADE_HIS,8087,1593,1766,,1668,0,0,0,0,0,,0,0,,1663,1804,,1706
2026-08-28,GOOD,0,0,-6234,3244,0,,-1495,1124,720,,1150,1,0,4000,-8000,1000,,7000,-2000,,770,1282,,803,0,1100,707,,1148,1,0,-2234,UNKNOWN,2026-08-28T08:30:26.820315+00:00,-4756,1000,,7000,-3495,,791,1284,,790,False,OTC,保銳,UNKNOWN,ordinary_stock,TWSE_T86+TPEX_DAILY_TRADE_HIS,8093,1594,1767,,1669,0,0,0,0,0,,0,0,,1664,1805,,1707
2026-08-28,GOOD,0,1,,,-115,,-89,,818,,1124,0,0,,,0,,0,-1000,,,1203,,835,0,,815,,1108,0,1,,UNKNOWN,2026-08-28T08:30:26.820315+00:00,,-115,,-90,-1089,,,1147,,830,False,OTC,商之器,UNKNOWN,ordinary_stock,TWSE_T86+TPEX_DAILY_TRADE_HIS,8409,,1768,,1670,0,0,,,0,,0,0,,,1806,,1708
2026-08-28,GOOD,0,0,0,0,0,,0,,,,,2,0,1000,17000,2000,,4000,9000,,,,,,0,,,,,2,0,1000,UNKNOWN,2026-08-28T08:30:26.820315+00:00,17000,2000,,4000,9000,,,,,,False,TSE,兆豐國泰R2,UNKNOWN,warrant,TWSE_T86+TPEX_DAILY_TRADE_HIS,01007T,,,,,0,0,0,0,0,,0,0,,,,,
2026-08-21,STALE,0,0,,,0,,,,,,,0,3,,,-2000,,-4000,,,,,,,7,,,,,0,3,,UNKNOWN,2026-08-28T08:30:26.820315+00:00,,-2000,,-4000,,,,,,,True,TSE,王道圓滿R1,UNKNOWN,warrant,TWSE_T86+TPEX_DAILY_TRADE_HIS,01009T,,,,,0,0,,,0,,0,,,,,,
2026-08-28,GOOD,0,0,,,0,,0,,,,,8,0,,,3000,,9000,12000,,,,,,0,,,,,8,0,,UNKNOWN,2026-08-28T08:30:26.820315+00:00,,3000,,9000,12000,,,,,,False,TSE,富邦金丙特,UNKNOWN,warrant,TWSE_T86+TPEX_DAILY_TRADE_HIS,2881C,,,,,0,0,,,0,,0,0,,,,,
2026-08-28,GOOD,0,0,0,0,0,,0,,,,,0,1,-611495,757505,-5000,,41000,73005,,,,,,0,,,,,0,1,-611495,UNKNOWN,2026-08-28T08:30:26.820315+00:00,757505,-5000,,41000,73005,,,,,,False,TSE,康師傅-DR,UNKNOWN,warrant,TWSE_T86+TPEX_DAILY_TRADE_HIS,910322,,,,,0,0,0,0,0,,0,0,,,,,
2026-08-25,STALE,0,1,,,-100,,,,819,,,0,0,,,0,,-1000,,,,1204,,,3,,811,,,0,2,,UNKNOWN,2026-08-28T08:30:26.820315+00:00,,-100,,-1099,,,,1150,,,True,OTC,全域,UNKNOWN,ordinary_stock,TWSE_T86+TPEX_DAILY_TRADE_HIS,3067,,1769,,,0,0,,,0,,0,,,,1807,,
2026-08-28,GOOD,0,1,11506,-1258,-155,,5124,1332,1479,,1455,0,1,-79000,-69000,-65000,,-51000,-74000,,560,485,,486,0,1334,1469,,1431,0,1,-67494,UNKNOWN,2026-08-28T08:30:26.820315+00:00,-70258,-65155,,-50795,-68876,,557,493,,507,False,OTC,長盛,UNKNOWN,ordinary_stock,TWSE_T86+TPEX_DAILY_TRADE_HIS,3492,1595,1770,,1671,0,0,0,0,0,,0,0,,1665,1808,,1709
2026-08-19,STALE,1,0,,,56,,,,820,,,0,0,,,0,,6000,,,,1205,,,9,,752,,,2,0,,UNKNOWN,2026-08-28T08:30:26.820315+00:00,,56,,5503,,,,1210,,,True,OTC,浩泰,UNKNOWN,ordinary_stock,TWSE_T86+TPEX_DAILY_TRADE_HIS,4131,,1771,,,0,0,,,0,,0,,,,1809,,
2026-08-27,STALE,1,0,,,9,,68,,821,,1125,0,0,,,0,,-2000,-1000,,,1206,,836,1,,755,,1086,2,0,,UNKNOWN,2026-08-28T08:30:26.820315+00:00,,9,,-1991,-932,,,1207,,852,True,OTC,樂威科-KY,UNKNOWN,ordinary_stock,TWSE_T86+TPEX_DAILY_TRADE_HIS,4154,,1772,,1672,0,0,,,0,,0,0,,,1810,,1710
2026-08-26,STALE,0,0,,,0,,2000,,721,,1126,1,0,,,1000,,4000,-1000,,,1283,,837,2,,708,,1049,1,0,,UNKNOWN,2026-08-28T08:30:26.820315+00:00,,1000,,6000,1000,,,1285,,898,True,OTC,世坤,UNKNOWN,ordinary_stock,TWSE_T86+TPEX_DAILY_TRADE_HIS,4305,,1773,,1673,0,0,,,0,,0,0,,,1811,,1711
2026-08-28,GOOD,1,0,-247,447,100,,100,964,927,,1057,0,2,-5000,7000,-1000,,-2000,1000,,930,1110,,900,0,971,836,,1038,0,2,-5247,UNKNOWN,2026-08-28T08:30:26.820315+00:00,7447,-900,,-1900,1100,,920,1126,,900,False,OTC,飛寶企業,UNKNOWN,ordinary_stock,TWSE_T86+TPEX_DAILY_TRADE_HIS,4413,1596,1774,,1674,0,0,0,0,0,,0,0,,1666,1812,,1712
2026-08-28,GOOD,0,0,-221,307,0,,43,1120,987,,1198,0,3,-3000,-7000,-2000,,-6000,-5000,,775,1017,,746,0,1127,966,,1166,0,3,-3221,UNKNOWN,2026-08-28T08:30:26.820315+00:00,-6693,-2000,,-5967,-4957,,764,1026,,772,False,OTC,健信,UNKNOWN,ordinary_stock,TWSE_T86+TPEX_DAILY_TRADE_HIS,4502,1597,1775,,1675,0,0,0,0,0,,0,0,,1667,1813,,1713
2026-08-28,GOOD,0,0,0,0,0,,0,985,1087,,988,0,1,3000,5000,-5000,,6000,4000,,911,894,,963,0,997,1073,,980,0,1,3000,UNKNOWN,2026-08-28T08:30:26.820315+00:00,5000,-5000,,6000,4000,,899,903,,965,False,OTC,天意能創,UNKNOWN,ordinary_stock,TWSE_T86+TPEX_DAILY_TRADE_HIS,4530,1598,1776,,1676,0,0,0,0,0,,0,0,,1668,1814,,1714
2026-08-27,STALE,0,0,,,0,,-85,,928,,1090,0,1,,,-1000,,0,0,,,1111,,870,1,,907,,1078,0,1,,UNKNOWN,2026-08-28T08:30:26.820315+00:00,,-1000,,41,-85,,,1113,,860,True,OTC,天剛,UNKNOWN,ordinary_stock,TWSE_T86+TPEX_DAILY_TRADE_HIS,5310,,1777,,1677,0,0,,,0,,0,0,,,1815,,1715
2026-08-28,GOOD,0,0,,,0,,0,,722,,989,1,0,,,1000,,5000,4000,,,1284,,964,0,,709,,981,1,0,,UNKNOWN,2026-08-28T08:30:26.820315+00:00,,1000,,5000,4000,,,1286,,966,False,OTC,力泰,UNKNOWN,ordinary_stock,TWSE_T86+TPEX_DAILY_TRADE_HIS,5520,,1778,,1678,0,0,,,0,,0,0,,,1816,,1716
2026-08-28,GOOD,1,0,99,91,30,,95,974,723,,880,4,0,16000,6000,1000,,11000,11000,,922,1285,,1067,0,983,662,,870,4,0,16099,UNKNOWN,2026-08-28T08:30:26.820315+00:00,6091,1030,,11007,11095,,908,1300,,1068,False,OTC,桓鼎-KY,UNKNOWN,ordinary_stock,TWSE_T86+TPEX_DAILY_TRADE_HIS,5543,1599,1779,,1679,0,0,0,0,0,,0,0,,1669,1817,,1717
2026-08-28,GOOD,0,0,0,0,0,,0,1375,724,,1235,1,0,89000,-105000,1000,,-1000,-8000,,516,1286,,716,0,1381,710,,1211,1,0,89000,UNKNOWN,2026-08-28T08:30:26.820315+00:00,-105000,1000,,-1000,-8000,,510,1287,,730,False,OTC,公勝保經,UNKNOWN,ordinary_stock,TWSE_T86+TPEX_DAILY_TRADE_HIS,6028,1600,1780,,1680,0,0,0,0,0,,0,0,,1670,1818,,1718
2026-08-21,STALE,0,0,,,0,,0,,822,,1091,0,0,,,0,,0,0,,,1207,,871,7,,794,,1072,0,0,,UNKNOWN,2026-08-28T08:30:26.820315+00:00,,0,,0,0,,,1197,,870,True,OTC,科懋,UNKNOWN,ordinary_stock,TWSE_T86+TPEX_DAILY_TRADE_HIS,6496,,1781,,1681,0,0,,,0,,0,0,,,1819,,1719
2026-08-27,STALE,2,0,212,302,435,,257,1047,823,,1092,0,0,0,0,0,,0,0,,851,1208,,872,1,1046,738,,1060,2,0,212,UNKNOWN,2026-08-28T08:30:26.820315+00:00,302,435,,575,257,,845,1224,,878,True,OTC,啟發電,UNKNOWN,ordinary_stock,TWSE_T86+TPEX_DAILY_TRADE_HIS,6512,1601,1782,,1682,0,0,0,0,0,,0,0,,1671,1820,,1720
2026-08-28,GOOD,0,0,,,0,,0,,725,,1186,2,0,,,1000,,-4000,-4000,,,1287,,763,0,,711,,1156,2,0,,UNKNOWN,2026-08-28T08:30:26.820315+00:00,,1000,,-4000,-4000,,,1288,,785,False,OTC,普鴻,UNKNOWN,ordinary_stock,TWSE_T86+TPEX_DAILY_TRADE_HIS,6590,,1783,,1683,0,0,,,0,,0,0,,,1821,,1721
2026-08-24,STALE,0,0,,,0,,-1,,824,,1093,0,0,,,0,,0,0,,,1209,,873,4,,795,,1074,0,0,,UNKNOWN,2026-08-28T08:30:26.820315+00:00,,0,,0,-1,,,1198,,864,True,OTC,鑫創電子,UNKNOWN,ordinary_stock,TWSE_T86+TPEX_DAILY_TRADE_HIS,6680,,1784,,1684,0,0,,,0,,0,0,,,1822,,1722
2026-08-28,GOOD,0,0,0,0,0,,0,945,1031,,1127,0,2,-12000,10000,-3000,,-7000,-1000,,958,970,,838,0,946,1013,,1101,0,2,-12000,UNKNOWN,2026-08-28T08:30:26.820315+00:00,10000,-3000,,-7000,-1000,,949,981,,847,False,OTC,天擎,UNKNOWN,ordinary_stock,TWSE_T86+TPEX_DAILY_TRADE_HIS,6708,1602,1785,,1685,0,0,0,0,0,,0,0,,1672,1823,,1723
2026-08-24,STALE,0,0,,,0,,0,,929,,1061,0,1,,,-1000,,50,50,,,1112,,877,4,,908,,1064,0,1,,UNKNOWN,2026-08-28T08:30:26.820315+00:00,,-1000,,50,50,,,1114,,874,True,OTC,綠茵,UNKNOWN,ordinary_stock,TWSE_T86+TPEX_DAILY_TRADE_HIS,6846,,1786,,1686,0,0,,,0,,0,0,,,1824,,1724
2026-08-24,STALE,0,0,,,0,,6000,,825,,990,0,0,,,0,,0,4000,,,1210,,965,4,,796,,887,0,0,,UNKNOWN,2026-08-28T08:30:26.820315+00:00,,0,,6000,10000,,,1199,,1058,True,OTC,潤德,UNKNOWN,ordinary_stock,TWSE_T86+TPEX_DAILY_TRADE_HIS,6881,,1787,,1687,0,0,,,0,,0,0,,,1825,,1725
2026-08-27,STALE,0,0,,,0,,0,,726,,1128,1,0,,,1000,,0,-1000,,,1288,,839,1,,712,,1102,1,0,,UNKNOWN,2026-08-28T08:30:26.820315+00:00,,1000,,0,-1000,,,1289,,848,True,OTC,海柏特,UNKNOWN,ordinary_stock,TWSE_T86+TPEX_DAILY_TRADE_HIS,6884,,1788,,1688,0,0,,,0,,0,0,,,1826,,1726
2026-08-28,GOOD,0,0,,,0,,-200000,,835,,1171,0,1,,,-100,,-1100,-3100,,,1127,,767,0,,812,,1580,0,7,,UNKNOWN,2026-08-28T08:30:26.820315+00:00,,-100,,-201100,-203100,,,1151,,358,False,OTC,昕奇雲端,UNKNOWN,ordinary_stock,TWSE_T86+TPEX_DAILY_TRADE_HIS,7747,,1789,,1689,0,0,,,0,,0,0,,,1827,,1727
2026-08-24,STALE,0,0,,,0,,,,988,,,0,1,,,-2000,,,,,,1018,,,4,,967,,,0,1,,UNKNOWN,2026-08-28T08:30:26.820315+00:00,,-2000,,,,,,1027,,,True,OTC,實威,UNKNOWN,ordinary_stock,TWSE_T86+TPEX_DAILY_TRADE_HIS,8416,,1790,,,0,0,,,0,,,,,,1828,,
2026-08-25,STALE,0,0,0,0,0,,0,1021,826,,1094,0,0,-2000,2000,0,,0,0,,879,1211,,874,3,1026,797,,1073,0,0,-2000,UNKNOWN,2026-08-28T08:30:26.820315+00:00,2000,0,,0,0,,868,1200,,871,True,OTC,保綠-KY,UNKNOWN,ordinary_stock,TWSE_T86+TPEX_DAILY_TRADE_HIS,8423,1603,1791,,1690,0,0,0,0,0,,0,0,,1673,1829,,1728
2026-08-21,STALE,0,0,,,0,,0,,619,,1058,2,0,,,3000,,3000,1000,,,1360,,901,7,,612,,1050,2,0,,UNKNOWN,2026-08-28T08:30:26.820315+00:00,,3000,,3000,1000,,,1362,,899,True,OTC,大拓-KY,UNKNOWN,ordinary_stock,TWSE_T86+TPEX_DAILY_TRADE_HIS,8455,,1792,,1691,0,0,,,0,,0,0,,,1830,,1729
2026-08-25,STALE,0,0,,,0,,0,,,,,0,2,,,-3000,,-2000,5000,,,,,,3,,,,,0,2,,UNKNOWN,2026-08-28T08:30:26.820315+00:00,,-3000,,-2000,5000,,,,,,True,TSE,土銀國泰R1,UNKNOWN,warrant,TWSE_T86+TPEX_DAILY_TRADE_HIS,01002T,,,,,0,0,,,0,,0,0,,,,,
2026-08-05,STALE,0,0,,,0,,,,,,,0,0,,,0,,,,,,,,,23,,,,,1,0,,UNKNOWN,2026-08-28T08:30:26.820315+00:00,,30000,,,,,,,,,True,TSE,統一微波高息20N,UNKNOWN,ETN,TWSE_T86+TPEX_DAILY_TRADE_HIS,020011,,,,,0,0,,,0,,,,,,,,
2026-08-28,GOOD,0,0,0,0,0,,0,,,,,0,0,0,0,0,,0,0,,,,,,0,,,,,0,1,-2000,UNKNOWN,2026-08-28T08:30:26.820315+00:00,6000,-5000,,1000,2000,,,,,,False,TSE,元大金融高股息N,UNKNOWN,ETN,TWSE_T86+TPEX_DAILY_TRADE_HIS,020037,,,,,0,0,0,0,0,,0,0,,,,,
2026-08-28,GOOD,0,0,,,0,,0,,656,,608,4,0,,,2000,,49000,61000,,,1332,,1330,0,,644,,759,4,0,,UNKNOWN,2026-08-28T08:30:26.820315+00:00,,2000,,49000,24000,,,1336,,1178,False,TSE,天瀚,UNKNOWN,ordinary_stock,TWSE_T86+TPEX_DAILY_TRADE_HIS,6225,,1793,,1692,0,0,,,0,,0,0,,,1831,,1730
2026-08-28,GOOD,0,0,0,0,0,,0,,,,,0,5,-8000,-16000,-5000,,-9000,-12000,,,,,,0,,,,,0,5,-8000,UNKNOWN,2026-08-28T08:30:26.820315+00:00,-16000,-5000,,-9000,-12000,,,,,,False,TSE,明輝-DR,UNKNOWN,warrant,TWSE_T86+TPEX_DAILY_TRADE_HIS,911608,,,,,0,0,0,0,0,,0,0,,,,,
2026-08-28,GOOD,2,0,,,3000,,,,,,,0,0,,,0,,,,,,,,,0,,,,,2,0,,UNKNOWN,2026-08-28T08:30:26.820315+00:00,,3000,,,,,,,,,False,OTC,富邦存股雙十N,UNKNOWN,ETN,TWSE_T86+TPEX_DAILY_TRADE_HIS,020001,,,,,0,0,,,0,,,,,,,,
2026-08-28,GOOD,2,0,1237000,5000,4000,,621000,,,,,0,0,0,0,0,,0,0,,,,,,0,,,,,2,0,1237000,UNKNOWN,2026-08-28T08:30:26.820315+00:00,5000,4000,,14000,621000,,,,,,False,OTC,元大上櫃ESG龍頭N,UNKNOWN,ETN,TWSE_T86+TPEX_DAILY_TRADE_HIS,020040,,,,,0,0,0,0,0,,0,0,,,,,
2026-08-28,GOOD,0,0,,,0,,0,,620,,1011,1,0,,,3000,,2000,3000,,,1361,,941,0,,613,,997,1,0,,UNKNOWN,2026-08-28T08:30:26.820315+00:00,,3000,,2000,3000,,,1363,,947,False,OTC,王座,UNKNOWN,ordinary_stock,TWSE_T86+TPEX_DAILY_TRADE_HIS,2751,,1794,,1693,0,0,,,0,,0,0,,,1832,,1731
2026-08-28,GOOD,0,0,,,0,,0,,621,,1014,1,0,,,3000,,3999,2998,,,1362,,924,0,,614,,1000,1,0,,UNKNOWN,2026-08-28T08:30:26.820315+00:00,,3000,,3999,2998,,,1364,,938,False,OTC,富榮綱,UNKNOWN,ordinary_stock,TWSE_T86+TPEX_DAILY_TRADE_HIS,3115,,1795,,1694,0,0,,,0,,0,0,,,1833,,1732
2026-08-28,GOOD,0,0,,,0,,-822,,989,,1187,0,3,,,-2000,,-4000,-4000,,,1019,,764,0,,968,,1163,0,3,,UNKNOWN,2026-08-28T08:30:26.820315+00:00,,-2000,,-4000,-4822,,,1028,,775,False,OTC,幸康,UNKNOWN,ordinary_stock,TWSE_T86+TPEX_DAILY_TRADE_HIS,3332,,1796,,1695,0,0,,,0,,0,0,,,1834,,1733
2026-08-27,STALE,0,0,,,0,,-7000,,827,,1095,0,0,,,0,,0,0,,,1212,,875,1,,798,,1199,0,0,,UNKNOWN,2026-08-28T08:30:26.820315+00:00,,0,,0,-7000,,,1201,,742,True,OTC,先益,UNKNOWN,ordinary_stock,TWSE_T86+TPEX_DAILY_TRADE_HIS,3531,,1797,,1696,0,0,,,0,,0,0,,,1835,,1734
2026-08-27,STALE,0,0,0,0,0,,0,957,657,,898,5,0,12000,8000,2000,,7000,10000,,939,1333,,1049,1,966,645,,888,5,0,12000,UNKNOWN,2026-08-28T08:30:26.820315+00:00,8000,2000,,7000,10000,,929,1337,,1059,True,OTC,科際精密,UNKNOWN,ordinary_stock,TWSE_T86+TPEX_DAILY_TRADE_HIS,4568,1604,1798,,1697,0,0,0,0,0,,0,0,,1674,1836,,1735
2026-08-25,STALE,0,0,,,0,,,,930,,,0,1,,,-1000,,5000,,,,1113,,,3,,909,,,0,1,,UNKNOWN,2026-08-28T08:30:26.820315+00:00,,-1000,,5000,,,,1115,,,True,OTC,台聯櫃,UNKNOWN,ordinary_stock,TWSE_T86+TPEX_DAILY_TRADE_HIS,5601,,1799,,,0,0,,,0,,0,,,,1837,,
2026-08-27,STALE,0,0,0,0,0,,0,1113,828,,1012,0,0,12000,-6000,0,,1000,3000,,784,1213,,942,1,1122,799,,998,0,0,12000,UNKNOWN,2026-08-28T08:30:26.820315+00:00,-6000,0,,1000,3000,,771,1202,,948,True,OTC,中連,UNKNOWN,ordinary_stock,TWSE_T86+TPEX_DAILY_TRADE_HIS,5604,1605,1800,,1698,0,0,0,0,0,,0,0,,1675,1838,,1736
2026-08-28,GOOD,0,0,,,0,,0,,1088,,1129,0,1,,,-5000,,-3000,-1000,,,895,,840,0,,1074,,1103,0,1,,UNKNOWN,2026-08-28T08:30:26.820315+00:00,,-5000,,-3000,-1000,,,904,,849,False,OTC,合邦,UNKNOWN,ordinary_stock,TWSE_T86+TPEX_DAILY_TRADE_HIS,6103,,1801,,1699,0,0,,,0,,0,0,,,1839,,1737
2026-08-26,STALE,0,0,,,0,,,,727,,,1,0,,,1000,,-4000,,,,1289,,,2,,713,,,1,0,,UNKNOWN,2026-08-28T08:30:26.820315+00:00,,1000,,-4000,,,,1290,,,True,OTC,昱臺國際,UNKNOWN,ordinary_stock,TWSE_T86+TPEX_DAILY_TRADE_HIS,7716,,1802,,,0,0,,,0,,0,,,,1840,,
2026-08-28,GOOD,0,0,1000,-1000,0,,0,1060,931,,1199,0,1,-9000,-1000,-1000,,-2000,-5000,,835,1114,,747,0,1074,910,,1172,0,1,-8000,UNKNOWN,2026-08-28T08:30:26.820315+00:00,-2000,-1000,,-2000,-5000,,820,1116,,770,False,OTC,傑霖科技,UNKNOWN,ordinary_stock,TWSE_T86+TPEX_DAILY_TRADE_HIS,8102,1606,1803,,1700,0,0,0,0,0,,0,0,,1676,1841,,1738
2026-08-28,GOOD,0,0,0,0,0,,0,1183,1060,,1277,0,5,-12000,-16000,-4000,,-11000,-14000,,716,922,,666,0,1178,1043,,1267,0,5,-12000,UNKNOWN,2026-08-28T08:30:26.820315+00:00,-16000,-4000,,-11000,-14000,,714,938,,673,False,OTC,尚茂,UNKNOWN,ordinary_stock,TWSE_T86+TPEX_DAILY_TRADE_HIS,8291,1607,1804,,1701,0,0,0,0,0,,0,0,,1677,1842,,1739
2026-08-28,GOOD,0,0,,,0,,0,,728,,1013,3,0,,,1000,,3000,3000,,,1290,,943,0,,714,,999,3,0,,UNKNOWN,2026-08-28T08:30:26.820315+00:00,,1000,,3000,3000,,,1291,,949,False,OTC,益張,UNKNOWN,ordinary_stock,TWSE_T86+TPEX_DAILY_TRADE_HIS,8342,,1805,,1702,0,0,,,0,,0,0,,,1843,,1740
2026-08-14,STALE,0,0,,,0,,,,,,,0,0,,,0,,0,,,,,,,14,,,,,0,0,,UNKNOWN,2026-08-28T08:30:26.820315+00:00,,0,,0,,,,,,,True,TSE,富邦上証+R,UNKNOWN,ETF,TWSE_T86+TPEX_DAILY_TRADE_HIS,00625K,,,,,0,0,,,0,,0,,,,,,
2026-08-19,STALE,0,0,,,0,,0,,,,,0,0,,,0,,0,0,,,,,,9,,,,,0,0,,UNKNOWN,2026-08-28T08:30:26.820315+00:00,,0,,0,0,,,,,,True,TSE,群益深証中小+R,UNKNOWN,ETF,TWSE_T86+TPEX_DAILY_TRADE_HIS,00643K,,,,,0,0,,,0,,0,0,,,,,
2026-08-18,STALE,0,0,,,0,,,,831,,,0,2,,,-1,,,,,,1130,,,10,,802,,,0,2,,UNKNOWN,2026-08-28T08:30:26.820315+00:00,,-1,,,,,,1159,,,True,OTC,研勤,UNKNOWN,ordinary_stock,TWSE_T86+TPEX_DAILY_TRADE_HIS,3632,,1806,,,0,0,,,0,,,,,,1844,,
2026-08-28,GOOD,0,0,0,0,0,,0,910,658,,934,1,0,0,14000,2000,,2000,7000,,988,1334,,1012,0,910,646,,921,1,0,0,UNKNOWN,2026-08-28T08:30:26.820315+00:00,14000,2000,,2000,7000,,985,1338,,1019,False,OTC,馬光-KY,UNKNOWN,ordinary_stock,TWSE_T86+TPEX_DAILY_TRADE_HIS,4139,1608,1807,,1703,0,0,0,0,0,,0,0,,1678,1845,,1741
2026-08-28,GOOD,0,0,,,0,,0,,729,,910,8,0,,,1000,,6000,9000,,,1291,,1039,0,,715,,898,8,0,,UNKNOWN,2026-08-28T08:30:26.820315+00:00,,1000,,6000,9000,,,1292,,1042,False,OTC,凌網,UNKNOWN,ordinary_stock,TWSE_T86+TPEX_DAILY_TRADE_HIS,5212,,1808,,1704,0,0,,,0,,0,0,,,1846,,1742
2026-08-28,GOOD,0,0,0,0,0,,0,658,829,,647,0,0,28399,72399,0,,38399,50399,,1233,1214,,1291,0,660,800,,631,0,0,33399,UNKNOWN,2026-08-28T08:30:26.820315+00:00,79399,0,,38399,56399,,1231,1203,,1307,False,TSE,虹光,UNKNOWN,ordinary_stock,TWSE_T86+TPEX_DAILY_TRADE_HIS,2380,1609,1809,,1705,0,0,0,0,0,,0,0,,1679,1847,,1743
2026-08-24,STALE,0,0,,,0,,0,,730,,958,1,0,,,1000,,2000,6000,,,1292,,1000,4,,716,,940,1,0,,UNKNOWN,2026-08-28T08:30:26.820315+00:00,,1000,,2000,6000,,,1293,,1006,True,OTC,皇家美食,UNKNOWN,ordinary_stock,TWSE_T86+TPEX_DAILY_TRADE_HIS,4419,,1810,,1706,0,0,,,0,,0,0,,,1848,,1744
2026-08-28,GOOD,0,4,401274,-508092,-5366,,-53409,1866,1886,,1896,0,4,5897066,-14306962,-1290498,,-4551161,-4204948,,25,76,,42,0,1868,1880,,1905,0,4,6008340,UNKNOWN,2026-08-28T08:30:26.820315+00:00,-15919054,-1295864,,-4596200,-4955357,,23,82,,33,False,OTC,寶雅*,UNKNOWN,ordinary_stock,TWSE_T86+TPEX_DAILY_TRADE_HIS,5904,1840,1811,,1907,0,0,-290000,-1104000,0,,-4000,-697000,,51,1849,,31
2026-08-14,STALE,0,0,,,0,,,,932,,,0,1,,,-1000,,3000,,,,1115,,,14,,911,,,0,1,,UNKNOWN,2026-08-28T08:30:26.820315+00:00,,-1000,,3000,,,,1117,,,True,OTC,立康,UNKNOWN,ordinary_stock,TWSE_T86+TPEX_DAILY_TRADE_HIS,6242,,1812,,,0,0,,,0,,0,,,,1850,,
2026-08-26,STALE,1,0,,,3000,,0,,731,,972,2,0,,,1000,,5000,5000,,,1293,,978,2,,589,,961,2,0,,UNKNOWN,2026-08-28T08:30:26.820315+00:00,,4000,,5000,5000,,,1384,,992,True,OTC,欣泰,UNKNOWN,ordinary_stock,TWSE_T86+TPEX_DAILY_TRADE_HIS,8917,,1813,,1707,0,0,,,0,,0,0,,,1851,,1745
2026-08-28,GOOD,0,0,0,0,0,,0,434,316,,562,2,0,-115802,273410,51800,,100804,78804,,1457,1646,,1376,0,442,314,,568,2,0,-110496,UNKNOWN,2026-08-28T08:30:26.820315+00:00,268104,51800,,100804,78804,,1449,1648,,1370,False,TSE,華德動能-創,UNKNOWN,ordinary_stock,TWSE_T86+TPEX_DAILY_TRADE_HIS,2237,1610,1814,,1708,0,0,0,0,0,,0,0,,1680,1852,,1746
2026-08-25,STALE,0,0,,,0,,,,,,,0,0,,,0,,0,,,,,,,3,,,,,0,3,,UNKNOWN,2026-08-28T08:30:26.820315+00:00,,-5000,,-20000,,,,,,,True,TSE,海悅甲特,UNKNOWN,warrant,TWSE_T86+TPEX_DAILY_TRADE_HIS,2348A,,,,,0,0,,,0,,0,,,,,,
2026-08-28,GOOD,0,0,,,0,,,,732,,,1,0,,,1000,,-1000,,,,1294,,,0,,717,,,1,0,,UNKNOWN,2026-08-28T08:30:26.820315+00:00,,1000,,-1000,,,,1294,,,False,OTC,洛碁,UNKNOWN,ordinary_stock,TWSE_T86+TPEX_DAILY_TRADE_HIS,8077,,1815,,,0,0,,,0,,0,,,,1853,,
2026-08-28,GOOD,0,0,0,0,0,,0,570,830,,759,0,0,-78000,126000,0,,49000,24000,,1322,1215,,1181,0,586,801,,760,0,0,-74616,UNKNOWN,2026-08-28T08:30:26.820315+00:00,122616,0,,49000,24000,,1305,1204,,1179,False,TSE,和運租車,UNKNOWN,ordinary_stock,TWSE_T86+TPEX_DAILY_TRADE_HIS,7855,1611,1816,,1709,0,0,0,0,0,,0,0,,1681,1854,,1747
2026-08-28,GOOD,0,0,,,0,,,,933,,,0,1,,,-1000,,2000,,,,1116,,,0,,912,,,0,1,,UNKNOWN,2026-08-28T08:30:26.820315+00:00,,-1000,,2000,,,,1118,,,False,OTC,台名,UNKNOWN,ordinary_stock,TWSE_T86+TPEX_DAILY_TRADE_HIS,5878,,1817,,,0,0,,,0,,0,,,,1855,,
2026-08-27,STALE,0,0,,,0,,0,,934,,1151,0,3,,,-1000,,-3000,-2000,,,1117,,804,1,,913,,1126,0,3,,UNKNOWN,2026-08-28T08:30:26.820315+00:00,,-1000,,-3000,-2000,,,1119,,820,True,OTC,佑全,UNKNOWN,ordinary_stock,TWSE_T86+TPEX_DAILY_TRADE_HIS,6929,,1818,,1710,0,0,,,0,,0,0,,,1856,,1748
2026-08-28,GOOD,0,0,,,0,,0,,,,,0,0,,,0,,0,0,,,,,,0,,,,,5,0,,UNKNOWN,2026-08-28T08:30:26.820315+00:00,,20000,,36000,46000,,,,,,False,TSE,元大綠能N,UNKNOWN,ETN,TWSE_T86+TPEX_DAILY_TRADE_HIS,020032,,,,,0,0,,,0,,0,0,,,,,
2026-08-12,STALE,0,0,,,0,,,,742,,,1,0,,,111,,,,,,1220,,,16,,746,,,1,0,,UNKNOWN,2026-08-28T08:30:26.820315+00:00,,111,,,,,,1216,,,True,TSE,康控-KY,UNKNOWN,ordinary_stock,TWSE_T86+TPEX_DAILY_TRADE_HIS,4943,,1819,,,0,0,,,0,,,,,,1857,,
2026-08-13,STALE,0,0,,,0,,,,659,,,1,0,,,2000,,,,,,1335,,,15,,647,,,1,0,,UNKNOWN,2026-08-28T08:30:26.820315+00:00,,2000,,,,,,1339,,,True,OTC,綠河-KY,UNKNOWN,ordinary_stock,TWSE_T86+TPEX_DAILY_TRADE_HIS,8444,,1820,,,0,0,,,0,,,,,,1858,,
2026-08-24,STALE,0,0,,,0,,,,935,,,0,1,,,-1000,,1000,,,,1118,,,4,,914,,,0,1,,UNKNOWN,2026-08-28T08:30:26.820315+00:00,,-1000,,1000,,,,1120,,,True,OTC,鑫傳,UNKNOWN,ordinary_stock,TWSE_T86+TPEX_DAILY_TRADE_HIS,6856,,1821,,,0,0,,,0,,0,,,,1859,,
2026-08-26,STALE,0,0,,,0,,,,,,,0,0,,,0,,0,,,,,,,2,,,,,0,2,,UNKNOWN,2026-08-28T08:30:26.820315+00:00,,-1000,,1000,,,,,,,True,TSE,元大金融配息N,UNKNOWN,ETN,TWSE_T86+TPEX_DAILY_TRADE_HIS,020036,,,,,0,0,,,0,,0,,,,,,
2026-08-24,STALE,0,0,,,0,,,,936,,,0,2,,,-1000,,-1000,,,,1119,,,4,,915,,,0,2,,UNKNOWN,2026-08-28T08:30:26.820315+00:00,,-1000,,-1000,,,,1121,,,True,TSE,大飲,UNKNOWN,ordinary_stock,TWSE_T86+TPEX_DAILY_TRADE_HIS,1213,,1822,,,0,0,,,0,,0,,,,1860,,
2026-08-17,STALE,0,0,,,0,,,,,,,0,1,,,-2000,,,,,,,,,11,,,,,0,1,,UNKNOWN,2026-08-28T08:30:26.820315+00:00,,-2000,,,,,,,,,True,TSE,高雄銀甲特,UNKNOWN,warrant,TWSE_T86+TPEX_DAILY_TRADE_HIS,2836A,,,,,0,0,,,0,,,,,,,,
2026-08-17,STALE,0,0,,,0,,,,,,,0,1,,,-2000,,,,,,,,,11,,,,,0,1,,UNKNOWN,2026-08-28T08:30:26.820315+00:00,,-2000,,,,,,,,,True,TSE,日盛台駿甲特,UNKNOWN,warrant,TWSE_T86+TPEX_DAILY_TRADE_HIS,6958A,,,,,0,0,,,0,,,,,,,,
2026-08-21,STALE,0,0,,,0,,,,622,,,2,0,,,2992,,4990,,,,1340,,,7,,615,,,2,0,,UNKNOWN,2026-08-28T08:30:26.820315+00:00,,2992,,4990,,,,1347,,,True,OTC,立誠,UNKNOWN,ordinary_stock,TWSE_T86+TPEX_DAILY_TRADE_HIS,6597,,1823,,,0,0,,,0,,0,,,,1861,,
2026-08-18,STALE,0,0,,,0,,,,,,,0,0,,,0,,,,,,,,,10,,,,,0,1,,UNKNOWN,2026-08-28T08:30:26.820315+00:00,,-1000,,,,,,,,,True,TSE,富邦行動通訊N,UNKNOWN,ETN,TWSE_T86+TPEX_DAILY_TRADE_HIS,020012,,,,,0,0,,,0,,,,,,,,
2026-08-27,STALE,0,0,,,0,,,,,,,0,1,,,-1000,,6000,,,,,,,1,,,,,0,1,,UNKNOWN,2026-08-28T08:30:26.820315+00:00,,-1000,,6000,,,,,,,True,TSE,中租-KY甲特,UNKNOWN,warrant,TWSE_T86+TPEX_DAILY_TRADE_HIS,5871A,,,,,0,0,,,0,,0,,,,,,
2026-08-24,STALE,0,0,,,0,,,,733,,,1,0,,,1000,,,,,,1295,,,4,,718,,,1,0,,UNKNOWN,2026-08-28T08:30:26.820315+00:00,,1000,,,,,,1295,,,True,OTC,伯鑫,UNKNOWN,ordinary_stock,TWSE_T86+TPEX_DAILY_TRADE_HIS,6904,,1824,,,0,0,,,0,,,,,,1862,,
2026-08-21,STALE,0,0,,,0,,,,,,,2,0,,,2000,,,,,,,,,7,,,,,2,0,,UNKNOWN,2026-08-28T08:30:26.820315+00:00,,2000,,,,,,,,,True,TSE,堤維西甲特,UNKNOWN,warrant,TWSE_T86+TPEX_DAILY_TRADE_HIS,1522A,,,,,0,0,,,0,,,,,,,,
2026-08-24,STALE,0,0,,,0,,,,838,,,0,1,,,-150,,,,,,1124,,,4,,817,,,0,1,,UNKNOWN,2026-08-28T08:30:26.820315+00:00,,-150,,,,,,1145,,,True,TSE,華冠,UNKNOWN,ordinary_stock,TWSE_T86+TPEX_DAILY_TRADE_HIS,8101,,1825,,,0,0,,,0,,,,,,1863,,
2026-08-21,STALE,0,0,,,0,,,,832,,,0,1,,,-1,,,,,,1131,,,7,,803,,,0,1,,UNKNOWN,2026-08-28T08:30:26.820315+00:00,,-1,,,,,,1160,,,True,OTC,桂田文創,UNKNOWN,ordinary_stock,TWSE_T86+TPEX_DAILY_TRADE_HIS,4806,,1826,,,0,0,,,0,,,,,,1864,,
2026-08-26,STALE,0,0,,,0,,,,937,,,0,1,,,-1000,,0,,,,1120,,,2,,916,,,0,1,,UNKNOWN,2026-08-28T08:30:26.820315+00:00,,-1000,,1000,,,,1122,,,True,OTC,民盛,UNKNOWN,ordinary_stock,TWSE_T86+TPEX_DAILY_TRADE_HIS,7811,,1827,,,0,0,,,0,,0,,,,1865,,
2026-08-28,GOOD,0,0,,,0,,0,,,,,5,0,,,183200,,540305,595305,,,,,,0,,,,,0,5,,UNKNOWN,2026-08-28T08:30:26.820315+00:00,,-13319469,,-20330463,-81046127,,,,,,False,TSE,大華韓國KOSPI50,UNKNOWN,warrant,TWSE_T86+TPEX_DAILY_TRADE_HIS,009829,,,,,0,0,,,0,,0,0,,,,,
2026-08-24,STALE,0,0,,,0,,,,660,,,1,0,,,2000,,,,,,1336,,,4,,648,,,1,0,,UNKNOWN,2026-08-28T08:30:26.820315+00:00,,2000,,,,,,1340,,,True,OTC,欣新網,UNKNOWN,ordinary_stock,TWSE_T86+TPEX_DAILY_TRADE_HIS,2949,,1828,,,0,0,,,0,,,,,,1866,,
2026-08-28,GOOD,0,3,,,-2529391,,,,,,,1,0,,,171000,,-1301000,,,,,,,0,,,,,0,3,,UNKNOWN,2026-08-28T08:30:26.820315+00:00,,-2358391,,-19442669,,,,,,,False,OTC,主動統一前沿科技,UNKNOWN,ETF,TWSE_T86+TPEX_DAILY_TRADE_HIS,00411A,,,,,0,0,,,0,,0,,,,,,
2026-08-28,GOOD,3,0,,,867938,,,,,,,0,0,,,0,,0,,,,,,,0,,,,,3,0,,UNKNOWN,2026-08-28T08:30:26.820315+00:00,,867938,,42833278,,,,,,,False,OTC,主動統一美債量化,UNKNOWN,ETF,TWSE_T86+TPEX_DAILY_TRADE_HIS,00987D,,,,,0,0,,,0,,0,,,,,,
2026-08-27,STALE,0,0,,,0,,,,,,,0,2,,,-3000,,,,,,,,,1,,,,,0,2,,UNKNOWN,2026-08-28T08:30:26.820315+00:00,,-3000,,,,,,,,,True,TSE,國喬特,UNKNOWN,warrant,TWSE_T86+TPEX_DAILY_TRADE_HIS,1312A,,,,,0,0,,,0,,,,,,,,
2026-08-26,STALE,0,0,,,0,,,,,,,1,0,,,2000,,,,,,,,,2,,,,,1,0,,UNKNOWN,2026-08-28T08:30:26.820315+00:00,,2000,,,,,,,,,True,TSE,和潤企業乙特,UNKNOWN,warrant,TWSE_T86+TPEX_DAILY_TRADE_HIS,6592B,,,,,0,0,,,0,,,,,,,,
