stock_id,stock_name,market,security_type,as_of,price,change_pct,trade_value,trade_volume,sector,scanner_score,scanner_rank,source,data_quality,stale
3016,嘉晶,TSE,COMMONSTOCK,2026-09-29T10:00:10+08:00,173.0,8.13,7735028000.0,46375.0,24,98.840796,1,FUGLE_MARKETDATA_V1,GOOD,False
6533,晶心科,TSE,COMMONSTOCK,2026-09-29T10:00:10+08:00,303.5,9.96,2991345500.0,10420.0,24,98.355721,2,FUGLE_MARKETDATA_V1,GOOD,False
8028,昇陽半導體,TSE,COMMONSTOCK,2026-09-29T10:00:10+08:00,291.5,8.36,3303082000.0,11711.0,24,97.835821,3,FUGLE_MARKETDATA_V1,GOOD,False
4958,臻鼎-KY,TSE,COMMONSTOCK,2026-09-29T10:00:10+08:00,498.0,4.73,11042614500.0,22674.0,28,97.798507,4,FUGLE_MARKETDATA_V1,GOOD,False
6456,GIS-KY,TSE,COMMONSTOCK,2026-09-29T10:00:10+08:00,89.4,9.96,1541881800.0,17424.0,26,97.534826,5,FUGLE_MARKETDATA_V1,GOOD,False
6505,台塑化,TSE,COMMONSTOCK,2026-09-29T10:00:10+08:00,95.0,8.94,1927139800.0,20539.0,23,97.492537,6,FUGLE_MARKETDATA_V1,GOOD,False
2484,希華,TSE,COMMONSTOCK,2026-09-29T10:00:10+08:00,78.2,7.42,1530983300.0,19965.0,28,96.626866,7,FUGLE_MARKETDATA_V1,GOOD,False
3042,晶技,TSE,COMMONSTOCK,2026-09-29T10:00:10+08:00,210.0,3.45,4545999500.0,21332.0,28,96.064677,8,FUGLE_MARKETDATA_V1,GOOD,False
8996,高力,TSE,COMMONSTOCK,2026-09-29T10:00:10+08:00,1585.0,3.59,4039655000.0,2599.0,05,95.982587,9,FUGLE_MARKETDATA_V1,GOOD,False
6414,樺漢,TSE,COMMONSTOCK,2026-09-29T10:00:10+08:00,407.0,8.82,960570000.0,2412.0,25,95.915423,10,FUGLE_MARKETDATA_V1,GOOD,False
3665,貿聯-KY,TSE,COMMONSTOCK,2026-09-29T10:00:10+08:00,2415.0,3.21,4862350000.0,1998.0,31,95.845771,11,FUGLE_MARKETDATA_V1,GOOD,False
2409,友達,TSE,COMMONSTOCK,2026-09-29T10:00:10+08:00,35.05,2.49,10019406150.0,286450.0,26,94.960199,12,FUGLE_MARKETDATA_V1,GOOD,False
3094,聯傑,TSE,COMMONSTOCK,2026-09-29T10:00:10+08:00,59.7,9.94,541129000.0,9339.0,24,94.840796,13,FUGLE_MARKETDATA_V1,GOOD,False
2342,茂矽,TSE,COMMONSTOCK,2026-09-29T10:00:10+08:00,50.6,4.98,994167800.0,19400.0,24,94.731343,14,FUGLE_MARKETDATA_V1,GOOD,False
6446,藥華藥,TSE,COMMONSTOCK,2026-09-29T10:00:10+08:00,1195.0,3.46,1545995000.0,1307.0,22,94.686567,15,FUGLE_MARKETDATA_V1,GOOD,False
3717,聯嘉投控,TSE,COMMONSTOCK,2026-09-29T10:00:10+08:00,27.85,9.86,440012350.0,16066.0,12,94.21393,16,FUGLE_MARKETDATA_V1,GOOD,False
1303,南亞,TSE,COMMONSTOCK,2026-09-29T10:00:10+08:00,243.0,2.1,7130296000.0,29532.0,03,93.572139,17,FUGLE_MARKETDATA_V1,GOOD,False
2395,研華,TSE,COMMONSTOCK,2026-09-29T10:00:10+08:00,744.0,3.05,1274095000.0,1728.0,25,93.450249,18,FUGLE_MARKETDATA_V1,GOOD,False
6166,凌華,TSE,COMMONSTOCK,2026-09-29T10:00:10+08:00,140.0,6.06,427979500.0,3094.0,25,93.119403,19,FUGLE_MARKETDATA_V1,GOOD,False
2426,鼎元,TSE,COMMONSTOCK,2026-09-29T10:00:10+08:00,99.6,2.79,1272143600.0,12860.0,26,93.029851,20,FUGLE_MARKETDATA_V1,GOOD,False
3035,智原,TSE,COMMONSTOCK,2026-09-29T10:00:10+08:00,213.5,3.39,762698000.0,3608.0,24,92.825871,21,FUGLE_MARKETDATA_V1,GOOD,False
3605,宏致,TSE,COMMONSTOCK,2026-09-29T10:00:10+08:00,188.5,2.72,1190191000.0,6433.0,28,92.579602,22,FUGLE_MARKETDATA_V1,GOOD,False
3450,聯鈞,TSE,COMMONSTOCK,2026-09-29T10:00:10+08:00,526.0,2.53,1288670000.0,2459.0,24,92.5199,23,FUGLE_MARKETDATA_V1,GOOD,False
3563,牧德,TSE,COMMONSTOCK,2026-09-29T10:00:10+08:00,791.0,2.86,875864000.0,1103.0,26,92.467662,24,FUGLE_MARKETDATA_V1,GOOD,False
1709,和益,TSE,COMMONSTOCK,2026-09-29T10:00:10+08:00,44.85,3.1,636087550.0,14388.0,21,92.211443,25,FUGLE_MARKETDATA_V1,GOOD,False
3518,柏騰,TSE,COMMONSTOCK,2026-09-29T10:00:10+08:00,37.4,10.0,193457300.0,5193.0,31,92.151741,26,FUGLE_MARKETDATA_V1,GOOD,False
6155,鈞寶,TSE,COMMONSTOCK,2026-09-29T10:00:10+08:00,64.0,6.31,290914100.0,4602.0,28,92.114428,27,FUGLE_MARKETDATA_V1,GOOD,False
1326,台化,TSE,COMMONSTOCK,2026-09-29T10:00:10+08:00,68.6,2.39,1060611500.0,15302.0,03,91.676617,28,FUGLE_MARKETDATA_V1,GOOD,False
3543,州巧,TSE,COMMONSTOCK,2026-09-29T10:00:10+08:00,50.2,9.85,178374400.0,3617.0,26,91.651741,29,FUGLE_MARKETDATA_V1,GOOD,False
2340,台亞,TSE,COMMONSTOCK,2026-09-29T10:00:10+08:00,37.3,7.96,211119200.0,5795.0,24,91.626866,30,FUGLE_MARKETDATA_V1,GOOD,False
2379,瑞昱,TSE,COMMONSTOCK,2026-09-29T10:00:10+08:00,766.0,2.27,1225990000.0,1637.0,24,91.562189,31,FUGLE_MARKETDATA_V1,GOOD,False
2399,映泰,TSE,COMMONSTOCK,2026-09-29T10:00:10+08:00,49.7,5.07,286137950.0,5826.0,25,91.537313,32,FUGLE_MARKETDATA_V1,GOOD,False
4906,正文,TSE,COMMONSTOCK,2026-09-29T10:00:10+08:00,40.05,6.37,232927100.0,5876.0,27,91.517413,33,FUGLE_MARKETDATA_V1,GOOD,False
3673,TPK-KY,TSE,COMMONSTOCK,2026-09-29T10:00:10+08:00,68.7,4.73,311375400.0,4592.0,26,91.450249,34,FUGLE_MARKETDATA_V1,GOOD,False
6706,惠特,TSE,COMMONSTOCK,2026-09-29T10:00:10+08:00,150.0,4.9,260148500.0,1761.0,26,91.084577,35,FUGLE_MARKETDATA_V1,GOOD,False
2030,彰源,TSE,COMMONSTOCK,2026-09-29T10:00:10+08:00,33.4,9.87,150700800.0,4512.0,10,90.920398,36,FUGLE_MARKETDATA_V1,GOOD,False
2305,全友,TSE,COMMONSTOCK,2026-09-29T10:00:10+08:00,66.1,6.2,179390200.0,2809.0,25,90.865672,37,FUGLE_MARKETDATA_V1,GOOD,False
3055,蔚華科,TSE,COMMONSTOCK,2026-09-29T10:00:10+08:00,204.0,2.51,620985000.0,3116.0,29,90.860697,38,FUGLE_MARKETDATA_V1,GOOD,False
2034,允強,TSE,COMMONSTOCK,2026-09-29T10:00:10+08:00,23.8,4.39,263741950.0,11037.0,10,90.825871,39,FUGLE_MARKETDATA_V1,GOOD,False
2032,新鋼,TSE,COMMONSTOCK,2026-09-29T10:00:10+08:00,19.85,7.01,172599900.0,8630.0,10,90.781095,40,FUGLE_MARKETDATA_V1,GOOD,False
8039,台虹,TSE,COMMONSTOCK,2026-09-29T10:00:10+08:00,264.5,2.32,623587500.0,2395.0,28,90.497512,41,FUGLE_MARKETDATA_V1,GOOD,False
6944,兆聯實業,TSE,COMMONSTOCK,2026-09-29T10:00:10+08:00,788.0,3.68,264839000.0,339.0,35,90.410448,42,FUGLE_MARKETDATA_V1,GOOD,False
5234,達興材料,TSE,COMMONSTOCK,2026-09-29T10:00:10+08:00,322.0,9.9,126182500.0,407.0,26,90.308458,43,FUGLE_MARKETDATA_V1,GOOD,False
7822,倍利科,TSE,COMMONSTOCK,2026-09-29T10:00:10+08:00,970.0,5.43,157144000.0,163.0,24,89.905473,44,FUGLE_MARKETDATA_V1,GOOD,False
2049,上銀,TSE,COMMONSTOCK,2026-09-29T10:00:10+08:00,335.0,2.92,323874500.0,971.0,05,89.900498,45,FUGLE_MARKETDATA_V1,GOOD,False
6957,裕慶-KY,TSE,COMMONSTOCK,2026-09-29T10:00:10+08:00,328.0,6.84,136388500.0,425.0,20,89.860697,46,FUGLE_MARKETDATA_V1,GOOD,False
2493,揚博,TSE,COMMONSTOCK,2026-09-29T10:00:10+08:00,200.5,4.97,167336500.0,850.0,28,89.81592,47,FUGLE_MARKETDATA_V1,GOOD,False
6278,台表科,TSE,COMMONSTOCK,2026-09-29T10:00:10+08:00,216.0,1.89,658090500.0,3079.0,26,89.437811,48,FUGLE_MARKETDATA_V1,GOOD,False
3030,德律,TSE,COMMONSTOCK,2026-09-29T10:00:10+08:00,279.0,3.33,224471000.0,814.0,31,89.333333,49,FUGLE_MARKETDATA_V1,GOOD,False
4770,上品,TSE,COMMONSTOCK,2026-09-29T10:00:10+08:00,288.0,2.31,363779000.0,1260.0,21,88.865672,50,FUGLE_MARKETDATA_V1,GOOD,False
3149,正達,TSE,COMMONSTOCK,2026-09-29T10:00:10+08:00,66.0,4.27,150365600.0,2315.0,26,88.850746,51,FUGLE_MARKETDATA_V1,GOOD,False
6213,聯茂,TSE,COMMONSTOCK,2026-09-29T10:00:10+08:00,602.0,1.18,7195610000.0,11899.0,28,88.656716,52,FUGLE_MARKETDATA_V1,GOOD,False
4961,天鈺,TSE,COMMONSTOCK,2026-09-29T10:00:10+08:00,186.5,3.32,174039500.0,934.0,24,88.522388,53,FUGLE_MARKETDATA_V1,GOOD,False
3532,台勝科,TSE,COMMONSTOCK,2026-09-29T10:00:10+08:00,459.5,1.55,1163547500.0,2535.0,24,88.517413,54,FUGLE_MARKETDATA_V1,GOOD,False
1301,台塑,TSE,COMMONSTOCK,2026-09-29T10:00:10+08:00,65.1,1.56,1128799000.0,17148.0,03,88.507463,55,FUGLE_MARKETDATA_V1,GOOD,False
2881,富邦金,TSE,COMMONSTOCK,2026-09-29T10:00:10+08:00,153.0,2.0,449473000.0,2952.0,17,88.390547,56,FUGLE_MARKETDATA_V1,GOOD,False
8046,南電,TSE,COMMONSTOCK,2026-09-29T10:00:10+08:00,1255.0,1.21,4116050000.0,3370.0,28,88.365672,57,FUGLE_MARKETDATA_V1,GOOD,False
3583,辛耘,TSE,COMMONSTOCK,2026-09-29T10:00:10+08:00,715.0,2.44,274682000.0,385.0,24,88.278607,58,FUGLE_MARKETDATA_V1,GOOD,False
1809,中釉,TSE,COMMONSTOCK,2026-09-29T10:00:10+08:00,46.05,1.54,849590200.0,18400.0,08,87.895522,59,FUGLE_MARKETDATA_V1,GOOD,False
4739,康普,TSE,COMMONSTOCK,2026-09-29T10:00:10+08:00,84.8,6.67,94678500.0,1134.0,21,87.472637,60,FUGLE_MARKETDATA_V1,GOOD,False
4540,全球傳動,TSE,COMMONSTOCK,2026-09-29T10:00:10+08:00,62.3,3.83,117921700.0,1914.0,05,87.39801,61,FUGLE_MARKETDATA_V1,GOOD,False
3006,晶豪科,TSE,COMMONSTOCK,2026-09-29T10:00:10+08:00,279.0,1.45,776681000.0,2805.0,24,87.31592,62,FUGLE_MARKETDATA_V1,GOOD,False
2467,志聖,TSE,COMMONSTOCK,2026-09-29T10:00:10+08:00,543.0,2.65,161731000.0,300.0,28,87.09204,63,FUGLE_MARKETDATA_V1,GOOD,False
6937,天虹,TSE,COMMONSTOCK,2026-09-29T10:00:10+08:00,309.5,3.0,128530500.0,418.0,24,86.9801,64,FUGLE_MARKETDATA_V1,GOOD,False
1597,直得,TSE,COMMONSTOCK,2026-09-29T10:00:10+08:00,140.5,5.24,92621000.0,667.0,05,86.970149,65,FUGLE_MARKETDATA_V1,GOOD,False
1590,亞德客-KY,TSE,COMMONSTOCK,2026-09-29T10:00:10+08:00,1230.0,1.65,434655000.0,365.0,05,86.748756,66,FUGLE_MARKETDATA_V1,GOOD,False
6206,飛捷,TSE,COMMONSTOCK,2026-09-29T10:00:10+08:00,144.0,3.6,108173500.0,759.0,25,86.746269,67,FUGLE_MARKETDATA_V1,GOOD,False
4576,大銀微系統,TSE,COMMONSTOCK,2026-09-29T10:00:10+08:00,231.0,2.67,148711500.0,645.0,05,86.743781,68,FUGLE_MARKETDATA_V1,GOOD,False
3533,嘉澤,TSE,COMMONSTOCK,2026-09-29T10:00:10+08:00,1710.0,1.18,1524005000.0,879.0,28,86.631841,69,FUGLE_MARKETDATA_V1,GOOD,False
4956,光鋐,TSE,COMMONSTOCK,2026-09-29T10:00:10+08:00,45.25,1.69,353493050.0,7804.0,26,86.572139,70,FUGLE_MARKETDATA_V1,GOOD,False
2464,盟立,TSE,COMMONSTOCK,2026-09-29T10:00:10+08:00,198.0,1.28,851527500.0,4310.0,31,86.360697,71,FUGLE_MARKETDATA_V1,GOOD,False
2436,偉詮電,TSE,COMMONSTOCK,2026-09-29T10:00:10+08:00,73.7,1.8,277307100.0,3795.0,24,86.303483,72,FUGLE_MARKETDATA_V1,GOOD,False
2317,鴻海,TSE,COMMONSTOCK,2026-09-29T10:00:10+08:00,253.0,1.0,3404504000.0,13594.0,31,86.228856,73,FUGLE_MARKETDATA_V1,GOOD,False
2882,國泰金,TSE,COMMONSTOCK,2026-09-29T10:00:10+08:00,112.0,1.36,592303500.0,5281.0,17,85.940299,74,FUGLE_MARKETDATA_V1,GOOD,False
9921,巨大,TSE,COMMONSTOCK,2026-09-29T10:00:10+08:00,95.3,5.19,76239700.0,806.0,37,85.793532,75,FUGLE_MARKETDATA_V1,GOOD,False
2376,技嘉,TSE,COMMONSTOCK,2026-09-29T10:00:10+08:00,366.0,1.24,668094500.0,1824.0,25,85.716418,76,FUGLE_MARKETDATA_V1,GOOD,False
6209,今國光,TSE,COMMONSTOCK,2026-09-29T10:00:10+08:00,81.3,1.75,202453700.0,2513.0,26,85.20398,77,FUGLE_MARKETDATA_V1,GOOD,False
6438,迅得,TSE,COMMONSTOCK,2026-09-29T10:00:10+08:00,163.0,3.49,86239500.0,534.0,31,85.099502,78,FUGLE_MARKETDATA_V1,GOOD,False
1711,永光,TSE,COMMONSTOCK,2026-09-29T10:00:10+08:00,40.4,4.66,74157500.0,1867.0,21,84.957711,79,FUGLE_MARKETDATA_V1,GOOD,False
6133,金橋,TSE,COMMONSTOCK,2026-09-29T10:00:10+08:00,27.25,5.01,62289600.0,2272.0,28,84.651741,80,FUGLE_MARKETDATA_V1,GOOD,False
6451,訊芯-KY,TSE,COMMONSTOCK,2026-09-29T10:00:10+08:00,419.5,1.82,159998500.0,385.0,24,84.587065,81,FUGLE_MARKETDATA_V1,GOOD,False
2891,中信金,TSE,COMMONSTOCK,2026-09-29T10:00:10+08:00,69.3,1.17,596491700.0,8715.0,17,84.495025,82,FUGLE_MARKETDATA_V1,GOOD,False
4960,誠美材,TSE,COMMONSTOCK,2026-09-29T10:00:10+08:00,23.65,5.35,52192250.0,2263.0,26,84.278607,83,FUGLE_MARKETDATA_V1,GOOD,False
2388,威盛,TSE,COMMONSTOCK,2026-09-29T10:00:10+08:00,71.8,2.43,102820000.0,1441.0,24,84.129353,84,FUGLE_MARKETDATA_V1,GOOD,False
2033,佳大,TSE,COMMONSTOCK,2026-09-29T10:00:10+08:00,38.25,3.94,63902350.0,1678.0,10,84.069652,85,FUGLE_MARKETDATA_V1,GOOD,False
6901,鑽石投資,TSE,COMMONSTOCK,2026-09-29T10:00:10+08:00,16.75,6.69,40707300.0,2432.0,20,83.960199,86,FUGLE_MARKETDATA_V1,GOOD,False
2020,美亞,TSE,COMMONSTOCK,2026-09-29T10:00:10+08:00,23.35,5.66,42740300.0,1844.0,10,83.835821,87,FUGLE_MARKETDATA_V1,GOOD,False
2465,麗臺,TSE,COMMONSTOCK,2026-09-29T10:00:10+08:00,92.5,4.05,59559600.0,652.0,25,83.696517,88,FUGLE_MARKETDATA_V1,GOOD,False
2316,楠梓電,TSE,COMMONSTOCK,2026-09-29T10:00:10+08:00,163.5,1.87,115010000.0,708.0,28,83.400498,89,FUGLE_MARKETDATA_V1,GOOD,False
3021,鴻名,TSE,COMMONSTOCK,2026-09-29T10:00:10+08:00,29.6,9.83,31958350.0,1083.0,28,83.124378,90,FUGLE_MARKETDATA_V1,GOOD,False
6405,悅城,TSE,COMMONSTOCK,2026-09-29T10:00:10+08:00,44.95,8.44,32519750.0,748.0,26,83.00995,91,FUGLE_MARKETDATA_V1,GOOD,False
1717,長興,TSE,COMMONSTOCK,2026-09-29T10:00:10+08:00,72.5,1.54,152368500.0,2113.0,21,82.970149,92,FUGLE_MARKETDATA_V1,GOOD,False
2357,華碩,TSE,COMMONSTOCK,2026-09-29T10:00:10+08:00,963.0,1.05,536166000.0,556.0,25,82.89801,93,FUGLE_MARKETDATA_V1,GOOD,False
8438,昶昕,TSE,COMMONSTOCK,2026-09-29T10:00:10+08:00,82.3,7.44,30792400.0,381.0,35,82.38806,94,FUGLE_MARKETDATA_V1,GOOD,False
2002,中鋼,TSE,COMMONSTOCK,2026-09-29T10:00:10+08:00,18.85,1.07,393634550.0,20799.0,10,82.350746,95,FUGLE_MARKETDATA_V1,GOOD,False
3535,晶彩科,TSE,COMMONSTOCK,2026-09-29T10:00:10+08:00,91.1,3.05,57218400.0,634.0,26,82.340796,96,FUGLE_MARKETDATA_V1,GOOD,False
4938,和碩,TSE,COMMONSTOCK,2026-09-29T10:00:10+08:00,92.2,0.99,494255900.0,5318.0,25,82.278607,97,FUGLE_MARKETDATA_V1,GOOD,False
6799,來頡,TSE,COMMONSTOCK,2026-09-29T10:00:10+08:00,91.0,5.08,33347300.0,369.0,24,82.059701,98,FUGLE_MARKETDATA_V1,GOOD,False
6781,AES-KY,TSE,COMMONSTOCK,2026-09-29T10:00:10+08:00,1020.0,1.49,125370000.0,123.0,28,81.895522,99,FUGLE_MARKETDATA_V1,GOOD,False
1721,國慶科技,TSE,COMMONSTOCK,2026-09-29T10:00:10+08:00,25.35,4.75,33945300.0,1366.0,21,81.885572,100,FUGLE_MARKETDATA_V1,GOOD,False
6861,睿生光電,TSE,COMMONSTOCK,2026-09-29T10:00:10+08:00,282.5,1.07,325005000.0,1158.0,22,81.858209,101,FUGLE_MARKETDATA_V1,GOOD,False
7795,長廣,TSE,COMMONSTOCK,2026-09-29T10:00:10+08:00,498.5,1.63,105875500.0,215.0,28,81.552239,102,FUGLE_MARKETDATA_V1,GOOD,False
1617,榮星,TSE,COMMONSTOCK,2026-09-29T10:00:10+08:00,21.9,9.77,24961050.0,1152.0,06,81.251244,103,FUGLE_MARKETDATA_V1,GOOD,False
7788,松川精密,TSE,COMMONSTOCK,2026-09-29T10:00:10+08:00,294.5,1.73,91208500.0,310.0,28,81.136816,104,FUGLE_MARKETDATA_V1,GOOD,False
3019,亞光,TSE,COMMONSTOCK,2026-09-29T10:00:10+08:00,137.0,1.48,112513000.0,826.0,26,81.087065,105,FUGLE_MARKETDATA_V1,GOOD,False
6579,研揚,TSE,COMMONSTOCK,2026-09-29T10:00:10+08:00,157.5,2.61,48541000.0,308.0,25,81.059701,106,FUGLE_MARKETDATA_V1,GOOD,False
6168,宏齊,TSE,COMMONSTOCK,2026-09-29T10:00:10+08:00,44.7,1.36,123258000.0,2738.0,26,80.960199,107,FUGLE_MARKETDATA_V1,GOOD,False
6225,天瀚,TSE,COMMONSTOCK,2026-09-29T10:00:10+08:00,54.6,8.33,23283800.0,459.0,26,80.606965,108,FUGLE_MARKETDATA_V1,GOOD,False
3714,富采,TSE,COMMONSTOCK,2026-09-29T10:00:10+08:00,68.3,1.04,238146900.0,3495.0,26,80.60199,109,FUGLE_MARKETDATA_V1,GOOD,False
4722,國精化,TSE,COMMONSTOCK,2026-09-29T10:00:10+08:00,189.5,2.99,37002000.0,198.0,21,80.587065,110,FUGLE_MARKETDATA_V1,GOOD,False
2069,運錩,TSE,COMMONSTOCK,2026-09-29T10:00:10+08:00,26.6,3.5,30260450.0,1131.0,10,80.164179,111,FUGLE_MARKETDATA_V1,GOOD,False
3653,健策,TSE,COMMONSTOCK,2026-09-29T10:00:10+08:00,6955.0,0.51,6147220000.0,875.0,28,80.121891,112,FUGLE_MARKETDATA_V1,GOOD,False
6409,旭隼,TSE,COMMONSTOCK,2026-09-29T10:00:10+08:00,894.0,1.71,74359000.0,84.0,31,79.766169,113,FUGLE_MARKETDATA_V1,GOOD,False
2369,菱生,TSE,COMMONSTOCK,2026-09-29T10:00:10+08:00,31.85,1.92,54900900.0,1728.0,24,79.522388,114,FUGLE_MARKETDATA_V1,GOOD,False
3231,緯創,TSE,COMMONSTOCK,2026-09-29T10:00:10+08:00,185.5,0.54,2279879000.0,12365.0,25,79.5,115,FUGLE_MARKETDATA_V1,GOOD,False
8033,雷虎,TSE,COMMONSTOCK,2026-09-29T10:00:10+08:00,170.5,1.19,119552000.0,698.0,20,79.363184,116,FUGLE_MARKETDATA_V1,GOOD,False
1736,喬山,TSE,COMMONSTOCK,2026-09-29T10:00:10+08:00,131.0,2.75,30271000.0,231.0,37,79.002488,117,FUGLE_MARKETDATA_V1,GOOD,False
2614,東森,TSE,COMMONSTOCK,2026-09-29T10:00:10+08:00,19.0,4.11,23224450.0,1242.0,20,78.925373,118,FUGLE_MARKETDATA_V1,GOOD,False
3481,群創,TSE,COMMONSTOCK,2026-09-29T10:00:10+08:00,49.8,0.5,2773670350.0,55913.0,26,78.838308,119,FUGLE_MARKETDATA_V1,GOOD,False
7769,鴻勁,TSE,COMMONSTOCK,2026-09-29T10:00:10+08:00,5700.0,0.53,1373850000.0,241.0,24,78.385572,120,FUGLE_MARKETDATA_V1,GOOD,False
3229,晟鈦,TSE,COMMONSTOCK,2026-09-29T10:00:10+08:00,57.7,2.3,32265800.0,562.0,28,78.313433,121,FUGLE_MARKETDATA_V1,GOOD,False
3413,京鼎,TSE,COMMONSTOCK,2026-09-29T10:00:10+08:00,291.5,1.22,95479500.0,329.0,24,78.273632,122,FUGLE_MARKETDATA_V1,GOOD,False
2330,台積電,TSE,COMMONSTOCK,2026-09-29T10:00:10+08:00,2485.0,0.4,24070430000.0,9710.0,24,78.057214,123,FUGLE_MARKETDATA_V1,GOOD,False
2401,凌陽,TSE,COMMONSTOCK,2026-09-29T10:00:10+08:00,26.2,2.54,27419900.0,1058.0,24,77.810945,124,FUGLE_MARKETDATA_V1,GOOD,False
2377,微星,TSE,COMMONSTOCK,2026-09-29T10:00:10+08:00,153.0,0.99,120927500.0,793.0,25,77.681592,125,FUGLE_MARKETDATA_V1,GOOD,False
5284,jpp-KY,TSE,COMMONSTOCK,2026-09-29T10:00:10+08:00,302.0,2.2,30621500.0,102.0,20,77.654229,126,FUGLE_MARKETDATA_V1,GOOD,False
3022,威強電,TSE,COMMONSTOCK,2026-09-29T10:00:10+08:00,94.3,1.29,74490000.0,786.0,25,77.350746,127,FUGLE_MARKETDATA_V1,GOOD,False
2883,凱基金,TSE,COMMONSTOCK,2026-09-29T10:00:10+08:00,39.2,0.64,397993900.0,10117.0,17,77.189055,128,FUGLE_MARKETDATA_V1,GOOD,False
6525,捷敏-KY,TSE,COMMONSTOCK,2026-09-29T10:00:10+08:00,136.0,1.87,31796500.0,234.0,24,76.942786,129,FUGLE_MARKETDATA_V1,GOOD,False
2359,所羅門,TSE,COMMONSTOCK,2026-09-29T10:00:10+08:00,129.5,1.57,40977000.0,319.0,31,76.902985,130,FUGLE_MARKETDATA_V1,GOOD,False
9914,美利達,TSE,COMMONSTOCK,2026-09-29T10:00:10+08:00,67.9,1.8,33121900.0,487.0,37,76.781095,131,FUGLE_MARKETDATA_V1,GOOD,False
3060,銘異,TSE,COMMONSTOCK,2026-09-29T10:00:10+08:00,27.6,3.95,17375150.0,634.0,25,76.507463,132,FUGLE_MARKETDATA_V1,GOOD,False
6695,芯鼎,TSE,COMMONSTOCK,2026-09-29T10:00:10+08:00,52.9,6.01,15108100.0,290.0,24,76.492537,133,FUGLE_MARKETDATA_V1,GOOD,False
2850,新產,TSE,COMMONSTOCK,2026-09-29T10:00:10+08:00,161.0,2.22,25243500.0,157.0,17,76.353234,134,FUGLE_MARKETDATA_V1,GOOD,False
1609,大亞,TSE,COMMONSTOCK,2026-09-29T10:00:10+08:00,38.3,1.19,63849000.0,1665.0,06,75.80597,135,FUGLE_MARKETDATA_V1,GOOD,False
2025,千興,TSE,COMMONSTOCK,2026-09-29T10:00:10+08:00,13.55,3.44,16284850.0,1192.0,10,75.544776,136,FUGLE_MARKETDATA_V1,GOOD,False
2233,宇隆,TSE,COMMONSTOCK,2026-09-29T10:00:10+08:00,167.0,1.83,26680000.0,161.0,12,75.492537,137,FUGLE_MARKETDATA_V1,GOOD,False
1795,美時,TSE,COMMONSTOCK,2026-09-29T10:00:10+08:00,178.5,1.71,29402000.0,165.0,22,75.38806,138,FUGLE_MARKETDATA_V1,GOOD,False
2634,漢翔,TSE,COMMONSTOCK,2026-09-29T10:00:10+08:00,63.6,0.79,127133000.0,1991.0,15,75.29602,139,FUGLE_MARKETDATA_V1,GOOD,False
3380,明泰,TSE,COMMONSTOCK,2026-09-29T10:00:10+08:00,32.05,1.42,35207800.0,1100.0,27,75.067164,140,FUGLE_MARKETDATA_V1,GOOD,False
8201,無敵,TSE,COMMONSTOCK,2026-09-29T10:00:10+08:00,14.6,9.77,11094700.0,760.0,31,75.067164,141,FUGLE_MARKETDATA_V1,GOOD,False
2337,旺宏,TSE,COMMONSTOCK,2026-09-29T10:00:10+08:00,117.5,0.43,820961000.0,7040.0,24,75.049751,142,FUGLE_MARKETDATA_V1,GOOD,False
2486,一詮,TSE,COMMONSTOCK,2026-09-29T10:00:10+08:00,235.5,0.64,175623000.0,750.0,26,74.835821,143,FUGLE_MARKETDATA_V1,GOOD,False
4551,智伸科,TSE,COMMONSTOCK,2026-09-29T10:00:10+08:00,166.0,1.53,30039000.0,182.0,12,74.522388,144,FUGLE_MARKETDATA_V1,GOOD,False
6743,安普新,TSE,COMMONSTOCK,2026-09-29T10:00:10+08:00,31.8,3.92,13270400.0,419.0,31,74.338308,145,FUGLE_MARKETDATA_V1,GOOD,False
2527,宏璟,TSE,COMMONSTOCK,2026-09-29T10:00:10+08:00,48.85,1.88,21068700.0,430.0,14,74.226368,146,FUGLE_MARKETDATA_V1,GOOD,False
6153,嘉聯益,TSE,COMMONSTOCK,2026-09-29T10:00:10+08:00,17.55,2.03,20220200.0,1156.0,28,74.208955,147,FUGLE_MARKETDATA_V1,GOOD,False
4526,東台,TSE,COMMONSTOCK,2026-09-29T10:00:10+08:00,32.45,2.2,18795400.0,582.0,05,74.042289,148,FUGLE_MARKETDATA_V1,GOOD,False
1514,亞力,TSE,COMMONSTOCK,2026-09-29T10:00:10+08:00,103.0,0.98,62006000.0,606.0,05,73.753731,149,FUGLE_MARKETDATA_V1,GOOD,False
1504,東元,TSE,COMMONSTOCK,2026-09-29T10:00:10+08:00,69.1,0.88,79492400.0,1153.0,05,73.614428,150,FUGLE_MARKETDATA_V1,GOOD,False
4989,榮科,TSE,COMMONSTOCK,2026-09-29T10:00:10+08:00,60.1,1.18,37042800.0,621.0,28,73.552239,151,FUGLE_MARKETDATA_V1,GOOD,False
2367,燿華,TSE,COMMONSTOCK,2026-09-29T10:00:10+08:00,42.2,1.2,36121250.0,859.0,28,73.495025,152,FUGLE_MARKETDATA_V1,GOOD,False
2451,創見,TSE,COMMONSTOCK,2026-09-29T10:00:10+08:00,286.0,0.53,205314500.0,717.0,24,73.460199,153,FUGLE_MARKETDATA_V1,GOOD,False
4919,新唐,TSE,COMMONSTOCK,2026-09-29T10:00:10+08:00,136.5,0.37,705261500.0,5160.0,24,73.256219,154,FUGLE_MARKETDATA_V1,GOOD,False
2363,矽統,TSE,COMMONSTOCK,2026-09-29T10:00:10+08:00,59.1,0.68,111004600.0,1889.0,24,73.211443,155,FUGLE_MARKETDATA_V1,GOOD,False
6226,光鼎,TSE,COMMONSTOCK,2026-09-29T10:00:10+08:00,44.7,1.59,22806600.0,514.0,26,73.012438,156,FUGLE_MARKETDATA_V1,GOOD,False
2485,兆赫,TSE,COMMONSTOCK,2026-09-29T10:00:10+08:00,39.8,1.66,20836400.0,527.0,27,72.868159,157,FUGLE_MARKETDATA_V1,GOOD,False
7799,禾榮科,TSE,COMMONSTOCK,2026-09-29T10:00:10+08:00,501.0,0.6,127432500.0,255.0,22,72.858209,158,FUGLE_MARKETDATA_V1,GOOD,False
8261,富鼎,TSE,COMMONSTOCK,2026-09-29T10:00:10+08:00,177.5,0.85,75793500.0,425.0,24,72.840796,159,FUGLE_MARKETDATA_V1,GOOD,False
2352,佳世達,TSE,COMMONSTOCK,2026-09-29T10:00:10+08:00,29.3,1.03,40635400.0,1383.0,25,72.756219,160,FUGLE_MARKETDATA_V1,GOOD,False
2038,海光,TSE,COMMONSTOCK,2026-09-29T10:00:10+08:00,13.0,3.59,11052950.0,851.0,10,72.669154,161,FUGLE_MARKETDATA_V1,GOOD,False
3617,碩天,TSE,COMMONSTOCK,2026-09-29T10:00:10+08:00,245.5,1.24,29871500.0,123.0,31,72.636816,162,FUGLE_MARKETDATA_V1,GOOD,False
2382,廣達,TSE,COMMONSTOCK,2026-09-29T10:00:10+08:00,339.5,0.3,1324975000.0,3897.0,25,72.562189,163,FUGLE_MARKETDATA_V1,GOOD,False
3591,艾笛森,TSE,COMMONSTOCK,2026-09-29T10:00:10+08:00,25.35,2.84,12070200.0,480.0,26,72.502488,164,FUGLE_MARKETDATA_V1,GOOD,False
3545,敦泰,TSE,COMMONSTOCK,2026-09-29T10:00:10+08:00,52.2,2.35,14540900.0,281.0,24,72.497512,165,FUGLE_MARKETDATA_V1,GOOD,False
5269,祥碩,TSE,COMMONSTOCK,2026-09-29T10:00:10+08:00,1490.0,0.68,100935000.0,68.0,24,72.335821,166,FUGLE_MARKETDATA_V1,GOOD,False
3033,威健,TSE,COMMONSTOCK,2026-09-29T10:00:10+08:00,42.25,1.08,34232750.0,812.0,29,72.171642,167,FUGLE_MARKETDATA_V1,GOOD,False
2419,仲琦,TSE,COMMONSTOCK,2026-09-29T10:00:10+08:00,29.25,2.09,15453750.0,529.0,27,72.154229,168,FUGLE_MARKETDATA_V1,GOOD,False
6191,精成科,TSE,COMMONSTOCK,2026-09-29T10:00:10+08:00,83.4,1.34,24167000.0,291.0,28,72.004975,169,FUGLE_MARKETDATA_V1,GOOD,False
2009,第一銅,TSE,COMMONSTOCK,2026-09-29T10:00:10+08:00,39.55,1.02,36389600.0,913.0,10,71.947761,170,FUGLE_MARKETDATA_V1,GOOD,False
6120,達運,TSE,COMMONSTOCK,2026-09-29T10:00:10+08:00,13.1,2.75,11678950.0,896.0,26,71.88806,171,FUGLE_MARKETDATA_V1,GOOD,False
3014,聯陽,TSE,COMMONSTOCK,2026-09-29T10:00:10+08:00,141.5,0.71,84303000.0,595.0,24,71.873134,172,FUGLE_MARKETDATA_V1,GOOD,False
3596,智易,TSE,COMMONSTOCK,2026-09-29T10:00:10+08:00,155.5,1.3,24224000.0,156.0,27,71.865672,173,FUGLE_MARKETDATA_V1,GOOD,False
2324,仁寶,TSE,COMMONSTOCK,2026-09-29T10:00:10+08:00,36.65,0.41,306421350.0,8357.0,25,71.858209,174,FUGLE_MARKETDATA_V1,GOOD,False
6962,奕力-KY,TSE,COMMONSTOCK,2026-09-29T10:00:10+08:00,31.9,1.43,21409650.0,672.0,24,71.840796,175,FUGLE_MARKETDATA_V1,GOOD,False
2072,世紀風電,TSE,COMMONSTOCK,2026-09-29T10:00:10+08:00,130.5,2.76,11300000.0,87.0,35,71.736318,176,FUGLE_MARKETDATA_V1,GOOD,False
2027,大成鋼,TSE,COMMONSTOCK,2026-09-29T10:00:10+08:00,47.8,0.42,249010100.0,5156.0,10,71.527363,177,FUGLE_MARKETDATA_V1,GOOD,False
3312,弘憶股,TSE,COMMONSTOCK,2026-09-29T10:00:10+08:00,51.6,2.18,13401300.0,261.0,29,71.348259,178,FUGLE_MARKETDATA_V1,GOOD,False
6919,康霈*,TSE,COMMONSTOCK,2026-09-29T10:00:10+08:00,80.6,0.62,98846500.0,1231.0,22,71.263682,179,FUGLE_MARKETDATA_V1,GOOD,False
6282,康舒,TSE,COMMONSTOCK,2026-09-29T10:00:10+08:00,43.25,0.93,37053500.0,861.0,28,71.032338,180,FUGLE_MARKETDATA_V1,GOOD,False
6933,AMAX-KY,TSE,COMMONSTOCK,2026-09-29T10:00:10+08:00,386.0,0.26,927534500.0,2392.0,25,70.995025,181,FUGLE_MARKETDATA_V1,GOOD,False
4977,眾達-KY,TSE,COMMONSTOCK,2026-09-29T10:00:10+08:00,169.5,0.59,102437000.0,607.0,27,70.977612,182,FUGLE_MARKETDATA_V1,GOOD,False
6269,台郡,TSE,COMMONSTOCK,2026-09-29T10:00:10+08:00,65.4,0.93,36194700.0,557.0,28,70.758706,183,FUGLE_MARKETDATA_V1,GOOD,False
1568,倉佑,TSE,COMMONSTOCK,2026-09-29T10:00:10+08:00,32.0,3.56,8594850.0,270.0,12,70.741294,184,FUGLE_MARKETDATA_V1,GOOD,False
4949,有成精密,TSE,COMMONSTOCK,2026-09-29T10:00:10+08:00,76.1,2.01,13235200.0,175.0,26,70.609453,185,FUGLE_MARKETDATA_V1,GOOD,False
6658,聯策,TSE,COMMONSTOCK,2026-09-29T10:00:10+08:00,182.0,1.68,15306500.0,85.0,31,70.383085,186,FUGLE_MARKETDATA_V1,GOOD,False
6472,保瑞,TSE,COMMONSTOCK,2026-09-29T10:00:10+08:00,425.0,0.83,40474500.0,95.0,22,70.161692,187,FUGLE_MARKETDATA_V1,GOOD,False
8114,振樺電,TSE,COMMONSTOCK,2026-09-29T10:00:10+08:00,180.0,1.41,17629500.0,98.0,25,69.942786,188,FUGLE_MARKETDATA_V1,GOOD,False
3550,聯穎,TSE,COMMONSTOCK,2026-09-29T10:00:10+08:00,24.45,2.52,9599950.0,396.0,28,69.89801,189,FUGLE_MARKETDATA_V1,GOOD,False
2454,聯發科,TSE,COMMONSTOCK,2026-09-29T10:00:10+08:00,4950.0,-6.34,30175770000.0,5929.0,24,69.641791,190,FUGLE_MARKETDATA_V1,GOOD,False
3437,榮創,TSE,COMMONSTOCK,2026-09-29T10:00:10+08:00,22.25,1.14,21009450.0,947.0,26,69.363184,191,FUGLE_MARKETDATA_V1,GOOD,False
6719,力智,TSE,COMMONSTOCK,2026-09-29T10:00:10+08:00,186.0,1.09,22197500.0,120.0,24,69.281095,192,FUGLE_MARKETDATA_V1,GOOD,False
8016,矽創,TSE,COMMONSTOCK,2026-09-29T10:00:10+08:00,286.0,0.88,31045500.0,109.0,24,69.181592,193,FUGLE_MARKETDATA_V1,GOOD,False
2308,台達電,TSE,COMMONSTOCK,2026-09-29T10:00:10+08:00,1845.0,-3.4,11300120000.0,5998.0,28,69.174129,194,FUGLE_MARKETDATA_V1,GOOD,False
3706,神達,TSE,COMMONSTOCK,2026-09-29T10:00:10+08:00,79.0,0.64,60050200.0,764.0,25,69.089552,195,FUGLE_MARKETDATA_V1,GOOD,False
2327,國巨*,TSE,COMMONSTOCK,2026-09-29T10:00:10+08:00,561.0,-3.28,8044493000.0,14261.0,28,68.932836,196,FUGLE_MARKETDATA_V1,GOOD,False
1513,中興電,TSE,COMMONSTOCK,2026-09-29T10:00:10+08:00,167.0,0.6,67078500.0,403.0,05,68.863184,197,FUGLE_MARKETDATA_V1,GOOD,False
2385,群光,TSE,COMMONSTOCK,2026-09-29T10:00:10+08:00,105.5,0.96,24279000.0,231.0,28,68.845771,198,FUGLE_MARKETDATA_V1,GOOD,False
2313,華通,TSE,COMMONSTOCK,2026-09-29T10:00:10+08:00,223.0,0.22,534750000.0,2417.0,28,68.574627,199,FUGLE_MARKETDATA_V1,GOOD,False
2303,聯電,TSE,COMMONSTOCK,2026-09-29T10:00:10+08:00,154.0,0.0,8157227500.0,52801.0,24,68.539801,200,FUGLE_MARKETDATA_V1,GOOD,False
3008,大立光,TSE,COMMONSTOCK,2026-09-29T10:00:10+08:00,6030.0,-3.44,4688215000.0,774.0,26,68.455224,201,FUGLE_MARKETDATA_V1,GOOD,False
2105,正新,TSE,COMMONSTOCK,2026-09-29T10:00:10+08:00,30.3,0.66,41871450.0,1379.0,11,68.338308,202,FUGLE_MARKETDATA_V1,GOOD,False
8271,宇瞻,TSE,COMMONSTOCK,2026-09-29T10:00:10+08:00,201.5,0.75,35067500.0,175.0,24,68.333333,203,FUGLE_MARKETDATA_V1,GOOD,False
3017,奇鋐,TSE,COMMONSTOCK,2026-09-29T10:00:10+08:00,3385.0,-4.78,3922860000.0,1149.0,25,68.189055,204,FUGLE_MARKETDATA_V1,GOOD,False
6789,采鈺,TSE,COMMONSTOCK,2026-09-29T10:00:10+08:00,467.5,0.43,104884000.0,225.0,24,68.154229,205,FUGLE_MARKETDATA_V1,GOOD,False
2449,京元電子,TSE,COMMONSTOCK,2026-09-29T10:00:10+08:00,296.5,-4.66,3844187000.0,12882.0,24,68.11194,206,FUGLE_MARKETDATA_V1,GOOD,False
3037,欣興,TSE,COMMONSTOCK,2026-09-29T10:00:10+08:00,1185.0,0.0,5763730000.0,4964.0,28,68.10199,207,FUGLE_MARKETDATA_V1,GOOD,False
3034,聯詠,TSE,COMMONSTOCK,2026-09-29T10:00:10+08:00,544.0,0.18,550216000.0,1009.0,24,67.985075,208,FUGLE_MARKETDATA_V1,GOOD,False
2491,吉祥全,TSE,COMMONSTOCK,2026-09-29T10:00:10+08:00,40.55,2.53,7104150.0,176.0,26,67.947761,209,FUGLE_MARKETDATA_V1,GOOD,False
2397,友通,TSE,COMMONSTOCK,2026-09-29T10:00:10+08:00,63.6,2.25,8041900.0,127.0,25,67.930348,210,FUGLE_MARKETDATA_V1,GOOD,False
3711,日月光投控,TSE,COMMONSTOCK,2026-09-29T10:00:10+08:00,684.0,-2.15,4406251000.0,6435.0,24,67.865672,211,FUGLE_MARKETDATA_V1,GOOD,False
5471,松翰,TSE,COMMONSTOCK,2026-09-29T10:00:10+08:00,52.6,1.74,10075900.0,192.0,24,67.741294,212,FUGLE_MARKETDATA_V1,GOOD,False
8150,南茂,TSE,COMMONSTOCK,2026-09-29T10:00:10+08:00,107.5,-4.02,2555077500.0,23570.0,24,67.706468,213,FUGLE_MARKETDATA_V1,GOOD,False
6531,愛普*,TSE,COMMONSTOCK,2026-09-29T10:00:10+08:00,938.0,-5.54,1930550000.0,2036.0,24,67.666667,214,FUGLE_MARKETDATA_V1,GOOD,False
3167,大量,TSE,COMMONSTOCK,2026-09-29T10:00:10+08:00,912.0,-3.9,2297219000.0,2504.0,05,67.636816,215,FUGLE_MARKETDATA_V1,GOOD,False
3443,創意,TSE,COMMONSTOCK,2026-09-29T10:00:10+08:00,8245.0,-3.28,2584395000.0,310.0,24,67.619403,216,FUGLE_MARKETDATA_V1,GOOD,False
2404,漢唐,TSE,COMMONSTOCK,2026-09-29T10:00:10+08:00,1225.0,-4.67,1951480000.0,1614.0,31,67.557214,217,FUGLE_MARKETDATA_V1,GOOD,False
8215,明基材,TSE,COMMONSTOCK,2026-09-29T10:00:10+08:00,28.25,1.25,14338950.0,511.0,26,67.41791,218,FUGLE_MARKETDATA_V1,GOOD,False
2383,台光電,TSE,COMMONSTOCK,2026-09-29T10:00:10+08:00,4985.0,-1.29,4222345000.0,852.0,28,67.390547,219,FUGLE_MARKETDATA_V1,GOOD,False
2498,宏達電,TSE,COMMONSTOCK,2026-09-29T10:00:10+08:00,42.0,0.48,76545050.0,1821.0,27,67.378109,220,FUGLE_MARKETDATA_V1,GOOD,False
1708,東鹼,TSE,COMMONSTOCK,2026-09-29T10:00:10+08:00,52.5,0.38,112763900.0,2140.0,21,67.350746,221,FUGLE_MARKETDATA_V1,GOOD,False
8081,致新,TSE,COMMONSTOCK,2026-09-29T10:00:10+08:00,255.5,0.59,46002500.0,180.0,24,67.310945,222,FUGLE_MARKETDATA_V1,GOOD,False
1307,三芳,TSE,COMMONSTOCK,2026-09-29T10:00:10+08:00,31.15,1.47,11315600.0,363.0,03,67.181592,223,FUGLE_MARKETDATA_V1,GOOD,False
2360,致茂,TSE,COMMONSTOCK,2026-09-29T10:00:10+08:00,2200.0,-4.14,1682765000.0,746.0,31,67.174129,224,FUGLE_MARKETDATA_V1,GOOD,False
3189,景碩,TSE,COMMONSTOCK,2026-09-29T10:00:10+08:00,957.0,-0.52,7398640000.0,7782.0,24,67.106965,225,FUGLE_MARKETDATA_V1,GOOD,False
5285,界霖,TSE,COMMONSTOCK,2026-09-29T10:00:10+08:00,90.8,1.0,18687300.0,206.0,24,67.0199,226,FUGLE_MARKETDATA_V1,GOOD,False
3308,聯德,TSE,COMMONSTOCK,2026-09-29T10:00:10+08:00,22.5,4.41,3724250.0,165.0,28,66.955224,227,FUGLE_MARKETDATA_V1,GOOD,False
2492,華新科,TSE,COMMONSTOCK,2026-09-29T10:00:10+08:00,308.5,-0.96,4407139500.0,14062.0,28,66.950249,228,FUGLE_MARKETDATA_V1,GOOD,False
2408,南亞科,TSE,COMMONSTOCK,2026-09-29T10:00:10+08:00,501.0,-0.4,5911454500.0,11890.0,24,66.828358,229,FUGLE_MARKETDATA_V1,GOOD,False
6672,騰輝電子-KY,TSE,COMMONSTOCK,2026-09-29T10:00:10+08:00,327.0,-3.11,1513242000.0,4640.0,28,66.681592,230,FUGLE_MARKETDATA_V1,GOOD,False
2345,智邦,TSE,COMMONSTOCK,2026-09-29T10:00:10+08:00,1855.0,-2.11,1741345000.0,935.0,27,66.661692,231,FUGLE_MARKETDATA_V1,GOOD,False
3026,禾伸堂,TSE,COMMONSTOCK,2026-09-29T10:00:10+08:00,795.0,-1.85,1822967000.0,2294.0,28,66.644279,232,FUGLE_MARKETDATA_V1,GOOD,False
1727,中華化,TSE,COMMONSTOCK,2026-09-29T10:00:10+08:00,112.5,-2.6,1541152500.0,14219.0,21,66.636816,233,FUGLE_MARKETDATA_V1,GOOD,False
6197,佳必琪,TSE,COMMONSTOCK,2026-09-29T10:00:10+08:00,321.5,0.47,72762000.0,227.0,28,66.587065,234,FUGLE_MARKETDATA_V1,GOOD,False
6202,盛群,TSE,COMMONSTOCK,2026-09-29T10:00:10+08:00,58.9,1.2,13799800.0,235.0,24,66.544776,235,FUGLE_MARKETDATA_V1,GOOD,False
2402,毅嘉,TSE,COMMONSTOCK,2026-09-29T10:00:10+08:00,55.3,0.91,20210100.0,366.0,28,66.457711,236,FUGLE_MARKETDATA_V1,GOOD,False
2368,金像電,TSE,COMMONSTOCK,2026-09-29T10:00:10+08:00,1100.0,-0.45,4248085000.0,3902.0,28,66.452736,237,FUGLE_MARKETDATA_V1,GOOD,False
1773,勝一,TSE,COMMONSTOCK,2026-09-29T10:00:10+08:00,166.0,0.91,20143000.0,122.0,21,66.402985,238,FUGLE_MARKETDATA_V1,GOOD,False
2434,統懋,TSE,COMMONSTOCK,2026-09-29T10:00:10+08:00,65.9,1.07,15570700.0,238.0,24,66.370647,239,FUGLE_MARKETDATA_V1,GOOD,False
6189,豐藝,TSE,COMMONSTOCK,2026-09-29T10:00:10+08:00,49.7,1.02,16242100.0,327.0,29,66.310945,240,FUGLE_MARKETDATA_V1,GOOD,False
6139,亞翔,TSE,COMMONSTOCK,2026-09-29T10:00:10+08:00,734.0,-2.52,1309043000.0,1775.0,31,66.231343,241,FUGLE_MARKETDATA_V1,GOOD,False
2356,英業達,TSE,COMMONSTOCK,2026-09-29T10:00:10+08:00,60.1,0.33,116356000.0,1933.0,25,66.156716,242,FUGLE_MARKETDATA_V1,GOOD,False
2344,華邦電,TSE,COMMONSTOCK,2026-09-29T10:00:10+08:00,170.5,-0.58,3355638000.0,19814.0,24,66.129353,243,FUGLE_MARKETDATA_V1,GOOD,False
3592,瑞鼎,TSE,COMMONSTOCK,2026-09-29T10:00:10+08:00,226.5,0.89,19743000.0,87.0,24,66.017413,244,FUGLE_MARKETDATA_V1,GOOD,False
1519,華城,TSE,COMMONSTOCK,2026-09-29T10:00:10+08:00,700.0,0.14,333125000.0,472.0,05,66.002488,245,FUGLE_MARKETDATA_V1,GOOD,False
6770,力積電,TSE,COMMONSTOCK,2026-09-29T10:00:10+08:00,71.9,-0.14,1844489300.0,25653.0,24,65.893035,246,FUGLE_MARKETDATA_V1,GOOD,False
6558,興能高,TSE,COMMONSTOCK,2026-09-29T10:00:10+08:00,25.3,3.27,3730700.0,148.0,31,65.845771,247,FUGLE_MARKETDATA_V1,GOOD,False
2301,光寶科,TSE,COMMONSTOCK,2026-09-29T10:00:10+08:00,283.5,-1.22,1435465000.0,5048.0,25,65.820896,248,FUGLE_MARKETDATA_V1,GOOD,False
2231,為升,TSE,COMMONSTOCK,2026-09-29T10:00:10+08:00,92.2,2.1,5801100.0,63.0,12,65.771144,249,FUGLE_MARKETDATA_V1,GOOD,False
2481,強茂,TSE,COMMONSTOCK,2026-09-29T10:00:10+08:00,174.0,-0.29,1808866500.0,10258.0,24,65.574627,250,FUGLE_MARKETDATA_V1,GOOD,False
5203,訊連,TSE,COMMONSTOCK,2026-09-29T10:00:10+08:00,59.5,2.06,5790100.0,97.0,30,65.574627,251,FUGLE_MARKETDATA_V1,GOOD,False
6830,汎銓,TSE,COMMONSTOCK,2026-09-29T10:00:10+08:00,541.0,0.19,194985000.0,361.0,31,65.385572,252,FUGLE_MARKETDATA_V1,GOOD,False
2059,川湖,TSE,COMMONSTOCK,2026-09-29T10:00:10+08:00,12200.0,-1.21,1191795000.0,97.0,28,65.320896,253,FUGLE_MARKETDATA_V1,GOOD,False
6805,富世達,TSE,COMMONSTOCK,2026-09-29T10:00:10+08:00,2460.0,-2.77,764840000.0,308.0,28,65.223881,254,FUGLE_MARKETDATA_V1,GOOD,False
3406,玉晶光,TSE,COMMONSTOCK,2026-09-29T10:00:10+08:00,883.0,-2.0,923091000.0,1048.0,26,65.156716,255,FUGLE_MARKETDATA_V1,GOOD,False
2890,永豐金,TSE,COMMONSTOCK,2026-09-29T10:00:10+08:00,45.2,0.11,318667600.0,7048.0,17,65.064677,256,FUGLE_MARKETDATA_V1,GOOD,False
6196,帆宣,TSE,COMMONSTOCK,2026-09-29T10:00:10+08:00,543.0,-3.89,611383000.0,1121.0,31,64.970149,257,FUGLE_MARKETDATA_V1,GOOD,False
1409,新纖,TSE,COMMONSTOCK,2026-09-29T10:00:10+08:00,24.4,0.41,62638650.0,2555.0,04,64.90796,258,FUGLE_MARKETDATA_V1,GOOD,False
1710,東聯,TSE,COMMONSTOCK,2026-09-29T10:00:10+08:00,16.5,0.61,27604350.0,1658.0,21,64.850746,259,FUGLE_MARKETDATA_V1,GOOD,False
4164,承業醫,TSE,COMMONSTOCK,2026-09-29T10:00:10+08:00,27.1,2.65,3671050.0,136.0,22,64.654229,260,FUGLE_MARKETDATA_V1,GOOD,False
3661,世芯-KY,TSE,COMMONSTOCK,2026-09-29T10:00:10+08:00,3755.0,-0.4,1266980000.0,337.0,24,64.475124,261,FUGLE_MARKETDATA_V1,GOOD,False
6669,緯穎,TSE,COMMONSTOCK,2026-09-29T10:00:10+08:00,2110.0,-0.24,1017190000.0,484.0,25,64.472637,262,FUGLE_MARKETDATA_V1,GOOD,False
6415,矽力*-KY,TSE,COMMONSTOCK,2026-09-29T10:00:10+08:00,414.5,-2.59,585159000.0,1416.0,24,64.40796,263,FUGLE_MARKETDATA_V1,GOOD,False
6426,統新,TSE,COMMONSTOCK,2026-09-29T10:00:10+08:00,364.0,-6.43,461758500.0,1242.0,27,64.333333,264,FUGLE_MARKETDATA_V1,GOOD,False
6526,達發,TSE,COMMONSTOCK,2026-09-29T10:00:10+08:00,819.0,-2.5,562926000.0,684.0,24,64.253731,265,FUGLE_MARKETDATA_V1,GOOD,False
6239,力成,TSE,COMMONSTOCK,2026-09-29T10:00:10+08:00,282.5,-1.57,607316000.0,2150.0,24,64.10199,266,FUGLE_MARKETDATA_V1,GOOD,False
6515,穎崴,TSE,COMMONSTOCK,2026-09-29T10:00:10+08:00,5740.0,-1.88,573370000.0,100.0,24,64.032338,267,FUGLE_MARKETDATA_V1,GOOD,False
3062,建漢,TSE,COMMONSTOCK,2026-09-29T10:00:10+08:00,22.2,1.14,10255450.0,464.0,27,63.945274,268,FUGLE_MARKETDATA_V1,GOOD,False
6909,創控,TSE,COMMONSTOCK,2026-09-29T10:00:10+08:00,42.45,2.29,3733600.0,88.0,24,63.930348,269,FUGLE_MARKETDATA_V1,GOOD,False
6257,矽格,TSE,COMMONSTOCK,2026-09-29T10:00:10+08:00,238.5,-1.85,560390000.0,2355.0,24,63.90796,270,FUGLE_MARKETDATA_V1,GOOD,False
1723,中碳,TSE,COMMONSTOCK,2026-09-29T10:00:10+08:00,81.0,0.62,22991200.0,282.0,21,63.766169,271,FUGLE_MARKETDATA_V1,GOOD,False
2609,陽明,TSE,COMMONSTOCK,2026-09-29T10:00:10+08:00,58.4,-2.01,521149800.0,8846.0,15,63.624378,272,FUGLE_MARKETDATA_V1,GOOD,False
2543,皇昌,TSE,COMMONSTOCK,2026-09-29T10:00:10+08:00,38.65,1.31,7858450.0,204.0,14,63.597015,273,FUGLE_MARKETDATA_V1,GOOD,False
3031,佰鴻,TSE,COMMONSTOCK,2026-09-29T10:00:10+08:00,30.5,0.16,141158200.0,4593.0,26,63.569652,274,FUGLE_MARKETDATA_V1,GOOD,False
3257,虹冠電,TSE,COMMONSTOCK,2026-09-29T10:00:10+08:00,49.65,1.95,4029650.0,81.0,24,63.539801,275,FUGLE_MARKETDATA_V1,GOOD,False
8476,台境*,TSE,COMMONSTOCK,2026-09-29T10:00:10+08:00,20.05,2.82,2961700.0,148.0,35,63.537313,276,FUGLE_MARKETDATA_V1,GOOD,False
8104,錸寶,TSE,COMMONSTOCK,2026-09-29T10:00:10+08:00,31.6,1.77,4421450.0,141.0,26,63.527363,277,FUGLE_MARKETDATA_V1,GOOD,False
6869,雲豹能源,TSE,COMMONSTOCK,2026-09-29T10:00:10+08:00,70.1,0.86,15107500.0,217.0,35,63.475124,278,FUGLE_MARKETDATA_V1,GOOD,False
3702,大聯大,TSE,COMMONSTOCK,2026-09-29T10:00:10+08:00,116.5,-0.85,630773000.0,5367.0,29,63.462687,279,FUGLE_MARKETDATA_V1,GOOD,False
2603,長榮,TSE,COMMONSTOCK,2026-09-29T10:00:10+08:00,239.0,-1.65,481810500.0,2002.0,15,63.380597,280,FUGLE_MARKETDATA_V1,GOOD,False
2801,彰銀,TSE,COMMONSTOCK,2026-09-29T10:00:10+08:00,27.8,0.18,122710000.0,4408.0,17,63.278607,281,FUGLE_MARKETDATA_V1,GOOD,False
2887,台新新光金,TSE,COMMONSTOCK,2026-09-29T10:00:10+08:00,42.4,-0.24,555067050.0,13007.0,17,62.995025,282,FUGLE_MARKETDATA_V1,GOOD,False
2207,和泰車,TSE,COMMONSTOCK,2026-09-29T10:00:10+08:00,513.0,0.59,22510000.0,44.0,12,62.987562,283,FUGLE_MARKETDATA_V1,GOOD,False
2425,承啟,TSE,COMMONSTOCK,2026-09-29T10:00:10+08:00,37.55,1.62,4665800.0,125.0,25,62.925373,284,FUGLE_MARKETDATA_V1,GOOD,False
6215,和椿,TSE,COMMONSTOCK,2026-09-29T10:00:10+08:00,98.0,1.24,7721700.0,79.0,31,62.895522,285,FUGLE_MARKETDATA_V1,GOOD,False
2351,順德,TSE,COMMONSTOCK,2026-09-29T10:00:10+08:00,216.5,-1.37,399612500.0,1837.0,24,62.863184,286,FUGLE_MARKETDATA_V1,GOOD,False
6670,復盛應用,TSE,COMMONSTOCK,2026-09-29T10:00:10+08:00,276.0,1.1,9339000.0,34.0,37,62.855721,287,FUGLE_MARKETDATA_V1,GOOD,False
2615,萬海,TSE,COMMONSTOCK,2026-09-29T10:00:10+08:00,113.5,-1.73,366003000.0,3185.0,15,62.793532,288,FUGLE_MARKETDATA_V1,GOOD,False
2884,玉山金,TSE,COMMONSTOCK,2026-09-29T10:00:10+08:00,45.6,0.0,337407900.0,7422.0,17,62.68408,289,FUGLE_MARKETDATA_V1,GOOD,False
3005,神基,TSE,COMMONSTOCK,2026-09-29T10:00:10+08:00,117.0,0.43,33901500.0,290.0,25,62.681592,290,FUGLE_MARKETDATA_V1,GOOD,False
2495,普安,TSE,COMMONSTOCK,2026-09-29T10:00:10+08:00,39.4,0.9,12152900.0,309.0,25,62.649254,291,FUGLE_MARKETDATA_V1,GOOD,False
1560,中砂,TSE,COMMONSTOCK,2026-09-29T10:00:10+08:00,970.0,-0.1,443469000.0,458.0,05,62.567164,292,FUGLE_MARKETDATA_V1,GOOD,False
4968,立積,TSE,COMMONSTOCK,2026-09-29T10:00:10+08:00,93.5,1.08,9321600.0,100.0,24,62.539801,293,FUGLE_MARKETDATA_V1,GOOD,False
8210,勤誠,TSE,COMMONSTOCK,2026-09-29T10:00:10+08:00,885.0,-1.34,339495000.0,384.0,25,62.472637,294,FUGLE_MARKETDATA_V1,GOOD,False
3305,昇貿,TSE,COMMONSTOCK,2026-09-29T10:00:10+08:00,104.0,0.97,10176000.0,98.0,31,62.405473,295,FUGLE_MARKETDATA_V1,GOOD,False
3044,健鼎,TSE,COMMONSTOCK,2026-09-29T10:00:10+08:00,528.0,-1.86,322814000.0,614.0,28,62.360697,296,FUGLE_MARKETDATA_V1,GOOD,False
4566,時碩工業,TSE,COMMONSTOCK,2026-09-29T10:00:10+08:00,72.0,-3.1,252201000.0,3449.0,05,62.201493,297,FUGLE_MARKETDATA_V1,GOOD,False
2393,億光,TSE,COMMONSTOCK,2026-09-29T10:00:10+08:00,63.7,0.47,28106100.0,440.0,26,62.154229,298,FUGLE_MARKETDATA_V1,GOOD,False
6691,洋基工程,TSE,COMMONSTOCK,2026-09-29T10:00:10+08:00,654.0,-1.95,301299000.0,461.0,31,62.146766,299,FUGLE_MARKETDATA_V1,GOOD,False
2312,金寶,TSE,COMMONSTOCK,2026-09-29T10:00:10+08:00,30.8,0.49,25317900.0,823.0,31,62.049751,300,FUGLE_MARKETDATA_V1,GOOD,False
1310,台苯,TSE,COMMONSTOCK,2026-09-29T10:00:10+08:00,8.97,0.79,14114970.0,1561.0,03,61.942786,301,FUGLE_MARKETDATA_V1,GOOD,False
3041,揚智,TSE,COMMONSTOCK,2026-09-29T10:00:10+08:00,23.75,2.37,2699550.0,115.0,24,61.893035,302,FUGLE_MARKETDATA_V1,GOOD,False
2029,盛餘,TSE,COMMONSTOCK,2026-09-29T10:00:10+08:00,21.8,1.16,7595050.0,348.0,10,61.890547,303,FUGLE_MARKETDATA_V1,GOOD,False
6442,光聖,TSE,COMMONSTOCK,2026-09-29T10:00:10+08:00,1525.0,-0.33,369320000.0,243.0,27,61.863184,304,FUGLE_MARKETDATA_V1,GOOD,False
2630,亞航,TSE,COMMONSTOCK,2026-09-29T10:00:10+08:00,46.8,1.08,8432500.0,180.0,15,61.718905,305,FUGLE_MARKETDATA_V1,GOOD,False
2412,中華電,TSE,COMMONSTOCK,2026-09-29T10:00:10+08:00,144.0,-0.69,338548500.0,2339.0,27,61.626866,306,FUGLE_MARKETDATA_V1,GOOD,False
3028,增你強,TSE,COMMONSTOCK,2026-09-29T10:00:10+08:00,63.0,0.8,13074500.0,207.0,29,61.599502,307,FUGLE_MARKETDATA_V1,GOOD,False
2374,佳能,TSE,COMMONSTOCK,2026-09-29T10:00:10+08:00,66.7,0.6,18638300.0,280.0,26,61.584577,308,FUGLE_MARKETDATA_V1,GOOD,False
2501,國建,TSE,COMMONSTOCK,2026-09-29T10:00:10+08:00,21.25,0.71,14771150.0,695.0,14,61.584577,309,FUGLE_MARKETDATA_V1,GOOD,False
7750,新代,TSE,COMMONSTOCK,2026-09-29T10:00:10+08:00,1980.0,0.51,21635000.0,11.0,05,61.569652,310,FUGLE_MARKETDATA_V1,GOOD,False
6838,台新藥,TSE,COMMONSTOCK,2026-09-29T10:00:10+08:00,26.05,2.16,2818950.0,109.0,22,61.492537,311,FUGLE_MARKETDATA_V1,GOOD,False
3051,力特,TSE,COMMONSTOCK,2026-09-29T10:00:10+08:00,22.75,2.02,3016050.0,133.0,26,61.412935,312,FUGLE_MARKETDATA_V1,GOOD,False
2338,光罩,TSE,COMMONSTOCK,2026-09-29T10:00:10+08:00,47.25,0.32,47472450.0,1011.0,24,61.393035,313,FUGLE_MARKETDATA_V1,GOOD,False
3416,融程電,TSE,COMMONSTOCK,2026-09-29T10:00:10+08:00,162.5,0.93,9757000.0,60.0,25,61.345771,314,FUGLE_MARKETDATA_V1,GOOD,False
8374,羅昇,TSE,COMMONSTOCK,2026-09-29T10:00:10+08:00,76.5,1.59,3794700.0,50.0,05,61.300995,315,FUGLE_MARKETDATA_V1,GOOD,False
2885,元大金,TSE,COMMONSTOCK,2026-09-29T10:00:10+08:00,68.9,-0.43,319597100.0,4602.0,17,61.119403,316,FUGLE_MARKETDATA_V1,GOOD,False
2365,昆盈,TSE,COMMONSTOCK,2026-09-29T10:00:10+08:00,28.5,1.06,7727600.0,271.0,25,61.114428,317,FUGLE_MARKETDATA_V1,GOOD,False
6116,彩晶,TSE,COMMONSTOCK,2026-09-29T10:00:10+08:00,14.9,0.0,195931250.0,13153.0,26,61.097015,318,FUGLE_MARKETDATA_V1,GOOD,False
6947,台鎔科技,TSE,COMMONSTOCK,2026-09-29T10:00:10+08:00,68.2,1.49,3928400.0,58.0,35,61.044776,319,FUGLE_MARKETDATA_V1,GOOD,False
4720,德淵,TSE,COMMONSTOCK,2026-09-29T10:00:10+08:00,19.4,1.84,3106500.0,161.0,21,61.002488,320,FUGLE_MARKETDATA_V1,GOOD,False
3346,麗清,TSE,COMMONSTOCK,2026-09-29T10:00:10+08:00,23.9,1.27,5009700.0,212.0,12,60.995025,321,FUGLE_MARKETDATA_V1,GOOD,False
9802,鈺齊-KY,TSE,COMMONSTOCK,2026-09-29T10:00:10+08:00,64.4,1.1,7000900.0,109.0,37,60.995025,322,FUGLE_MARKETDATA_V1,GOOD,False
4755,三福化,TSE,COMMONSTOCK,2026-09-29T10:00:10+08:00,117.0,1.3,4536000.0,39.0,21,60.920398,323,FUGLE_MARKETDATA_V1,GOOD,False
2014,中鴻,TSE,COMMONSTOCK,2026-09-29T10:00:10+08:00,16.95,0.3,49681050.0,2915.0,10,60.905473,324,FUGLE_MARKETDATA_V1,GOOD,False
5876,上海商銀,TSE,COMMONSTOCK,2026-09-29T10:00:10+08:00,49.1,0.31,43905350.0,893.0,17,60.853234,325,FUGLE_MARKETDATA_V1,GOOD,False
1101,台泥,TSE,COMMONSTOCK,2026-09-29T10:00:10+08:00,25.2,-0.2,246380450.0,9760.0,01,60.793532,326,FUGLE_MARKETDATA_V1,GOOD,False
6449,鈺邦,TSE,COMMONSTOCK,2026-09-29T10:00:10+08:00,210.5,0.48,21586500.0,103.0,28,60.701493,327,FUGLE_MARKETDATA_V1,GOOD,False
2645,長榮航太,TSE,COMMONSTOCK,2026-09-29T10:00:10+08:00,173.0,0.58,16935000.0,98.0,15,60.626866,328,FUGLE_MARKETDATA_V1,GOOD,False
5222,全訊,TSE,COMMONSTOCK,2026-09-29T10:00:10+08:00,106.5,1.43,3828500.0,36.0,24,60.567164,329,FUGLE_MARKETDATA_V1,GOOD,False
3036,文曄,TSE,COMMONSTOCK,2026-09-29T10:00:10+08:00,205.5,-0.72,240340000.0,1163.0,29,60.492537,330,FUGLE_MARKETDATA_V1,GOOD,False
4583,台灣精銳,TSE,COMMONSTOCK,2026-09-29T10:00:10+08:00,434.5,1.28,4334500.0,10.0,05,60.475124,331,FUGLE_MARKETDATA_V1,GOOD,False
6285,啟碁,TSE,COMMONSTOCK,2026-09-29T10:00:10+08:00,234.5,-1.47,174624000.0,743.0,27,60.420398,332,FUGLE_MARKETDATA_V1,GOOD,False
2468,華經,TSE,COMMONSTOCK,2026-09-29T10:00:10+08:00,46.65,0.54,17635700.0,383.0,30,60.400498,333,FUGLE_MARKETDATA_V1,GOOD,False
1314,中石化,TSE,COMMONSTOCK,2026-09-29T10:00:10+08:00,8.79,-0.79,232826270.0,26131.0,03,60.246269,334,FUGLE_MARKETDATA_V1,GOOD,False
3045,台灣大,TSE,COMMONSTOCK,2026-09-29T10:00:10+08:00,121.5,-0.82,217685000.0,1788.0,27,60.20398,335,FUGLE_MARKETDATA_V1,GOOD,False
2542,興富發,TSE,COMMONSTOCK,2026-09-29T10:00:10+08:00,38.9,-1.52,164534800.0,4233.0,14,60.124378,336,FUGLE_MARKETDATA_V1,GOOD,False
2886,兆豐金,TSE,COMMONSTOCK,2026-09-29T10:00:10+08:00,49.5,-0.2,178443300.0,3598.0,17,60.027363,337,FUGLE_MARKETDATA_V1,GOOD,False
2605,新興,TSE,COMMONSTOCK,2026-09-29T10:00:10+08:00,35.65,-2.33,140559400.0,3884.0,15,59.925373,338,FUGLE_MARKETDATA_V1,GOOD,False
8103,瀚荃,TSE,COMMONSTOCK,2026-09-29T10:00:10+08:00,121.5,-1.22,161016500.0,1332.0,28,59.910448,339,FUGLE_MARKETDATA_V1,GOOD,False
1718,中纖,TSE,COMMONSTOCK,2026-09-29T10:00:10+08:00,10.55,0.48,19687300.0,1858.0,21,59.880597,340,FUGLE_MARKETDATA_V1,GOOD,False
2028,威致,TSE,COMMONSTOCK,2026-09-29T10:00:10+08:00,16.75,2.13,2211450.0,133.0,10,59.878109,341,FUGLE_MARKETDATA_V1,GOOD,False
2455,全新,TSE,COMMONSTOCK,2026-09-29T10:00:10+08:00,547.0,-1.62,151252000.0,278.0,27,59.855721,342,FUGLE_MARKETDATA_V1,GOOD,False
2010,春源,TSE,COMMONSTOCK,2026-09-29T10:00:10+08:00,22.45,0.45,20460050.0,905.0,10,59.701493,343,FUGLE_MARKETDATA_V1,GOOD,False
6834,天二科技,TSE,COMMONSTOCK,2026-09-29T10:00:10+08:00,114.0,-1.72,139624500.0,1232.0,28,59.579602,344,FUGLE_MARKETDATA_V1,GOOD,False
2347,聯強,TSE,COMMONSTOCK,2026-09-29T10:00:10+08:00,94.3,-0.21,165332900.0,1713.0,29,59.529851,345,FUGLE_MARKETDATA_V1,GOOD,False
2892,第一金,TSE,COMMONSTOCK,2026-09-29T10:00:10+08:00,39.3,-0.51,174842300.0,4445.0,17,59.460199,346,FUGLE_MARKETDATA_V1,GOOD,False
3515,華擎,TSE,COMMONSTOCK,2026-09-29T10:00:10+08:00,213.0,0.95,6795500.0,32.0,25,59.370647,347,FUGLE_MARKETDATA_V1,GOOD,False
2851,中再保,TSE,COMMONSTOCK,2026-09-29T10:00:10+08:00,47.65,0.32,31658000.0,661.0,17,59.313433,348,FUGLE_MARKETDATA_V1,GOOD,False
2546,根基,TSE,COMMONSTOCK,2026-09-29T10:00:10+08:00,107.5,0.94,6882500.0,64.0,14,59.261194,349,FUGLE_MARKETDATA_V1,GOOD,False
4952,凌通,TSE,COMMONSTOCK,2026-09-29T10:00:10+08:00,49.65,1.43,3223650.0,65.0,24,59.253731,350,FUGLE_MARKETDATA_V1,GOOD,False
1587,吉茂,TSE,COMMONSTOCK,2026-09-29T10:00:10+08:00,24.0,2.13,1942050.0,81.0,12,58.893035,351,FUGLE_MARKETDATA_V1,GOOD,False
3356,奇偶,TSE,COMMONSTOCK,2026-09-29T10:00:10+08:00,66.1,1.38,3167800.0,48.0,26,58.800995,352,FUGLE_MARKETDATA_V1,GOOD,False
2466,冠西電,TSE,COMMONSTOCK,2026-09-29T10:00:10+08:00,114.5,-4.18,107509500.0,925.0,26,58.78607,353,FUGLE_MARKETDATA_V1,GOOD,False
6885,全福生技,TSE,COMMONSTOCK,2026-09-29T10:00:10+08:00,31.3,0.48,17137450.0,542.0,22,58.78607,354,FUGLE_MARKETDATA_V1,GOOD,False
3376,新日興,TSE,COMMONSTOCK,2026-09-29T10:00:10+08:00,172.5,-0.86,135398000.0,789.0,28,58.559701,355,FUGLE_MARKETDATA_V1,GOOD,False
3059,華晶科,TSE,COMMONSTOCK,2026-09-29T10:00:10+08:00,38.1,0.66,10824250.0,284.0,26,58.542289,356,FUGLE_MARKETDATA_V1,GOOD,False
2421,建準,TSE,COMMONSTOCK,2026-09-29T10:00:10+08:00,163.0,-2.4,107710500.0,660.0,28,58.437811,357,FUGLE_MARKETDATA_V1,GOOD,False
6831,邁科,TSE,COMMONSTOCK,2026-09-29T10:00:10+08:00,491.0,-1.31,113883000.0,232.0,25,58.39801,358,FUGLE_MARKETDATA_V1,GOOD,False
2489,瑞軒,TSE,COMMONSTOCK,2026-09-29T10:00:10+08:00,40.75,-0.12,121919700.0,3003.0,26,58.298507,359,FUGLE_MARKETDATA_V1,GOOD,False
3504,揚明光,TSE,COMMONSTOCK,2026-09-29T10:00:10+08:00,79.0,0.64,10824900.0,138.0,26,58.253731,360,FUGLE_MARKETDATA_V1,GOOD,False
4904,遠傳,TSE,COMMONSTOCK,2026-09-29T10:00:10+08:00,105.0,-0.47,129452000.0,1229.0,27,58.169154,361,FUGLE_MARKETDATA_V1,GOOD,False
2606,裕民,TSE,COMMONSTOCK,2026-09-29T10:00:10+08:00,74.5,-2.87,101939900.0,1359.0,15,58.139303,362,FUGLE_MARKETDATA_V1,GOOD,False
2618,長榮航,TSE,COMMONSTOCK,2026-09-29T10:00:10+08:00,41.6,-0.95,121097300.0,2895.0,15,58.131841,363,FUGLE_MARKETDATA_V1,GOOD,False
2637,慧洋-KY,TSE,COMMONSTOCK,2026-09-29T10:00:10+08:00,97.3,-3.18,101636100.0,1033.0,15,58.129353,364,FUGLE_MARKETDATA_V1,GOOD,False
2474,可成,TSE,COMMONSTOCK,2026-09-29T10:00:10+08:00,207.0,0.24,34633000.0,168.0,31,57.995025,365,FUGLE_MARKETDATA_V1,GOOD,False
1802,台玻,TSE,COMMONSTOCK,2026-09-29T10:00:10+08:00,58.0,-0.68,119970200.0,2072.0,08,57.858209,366,FUGLE_MARKETDATA_V1,GOOD,False
2812,台中銀,TSE,COMMONSTOCK,2026-09-29T10:00:10+08:00,19.0,0.0,100107450.0,5270.0,17,57.594527,367,FUGLE_MARKETDATA_V1,GOOD,False
7711,永擎,TSE,COMMONSTOCK,2026-09-29T10:00:10+08:00,543.0,0.18,38369000.0,71.0,25,57.532338,368,FUGLE_MARKETDATA_V1,GOOD,False
2429,銘旺科,TSE,COMMONSTOCK,2026-09-29T10:00:10+08:00,31.05,1.8,1882700.0,61.0,26,57.462687,369,FUGLE_MARKETDATA_V1,GOOD,False
3015,全漢,TSE,COMMONSTOCK,2026-09-29T10:00:10+08:00,53.8,0.94,4431400.0,82.0,28,57.455224,370,FUGLE_MARKETDATA_V1,GOOD,False
2458,義隆,TSE,COMMONSTOCK,2026-09-29T10:00:10+08:00,136.5,-0.73,109976000.0,805.0,24,57.29602,371,FUGLE_MARKETDATA_V1,GOOD,False
2355,敬鵬,TSE,COMMONSTOCK,2026-09-29T10:00:10+08:00,41.95,0.6,10170750.0,243.0,28,57.261194,372,FUGLE_MARKETDATA_V1,GOOD,False
2834,臺企銀,TSE,COMMONSTOCK,2026-09-29T10:00:10+08:00,17.75,-0.56,110013050.0,6182.0,17,57.253731,373,FUGLE_MARKETDATA_V1,GOOD,False
1605,華新,TSE,COMMONSTOCK,2026-09-29T10:00:10+08:00,36.6,-0.14,104019050.0,2836.0,06,57.136816,374,FUGLE_MARKETDATA_V1,GOOD,False
1477,聚陽,TSE,COMMONSTOCK,2026-09-29T10:00:10+08:00,192.0,0.52,11704500.0,61.0,04,57.027363,375,FUGLE_MARKETDATA_V1,GOOD,False
1476,儒鴻,TSE,COMMONSTOCK,2026-09-29T10:00:10+08:00,276.0,-0.18,103095000.0,373.0,04,57.0199,376,FUGLE_MARKETDATA_V1,GOOD,False
2236,百達-KY,TSE,COMMONSTOCK,2026-09-29T10:00:10+08:00,107.0,-0.47,108374000.0,1045.0,12,56.965174,377,FUGLE_MARKETDATA_V1,GOOD,False
2332,友訊,TSE,COMMONSTOCK,2026-09-29T10:00:10+08:00,20.15,0.25,28620900.0,1423.0,27,56.925373,378,FUGLE_MARKETDATA_V1,GOOD,False
2441,超豐,TSE,COMMONSTOCK,2026-09-29T10:00:10+08:00,122.5,-1.21,91703500.0,748.0,24,56.893035,379,FUGLE_MARKETDATA_V1,GOOD,False
2328,廣宇,TSE,COMMONSTOCK,2026-09-29T10:00:10+08:00,47.25,0.53,11287350.0,239.0,28,56.823383,380,FUGLE_MARKETDATA_V1,GOOD,False
3701,大眾控,TSE,COMMONSTOCK,2026-09-29T10:00:10+08:00,41.75,1.21,2833850.0,68.0,25,56.788557,381,FUGLE_MARKETDATA_V1,GOOD,False
6235,華孚,TSE,COMMONSTOCK,2026-09-29T10:00:10+08:00,39.15,1.16,3118050.0,80.0,25,56.746269,382,FUGLE_MARKETDATA_V1,GOOD,False
8422,可寧衛*,TSE,COMMONSTOCK,2026-09-29T10:00:10+08:00,25.65,0.39,17310950.0,675.0,35,56.743781,383,FUGLE_MARKETDATA_V1,GOOD,False
5880,合庫金,TSE,COMMONSTOCK,2026-09-29T10:00:10+08:00,26.45,0.0,82835200.0,3128.0,17,56.664179,384,FUGLE_MARKETDATA_V1,GOOD,False
3588,通嘉,TSE,COMMONSTOCK,2026-09-29T10:00:10+08:00,53.8,2.67,1121200.0,21.0,24,56.644279,385,FUGLE_MARKETDATA_V1,GOOD,False
2472,立隆電,TSE,COMMONSTOCK,2026-09-29T10:00:10+08:00,217.5,-0.46,103701500.0,479.0,28,56.61194,386,FUGLE_MARKETDATA_V1,GOOD,False
8021,尖點,TSE,COMMONSTOCK,2026-09-29T10:00:10+08:00,479.0,-0.21,96560500.0,204.0,31,56.574627,387,FUGLE_MARKETDATA_V1,GOOD,False
4545,銘鈺,TSE,COMMONSTOCK,2026-09-29T10:00:10+08:00,34.0,2.72,1087000.0,32.0,28,56.569652,388,FUGLE_MARKETDATA_V1,GOOD,False
1102,亞泥,TSE,COMMONSTOCK,2026-09-29T10:00:10+08:00,34.95,-2.1,78493200.0,2232.0,01,56.482587,389,FUGLE_MARKETDATA_V1,GOOD,False
2855,統一證,TSE,COMMONSTOCK,2026-09-29T10:00:10+08:00,57.0,-1.38,82635800.0,1445.0,17,56.303483,390,FUGLE_MARKETDATA_V1,GOOD,False
5469,瀚宇博,TSE,COMMONSTOCK,2026-09-29T10:00:10+08:00,73.4,0.55,9769100.0,133.0,28,56.258706,391,FUGLE_MARKETDATA_V1,GOOD,False
4142,國光生,TSE,COMMONSTOCK,2026-09-29T10:00:10+08:00,18.0,0.56,9636300.0,534.0,22,56.21393,392,FUGLE_MARKETDATA_V1,GOOD,False
4927,泰鼎-KY,TSE,COMMONSTOCK,2026-09-29T10:00:10+08:00,43.75,0.11,38293050.0,872.0,28,56.089552,393,FUGLE_MARKETDATA_V1,GOOD,False
4764,雙鍵,TSE,COMMONSTOCK,2026-09-29T10:00:10+08:00,182.5,-0.27,89812000.0,501.0,21,56.087065,394,FUGLE_MARKETDATA_V1,GOOD,False
9904,寶成,TSE,COMMONSTOCK,2026-09-29T10:00:10+08:00,24.95,0.0,74648400.0,2992.0,37,56.062189,395,FUGLE_MARKETDATA_V1,GOOD,False
8926,台汽電,TSE,COMMONSTOCK,2026-09-29T10:00:10+08:00,59.0,0.34,18718700.0,317.0,23,56.032338,396,FUGLE_MARKETDATA_V1,GOOD,False
3029,零壹,TSE,COMMONSTOCK,2026-09-29T10:00:10+08:00,118.0,-1.67,76233000.0,644.0,30,56.014925,397,FUGLE_MARKETDATA_V1,GOOD,False
1312,國喬,TSE,COMMONSTOCK,2026-09-29T10:00:10+08:00,14.55,-0.34,91206900.0,6165.0,03,56.007463,398,FUGLE_MARKETDATA_V1,GOOD,False
1760,寶齡富錦,TSE,COMMONSTOCK,2026-09-29T10:00:10+08:00,54.4,1.3,2279800.0,42.0,22,55.995025,399,FUGLE_MARKETDATA_V1,GOOD,False
6205,詮欣,TSE,COMMONSTOCK,2026-09-29T10:00:10+08:00,72.0,-2.17,73534300.0,1025.0,28,55.880597,400,FUGLE_MARKETDATA_V1,GOOD,False
4763,材料*-KY,TSE,COMMONSTOCK,2026-09-29T10:00:10+08:00,45.95,-0.33,87402850.0,1894.0,21,55.843284,401,FUGLE_MARKETDATA_V1,GOOD,False
6271,同欣電,TSE,COMMONSTOCK,2026-09-29T10:00:10+08:00,228.5,-0.22,84172500.0,370.0,24,55.833333,402,FUGLE_MARKETDATA_V1,GOOD,False
8110,華東,TSE,COMMONSTOCK,2026-09-29T10:00:10+08:00,48.6,-0.82,86263550.0,1782.0,24,55.825871,403,FUGLE_MARKETDATA_V1,GOOD,False
8112,至上,TSE,COMMONSTOCK,2026-09-29T10:00:10+08:00,83.1,-0.48,88024900.0,1057.0,29,55.681592,404,FUGLE_MARKETDATA_V1,GOOD,False
2302,麗正,TSE,COMMONSTOCK,2026-09-29T10:00:10+08:00,46.05,0.0,71901800.0,1553.0,24,55.679104,405,FUGLE_MARKETDATA_V1,GOOD,False
2413,環科,TSE,COMMONSTOCK,2026-09-29T10:00:10+08:00,51.4,0.19,27774800.0,541.0,28,55.644279,406,FUGLE_MARKETDATA_V1,GOOD,False
5871,中租-KY,TSE,COMMONSTOCK,2026-09-29T10:00:10+08:00,107.0,0.0,71779500.0,670.0,20,55.624378,407,FUGLE_MARKETDATA_V1,GOOD,False
2880,華南金,TSE,COMMONSTOCK,2026-09-29T10:00:10+08:00,45.6,-0.33,82868650.0,1807.0,17,55.569652,408,FUGLE_MARKETDATA_V1,GOOD,False
2241,艾姆勒,TSE,COMMONSTOCK,2026-09-29T10:00:10+08:00,41.7,-4.36,59631500.0,1421.0,12,55.557214,409,FUGLE_MARKETDATA_V1,GOOD,False
2912,統一超,TSE,COMMONSTOCK,2026-09-29T10:00:10+08:00,212.0,-0.24,78144000.0,368.0,18,55.442786,410,FUGLE_MARKETDATA_V1,GOOD,False
2406,國碩,TSE,COMMONSTOCK,2026-09-29T10:00:10+08:00,30.25,-0.82,78586900.0,2589.0,26,55.38806,411,FUGLE_MARKETDATA_V1,GOOD,False
1612,宏泰,TSE,COMMONSTOCK,2026-09-29T10:00:10+08:00,35.25,0.57,8611900.0,244.0,06,55.370647,412,FUGLE_MARKETDATA_V1,GOOD,False
2022,聚亨,TSE,COMMONSTOCK,2026-09-29T10:00:10+08:00,7.33,2.37,1009350.0,138.0,10,55.325871,413,FUGLE_MARKETDATA_V1,GOOD,False
6412,群電,TSE,COMMONSTOCK,2026-09-29T10:00:10+08:00,75.0,0.54,8829700.0,118.0,28,55.201493,414,FUGLE_MARKETDATA_V1,GOOD,False
6902,GOGOLOOK,TSE,COMMONSTOCK,2026-09-29T10:00:10+08:00,170.0,-3.68,50848000.0,296.0,36,55.11194,415,FUGLE_MARKETDATA_V1,GOOD,False
3715,定穎投控,TSE,COMMONSTOCK,2026-09-29T10:00:10+08:00,122.5,-0.41,77608000.0,638.0,28,55.022388,416,FUGLE_MARKETDATA_V1,GOOD,False
4585,達明,TSE,COMMONSTOCK,2026-09-29T10:00:10+08:00,294.0,0.34,15720000.0,54.0,31,54.937811,417,FUGLE_MARKETDATA_V1,GOOD,False
3090,日電貿,TSE,COMMONSTOCK,2026-09-29T10:00:10+08:00,162.5,-1.52,60567000.0,372.0,28,54.81592,418,FUGLE_MARKETDATA_V1,GOOD,False
9945,潤泰新,TSE,COMMONSTOCK,2026-09-29T10:00:10+08:00,29.5,-1.34,61366100.0,2076.0,20,54.810945,419,FUGLE_MARKETDATA_V1,GOOD,False
4967,十銓,TSE,COMMONSTOCK,2026-09-29T10:00:10+08:00,272.5,0.0,56008500.0,206.0,24,54.748756,420,FUGLE_MARKETDATA_V1,GOOD,False
3057,喬鼎,TSE,COMMONSTOCK,2026-09-29T10:00:10+08:00,16.3,3.16,696300.0,44.0,25,54.696517,421,FUGLE_MARKETDATA_V1,GOOD,False
3010,華立,TSE,COMMONSTOCK,2026-09-29T10:00:10+08:00,126.5,0.4,12118500.0,96.0,29,54.579602,422,FUGLE_MARKETDATA_V1,GOOD,False
3528,安馳,TSE,COMMONSTOCK,2026-09-29T10:00:10+08:00,85.6,0.71,4614800.0,54.0,29,54.579602,423,FUGLE_MARKETDATA_V1,GOOD,False
3645,達邁,TSE,COMMONSTOCK,2026-09-29T10:00:10+08:00,72.3,-1.36,59163000.0,818.0,28,54.537313,424,FUGLE_MARKETDATA_V1,GOOD,False
2353,宏碁,TSE,COMMONSTOCK,2026-09-29T10:00:10+08:00,31.55,-0.63,72421500.0,2291.0,25,54.532338,425,FUGLE_MARKETDATA_V1,GOOD,False
8045,達運光電,TSE,COMMONSTOCK,2026-09-29T10:00:10+08:00,54.1,1.5,1514200.0,28.0,27,54.512438,426,FUGLE_MARKETDATA_V1,GOOD,False
3576,聯合再生,TSE,COMMONSTOCK,2026-09-29T10:00:10+08:00,18.2,-0.27,69157100.0,3826.0,26,54.5,427,FUGLE_MARKETDATA_V1,GOOD,False
8473,山林水,TSE,COMMONSTOCK,2026-09-29T10:00:10+08:00,39.7,0.76,4154200.0,105.0,35,54.425373,428,FUGLE_MARKETDATA_V1,GOOD,False
2354,鴻準,TSE,COMMONSTOCK,2026-09-29T10:00:10+08:00,65.6,-0.46,69941600.0,1065.0,31,54.20398,429,FUGLE_MARKETDATA_V1,GOOD,False
3054,立萬利,TSE,COMMONSTOCK,2026-09-29T10:00:10+08:00,59.0,1.03,2537600.0,43.0,29,54.20398,430,FUGLE_MARKETDATA_V1,GOOD,False
6243,迅杰,TSE,COMMONSTOCK,2026-09-29T10:00:10+08:00,39.75,0.63,5642850.0,143.0,24,54.104478,431,FUGLE_MARKETDATA_V1,GOOD,False
9939,宏全,TSE,COMMONSTOCK,2026-09-29T10:00:10+08:00,125.0,0.4,11621500.0,93.0,20,54.087065,432,FUGLE_MARKETDATA_V1,GOOD,False
1528,恩德,TSE,COMMONSTOCK,2026-09-29T10:00:10+08:00,25.45,0.0,42395850.0,1675.0,05,53.982587,433,FUGLE_MARKETDATA_V1,GOOD,False
3023,信邦,TSE,COMMONSTOCK,2026-09-29T10:00:10+08:00,310.5,-0.16,53165000.0,171.0,28,53.71393,434,FUGLE_MARKETDATA_V1,GOOD,False
3296,勝德,TSE,COMMONSTOCK,2026-09-29T10:00:10+08:00,28.4,1.61,1238950.0,43.0,28,53.711443,435,FUGLE_MARKETDATA_V1,GOOD,False
6443,元晶,TSE,COMMONSTOCK,2026-09-29T10:00:10+08:00,27.65,-2.12,40468000.0,1466.0,26,53.621891,436,FUGLE_MARKETDATA_V1,GOOD,False
1216,統一,TSE,COMMONSTOCK,2026-09-29T10:00:10+08:00,74.4,-0.13,50385900.0,675.0,02,53.616915,437,FUGLE_MARKETDATA_V1,GOOD,False
6141,柏承,TSE,COMMONSTOCK,2026-09-29T10:00:10+08:00,51.9,0.19,20298900.0,390.0,28,53.50995,438,FUGLE_MARKETDATA_V1,GOOD,False
2243,宏旭-KY,TSE,COMMONSTOCK,2026-09-29T10:00:10+08:00,50.6,0.8,3432450.0,68.0,12,53.445274,439,FUGLE_MARKETDATA_V1,GOOD,False
1309,台達化,TSE,COMMONSTOCK,2026-09-29T10:00:10+08:00,13.85,0.36,11958600.0,851.0,03,53.400498,440,FUGLE_MARKETDATA_V1,GOOD,False
4976,佳凌,TSE,COMMONSTOCK,2026-09-29T10:00:10+08:00,35.5,0.85,3109900.0,88.0,26,53.303483,441,FUGLE_MARKETDATA_V1,GOOD,False
2006,東和鋼鐵,TSE,COMMONSTOCK,2026-09-29T10:00:10+08:00,86.4,-1.59,39964700.0,459.0,10,53.281095,442,FUGLE_MARKETDATA_V1,GOOD,False
1503,士電,TSE,COMMONSTOCK,2026-09-29T10:00:10+08:00,195.5,-0.26,46873000.0,240.0,05,53.238806,443,FUGLE_MARKETDATA_V1,GOOD,False
3049,精金,TSE,COMMONSTOCK,2026-09-29T10:00:10+08:00,12.3,0.41,9655450.0,783.0,26,53.141791,444,FUGLE_MARKETDATA_V1,GOOD,False
2371,大同,TSE,COMMONSTOCK,2026-09-29T10:00:10+08:00,28.75,-0.35,47159800.0,1638.0,05,53.106965,445,FUGLE_MARKETDATA_V1,GOOD,False
6214,精誠,TSE,COMMONSTOCK,2026-09-29T10:00:10+08:00,188.5,-1.05,40539500.0,214.0,30,52.91791,446,FUGLE_MARKETDATA_V1,GOOD,False
1608,華榮,TSE,COMMONSTOCK,2026-09-29T10:00:10+08:00,35.6,0.28,15315550.0,428.0,06,52.833333,447,FUGLE_MARKETDATA_V1,GOOD,False
3712,永崴投控,TSE,COMMONSTOCK,2026-09-29T10:00:10+08:00,20.85,0.72,3498050.0,168.0,25,52.810945,448,FUGLE_MARKETDATA_V1,GOOD,False
2727,王品,TSE,COMMONSTOCK,2026-09-29T10:00:10+08:00,233.0,0.43,8617500.0,37.0,16,52.61194,449,FUGLE_MARKETDATA_V1,GOOD,False
8499,鼎炫-KY,TSE,COMMONSTOCK,2026-09-29T10:00:10+08:00,258.0,1.38,1279500.0,5.0,31,52.507463,450,FUGLE_MARKETDATA_V1,GOOD,False
4169,泰宗,TSE,COMMONSTOCK,2026-09-29T10:00:10+08:00,149.5,0.67,3561500.0,24.0,22,52.273632,451,FUGLE_MARKETDATA_V1,GOOD,False
5236,凌陽創新,TSE,COMMONSTOCK,2026-09-29T10:00:10+08:00,137.0,1.11,1630500.0,12.0,24,52.271144,452,FUGLE_MARKETDATA_V1,GOOD,False
2104,國際中橡,TSE,COMMONSTOCK,2026-09-29T10:00:10+08:00,10.9,-2.24,31504300.0,2843.0,11,52.258706,453,FUGLE_MARKETDATA_V1,GOOD,False
4916,事欣科,TSE,COMMONSTOCK,2026-09-29T10:00:10+08:00,102.0,-0.49,40140000.0,394.0,25,52.223881,454,FUGLE_MARKETDATA_V1,GOOD,False
2617,台航,TSE,COMMONSTOCK,2026-09-29T10:00:10+08:00,31.5,-3.96,29197050.0,913.0,15,52.124378,455,FUGLE_MARKETDATA_V1,GOOD,False
3004,豐達科,TSE,COMMONSTOCK,2026-09-29T10:00:10+08:00,118.0,0.85,2591000.0,22.0,10,52.099502,456,FUGLE_MARKETDATA_V1,GOOD,False
2101,南港,TSE,COMMONSTOCK,2026-09-29T10:00:10+08:00,29.95,0.34,11118750.0,371.0,11,52.09204,457,FUGLE_MARKETDATA_V1,GOOD,False
2610,華航,TSE,COMMONSTOCK,2026-09-29T10:00:10+08:00,20.2,-0.49,37822300.0,1872.0,15,52.004975,458,FUGLE_MARKETDATA_V1,GOOD,False
4555,氣立,TSE,COMMONSTOCK,2026-09-29T10:00:10+08:00,42.05,0.96,2005650.0,48.0,05,51.99005,459,FUGLE_MARKETDATA_V1,GOOD,False
1316,上曜,TSE,COMMONSTOCK,2026-09-29T10:00:10+08:00,10.55,0.96,1992050.0,190.0,14,51.935323,460,FUGLE_MARKETDATA_V1,GOOD,False
6491,晶碩,TSE,COMMONSTOCK,2026-09-29T10:00:10+08:00,402.5,0.12,20107000.0,50.0,22,51.870647,461,FUGLE_MARKETDATA_V1,GOOD,False
2478,大毅,TSE,COMMONSTOCK,2026-09-29T10:00:10+08:00,119.5,-0.42,36471500.0,306.0,28,51.81592,462,FUGLE_MARKETDATA_V1,GOOD,False
3135,凌航,TSE,COMMONSTOCK,2026-09-29T10:00:10+08:00,157.0,0.32,11312000.0,72.0,24,51.761194,463,FUGLE_MARKETDATA_V1,GOOD,False
2375,凱美,TSE,COMMONSTOCK,2026-09-29T10:00:10+08:00,117.5,0.0,29942000.0,255.0,28,51.68408,464,FUGLE_MARKETDATA_V1,GOOD,False
6715,嘉基,TSE,COMMONSTOCK,2026-09-29T10:00:10+08:00,461.5,-1.6,30063500.0,65.0,28,51.584577,465,FUGLE_MARKETDATA_V1,GOOD,False
5434,崇越,TSE,COMMONSTOCK,2026-09-29T10:00:10+08:00,542.0,0.0,29181000.0,54.0,29,51.465174,466,FUGLE_MARKETDATA_V1,GOOD,False
6756,威鋒電子,TSE,COMMONSTOCK,2026-09-29T10:00:10+08:00,98.2,0.72,2855000.0,29.0,24,51.38806,467,FUGLE_MARKETDATA_V1,GOOD,False
3013,晟銘電,TSE,COMMONSTOCK,2026-09-29T10:00:10+08:00,84.7,0.24,14121000.0,167.0,25,51.318408,468,FUGLE_MARKETDATA_V1,GOOD,False
6753,龍德造船,TSE,COMMONSTOCK,2026-09-29T10:00:10+08:00,133.0,0.38,8676000.0,65.0,15,51.31592,469,FUGLE_MARKETDATA_V1,GOOD,False
5243,乙盛-KY,TSE,COMMONSTOCK,2026-09-29T10:00:10+08:00,89.2,0.11,19071300.0,215.0,26,51.273632,470,FUGLE_MARKETDATA_V1,GOOD,False
1256,鮮活果汁-KY,TSE,COMMONSTOCK,2026-09-29T10:00:10+08:00,168.0,0.9,2027500.0,12.0,02,51.156716,471,FUGLE_MARKETDATA_V1,GOOD,False
4104,佳醫,TSE,COMMONSTOCK,2026-09-29T10:00:10+08:00,72.3,0.56,3901400.0,54.0,22,51.124378,472,FUGLE_MARKETDATA_V1,GOOD,False
2483,百容,TSE,COMMONSTOCK,2026-09-29T10:00:10+08:00,32.8,0.77,2582900.0,79.0,28,51.119403,473,FUGLE_MARKETDATA_V1,GOOD,False
6224,聚鼎,TSE,COMMONSTOCK,2026-09-29T10:00:10+08:00,79.9,-2.8,25196900.0,313.0,28,50.940299,474,FUGLE_MARKETDATA_V1,GOOD,False
1909,榮成,TSE,COMMONSTOCK,2026-09-29T10:00:10+08:00,10.15,0.5,4396900.0,435.0,09,50.927861,475,FUGLE_MARKETDATA_V1,GOOD,False
1810,和成,TSE,COMMONSTOCK,2026-09-29T10:00:10+08:00,24.05,0.42,6499500.0,270.0,08,50.78607,476,FUGLE_MARKETDATA_V1,GOOD,False
2415,錩新,TSE,COMMONSTOCK,2026-09-29T10:00:10+08:00,27.45,1.67,710250.0,26.0,28,50.78607,477,FUGLE_MARKETDATA_V1,GOOD,False
1598,岱宇,TSE,COMMONSTOCK,2026-09-29T10:00:10+08:00,20.6,1.23,1128900.0,55.0,37,50.758706,478,FUGLE_MARKETDATA_V1,GOOD,False
2439,美律,TSE,COMMONSTOCK,2026-09-29T10:00:10+08:00,78.2,0.0,25796200.0,330.0,27,50.753731,479,FUGLE_MARKETDATA_V1,GOOD,False
9958,世紀鋼,TSE,COMMONSTOCK,2026-09-29T10:00:10+08:00,92.4,0.22,13762800.0,149.0,10,50.733831,480,FUGLE_MARKETDATA_V1,GOOD,False
6541,泰福-KY,TSE,COMMONSTOCK,2026-09-29T10:00:10+08:00,30.45,0.5,4314200.0,143.0,22,50.681592,481,FUGLE_MARKETDATA_V1,GOOD,False
8131,福懋科,TSE,COMMONSTOCK,2026-09-29T10:00:10+08:00,61.6,0.33,9347800.0,152.0,24,50.669154,482,FUGLE_MARKETDATA_V1,GOOD,False
4736,泰博,TSE,COMMONSTOCK,2026-09-29T10:00:10+08:00,130.0,0.39,7285000.0,56.0,22,50.614428,483,FUGLE_MARKETDATA_V1,GOOD,False
2405,輔信,TSE,COMMONSTOCK,2026-09-29T10:00:10+08:00,15.15,0.66,2910450.0,192.0,25,50.606965,484,FUGLE_MARKETDATA_V1,GOOD,False
6005,群益證,TSE,COMMONSTOCK,2026-09-29T10:00:10+08:00,31.85,-0.47,30118600.0,942.0,17,50.452736,485,FUGLE_MARKETDATA_V1,GOOD,False
1305,華夏,TSE,COMMONSTOCK,2026-09-29T10:00:10+08:00,12.15,0.41,6351650.0,516.0,03,50.405473,486,FUGLE_MARKETDATA_V1,GOOD,False
6890,來億-KY,TSE,COMMONSTOCK,2026-09-29T10:00:10+08:00,148.5,1.37,887000.0,6.0,37,50.370647,487,FUGLE_MARKETDATA_V1,GOOD,False
1215,卜蜂,TSE,COMMONSTOCK,2026-09-29T10:00:10+08:00,105.5,0.0,23677500.0,225.0,02,50.31592,488,FUGLE_MARKETDATA_V1,GOOD,False
8070,長華*,TSE,COMMONSTOCK,2026-09-29T10:00:10+08:00,49.85,0.3,10143550.0,204.0,29,50.288557,489,FUGLE_MARKETDATA_V1,GOOD,False
2504,國產,TSE,COMMONSTOCK,2026-09-29T10:00:10+08:00,30.55,-1.13,25976400.0,846.0,14,50.273632,490,FUGLE_MARKETDATA_V1,GOOD,False
2633,台灣高鐵,TSE,COMMONSTOCK,2026-09-29T10:00:10+08:00,25.6,0.2,13268000.0,517.0,15,50.216418,491,FUGLE_MARKETDATA_V1,GOOD,False
2428,興勤,TSE,COMMONSTOCK,2026-09-29T10:00:10+08:00,254.5,-0.2,26596500.0,105.0,28,50.176617,492,FUGLE_MARKETDATA_V1,GOOD,False
3164,景岳,TSE,COMMONSTOCK,2026-09-29T10:00:10+08:00,16.6,1.84,527600.0,32.0,22,50.057214,493,FUGLE_MARKETDATA_V1,GOOD,False
4571,鈞興-KY,TSE,COMMONSTOCK,2026-09-29T10:00:10+08:00,153.5,0.66,2595500.0,17.0,05,49.840796,494,FUGLE_MARKETDATA_V1,GOOD,False
2845,遠東銀,TSE,COMMONSTOCK,2026-09-29T10:00:10+08:00,13.25,-0.38,26710200.0,2017.0,17,49.823383,495,FUGLE_MARKETDATA_V1,GOOD,False
6589,台康生技,TSE,COMMONSTOCK,2026-09-29T10:00:10+08:00,51.7,0.58,3148000.0,61.0,22,49.791045,496,FUGLE_MARKETDATA_V1,GOOD,False
2889,國票金,TSE,COMMONSTOCK,2026-09-29T10:00:10+08:00,16.5,-0.3,26033400.0,1574.0,17,49.776119,497,FUGLE_MARKETDATA_V1,GOOD,False
1402,遠東新,TSE,COMMONSTOCK,2026-09-29T10:00:10+08:00,28.0,-0.53,26341100.0,937.0,04,49.70398,498,FUGLE_MARKETDATA_V1,GOOD,False
5388,中磊,TSE,COMMONSTOCK,2026-09-29T10:00:10+08:00,72.8,-0.82,25797400.0,354.0,27,49.696517,499,FUGLE_MARKETDATA_V1,GOOD,False
3622,洋華,TSE,COMMONSTOCK,2026-09-29T10:00:10+08:00,44.5,0.68,2441150.0,55.0,26,49.679104,500,FUGLE_MARKETDATA_V1,GOOD,False
2103,台橡,TSE,COMMONSTOCK,2026-09-29T10:00:10+08:00,27.45,-1.26,22950950.0,827.0,11,49.659204,501,FUGLE_MARKETDATA_V1,GOOD,False
6477,安集,TSE,COMMONSTOCK,2026-09-29T10:00:10+08:00,34.25,0.74,2087300.0,61.0,26,49.534826,502,FUGLE_MARKETDATA_V1,GOOD,False
3046,建碁,TSE,COMMONSTOCK,2026-09-29T10:00:10+08:00,54.3,0.93,1508200.0,28.0,25,49.524876,503,FUGLE_MARKETDATA_V1,GOOD,False
2392,正崴,TSE,COMMONSTOCK,2026-09-29T10:00:10+08:00,41.35,-1.19,22821550.0,550.0,28,49.507463,504,FUGLE_MARKETDATA_V1,GOOD,False
4564,元翎,TSE,COMMONSTOCK,2026-09-29T10:00:10+08:00,16.2,0.93,1505450.0,93.0,05,49.470149,505,FUGLE_MARKETDATA_V1,GOOD,False
6277,宏正,TSE,COMMONSTOCK,2026-09-29T10:00:10+08:00,78.2,0.51,3438300.0,44.0,25,49.365672,506,FUGLE_MARKETDATA_V1,GOOD,False
7689,大鵬科CLMX,TSE,COMMONSTOCK,2026-09-29T10:00:10+08:00,160.0,0.95,1439000.0,9.0,27,49.355721,507,FUGLE_MARKETDATA_V1,GOOD,False
2031,新光鋼,TSE,COMMONSTOCK,2026-09-29T10:00:10+08:00,45.65,-0.98,23444100.0,508.0,10,49.310945,508,FUGLE_MARKETDATA_V1,GOOD,False
4178,永笙-KY,TSE,COMMONSTOCK,2026-09-29T10:00:10+08:00,16.7,1.21,892100.0,54.0,22,49.291045,509,FUGLE_MARKETDATA_V1,GOOD,False
2457,飛宏,TSE,COMMONSTOCK,2026-09-29T10:00:10+08:00,22.05,0.46,4021400.0,182.0,28,49.19403,510,FUGLE_MARKETDATA_V1,GOOD,False
7749,意騰-KY,TSE,COMMONSTOCK,2026-09-29T10:00:10+08:00,392.5,-0.76,23523000.0,60.0,24,49.08209,511,FUGLE_MARKETDATA_V1,GOOD,False
1722,台肥,TSE,COMMONSTOCK,2026-09-29T10:00:10+08:00,41.3,0.0,20219250.0,490.0,21,49.057214,512,FUGLE_MARKETDATA_V1,GOOD,False
1434,福懋,TSE,COMMONSTOCK,2026-09-29T10:00:10+08:00,18.0,0.28,9158200.0,507.0,04,49.002488,513,FUGLE_MARKETDATA_V1,GOOD,False
4915,致伸,TSE,COMMONSTOCK,2026-09-29T10:00:10+08:00,63.9,-0.31,22276100.0,348.0,28,48.619403,514,FUGLE_MARKETDATA_V1,GOOD,False
6176,瑞儀,TSE,COMMONSTOCK,2026-09-29T10:00:10+08:00,91.7,-0.11,21045700.0,230.0,26,48.61194,515,FUGLE_MARKETDATA_V1,GOOD,False
6117,迎廣,TSE,COMMONSTOCK,2026-09-29T10:00:10+08:00,62.0,0.49,3281000.0,53.0,25,48.422886,516,FUGLE_MARKETDATA_V1,GOOD,False
2349,錸德,TSE,COMMONSTOCK,2026-09-29T10:00:10+08:00,10.4,0.48,3341650.0,321.0,26,48.333333,517,FUGLE_MARKETDATA_V1,GOOD,False
1440,南紡,TSE,COMMONSTOCK,2026-09-29T10:00:10+08:00,13.3,-1.48,18868800.0,1406.0,04,48.216418,518,FUGLE_MARKETDATA_V1,GOOD,False
3025,星通,TSE,COMMONSTOCK,2026-09-29T10:00:10+08:00,52.9,0.95,1158400.0,22.0,27,48.206468,519,FUGLE_MARKETDATA_V1,GOOD,False
6550,北極星藥業-KY,TSE,COMMONSTOCK,2026-09-29T10:00:10+08:00,17.5,-8.38,15501200.0,887.0,22,47.995025,520,FUGLE_MARKETDATA_V1,GOOD,False
2201,裕隆,TSE,COMMONSTOCK,2026-09-29T10:00:10+08:00,29.25,0.0,17856850.0,610.0,12,47.962687,521,FUGLE_MARKETDATA_V1,GOOD,False
1229,聯華,TSE,COMMONSTOCK,2026-09-29T10:00:10+08:00,39.9,-0.5,20316900.0,508.0,02,47.937811,522,FUGLE_MARKETDATA_V1,GOOD,False
9906,欣巴巴,TSE,COMMONSTOCK,2026-09-29T10:00:10+08:00,40.05,1.14,811600.0,20.0,14,47.910448,523,FUGLE_MARKETDATA_V1,GOOD,False
1447,力鵬,TSE,COMMONSTOCK,2026-09-29T10:00:10+08:00,6.43,0.63,2032660.0,314.0,04,47.756219,524,FUGLE_MARKETDATA_V1,GOOD,False
4771,望隼,TSE,COMMONSTOCK,2026-09-29T10:00:10+08:00,212.5,0.24,8546500.0,40.0,22,47.597015,525,FUGLE_MARKETDATA_V1,GOOD,False
2838,聯邦銀,TSE,COMMONSTOCK,2026-09-29T10:00:10+08:00,20.8,-0.95,18997950.0,911.0,17,47.569652,526,FUGLE_MARKETDATA_V1,GOOD,False
2211,長榮鋼,TSE,COMMONSTOCK,2026-09-29T10:00:10+08:00,79.0,-0.75,19644900.0,248.0,10,47.557214,527,FUGLE_MARKETDATA_V1,GOOD,False
8105,凌巨,TSE,COMMONSTOCK,2026-09-29T10:00:10+08:00,14.9,0.34,4929650.0,332.0,26,47.385572,528,FUGLE_MARKETDATA_V1,GOOD,False
2208,台船,TSE,COMMONSTOCK,2026-09-29T10:00:10+08:00,19.3,-0.52,19325400.0,999.0,15,47.350746,529,FUGLE_MARKETDATA_V1,GOOD,False
1304,台聚,TSE,COMMONSTOCK,2026-09-29T10:00:10+08:00,12.45,-0.4,19421300.0,1535.0,03,47.345771,530,FUGLE_MARKETDATA_V1,GOOD,False
2548,華固,TSE,COMMONSTOCK,2026-09-29T10:00:10+08:00,93.0,-0.21,18413900.0,198.0,14,47.216418,531,FUGLE_MARKETDATA_V1,GOOD,False
1319,東陽,TSE,COMMONSTOCK,2026-09-29T10:00:10+08:00,78.3,-0.76,18713800.0,239.0,12,47.11194,532,FUGLE_MARKETDATA_V1,GOOD,False
2539,櫻花建,TSE,COMMONSTOCK,2026-09-29T10:00:10+08:00,34.0,-1.31,16231550.0,477.0,14,47.069652,533,FUGLE_MARKETDATA_V1,GOOD,False
2646,星宇航空,TSE,COMMONSTOCK,2026-09-29T10:00:10+08:00,20.15,-0.25,18133800.0,899.0,15,47.069652,534,FUGLE_MARKETDATA_V1,GOOD,False
3593,力銘,TSE,COMMONSTOCK,2026-09-29T10:00:10+08:00,10.45,10.0,51850.0,5.0,28,46.893035,535,FUGLE_MARKETDATA_V1,GOOD,False
9933,中鼎,TSE,COMMONSTOCK,2026-09-29T10:00:10+08:00,40.75,-0.61,18234700.0,446.0,20,46.855721,536,FUGLE_MARKETDATA_V1,GOOD,False
2420,新巨,TSE,COMMONSTOCK,2026-09-29T10:00:10+08:00,54.2,0.56,2053000.0,38.0,28,46.746269,537,FUGLE_MARKETDATA_V1,GOOD,False
1725,元禎,TSE,COMMONSTOCK,2026-09-29T10:00:10+08:00,34.5,1.77,340500.0,10.0,21,46.726368,538,FUGLE_MARKETDATA_V1,GOOD,False
9105,泰金寶-DR,TSE,COMMONSTOCK,2026-09-29T10:00:10+08:00,8.42,-0.12,16549450.0,1967.0,91,46.696517,539,FUGLE_MARKETDATA_V1,GOOD,False
1714,和桐,TSE,COMMONSTOCK,2026-09-29T10:00:10+08:00,15.75,0.0,14592550.0,926.0,21,46.485075,540,FUGLE_MARKETDATA_V1,GOOD,False
2915,潤泰全,TSE,COMMONSTOCK,2026-09-29T10:00:10+08:00,59.8,-0.33,16638100.0,278.0,18,46.430348,541,FUGLE_MARKETDATA_V1,GOOD,False
3311,閎暉,TSE,COMMONSTOCK,2026-09-29T10:00:10+08:00,38.2,0.39,3379950.0,89.0,27,46.345771,542,FUGLE_MARKETDATA_V1,GOOD,False
3138,耀登,TSE,COMMONSTOCK,2026-09-29T10:00:10+08:00,99.3,-0.1,15607100.0,158.0,27,46.313433,543,FUGLE_MARKETDATA_V1,GOOD,False
8464,億豐,TSE,COMMONSTOCK,2026-09-29T10:00:10+08:00,372.5,0.0,14184500.0,38.0,38,46.266169,544,FUGLE_MARKETDATA_V1,GOOD,False
6742,澤米,TSE,COMMONSTOCK,2026-09-29T10:00:10+08:00,54.5,-0.37,16049100.0,296.0,26,46.037313,545,FUGLE_MARKETDATA_V1,GOOD,False
2329,華泰,TSE,COMMONSTOCK,2026-09-29T10:00:10+08:00,44.05,-0.79,15631350.0,354.0,24,46.017413,546,FUGLE_MARKETDATA_V1,GOOD,False
3704,合勤控,TSE,COMMONSTOCK,2026-09-29T10:00:10+08:00,40.55,0.12,9302700.0,230.0,27,46.014925,547,FUGLE_MARKETDATA_V1,GOOD,False
2722,夏都,TSE,COMMONSTOCK,2026-09-29T10:00:10+08:00,21.4,1.42,405550.0,19.0,16,45.952736,548,FUGLE_MARKETDATA_V1,GOOD,False
6916,華凌,TSE,COMMONSTOCK,2026-09-29T10:00:10+08:00,19.25,5.19,75600.0,4.0,26,45.952736,549,FUGLE_MARKETDATA_V1,GOOD,False
7768,頌勝科技,TSE,COMMONSTOCK,2026-09-29T10:00:10+08:00,304.0,-0.16,15405500.0,51.0,24,45.942786,550,FUGLE_MARKETDATA_V1,GOOD,False
6112,邁達特,TSE,COMMONSTOCK,2026-09-29T10:00:10+08:00,47.25,-0.94,15340850.0,323.0,30,45.858209,551,FUGLE_MARKETDATA_V1,GOOD,False
9917,中保科,TSE,COMMONSTOCK,2026-09-29T10:00:10+08:00,106.0,0.0,13471000.0,127.0,20,45.828358,552,FUGLE_MARKETDATA_V1,GOOD,False
8222,寶一,TSE,COMMONSTOCK,2026-09-29T10:00:10+08:00,35.45,0.85,958250.0,27.0,05,45.696517,553,FUGLE_MARKETDATA_V1,GOOD,False
3048,益登,TSE,COMMONSTOCK,2026-09-29T10:00:10+08:00,51.7,-0.39,15472600.0,299.0,29,45.649254,554,FUGLE_MARKETDATA_V1,GOOD,False
7765,中華資安,TSE,COMMONSTOCK,2026-09-29T10:00:10+08:00,235.5,-2.28,12334000.0,52.0,36,45.487562,555,FUGLE_MARKETDATA_V1,GOOD,False
9911,櫻花,TSE,COMMONSTOCK,2026-09-29T10:00:10+08:00,81.6,0.25,5385500.0,66.0,38,45.487562,556,FUGLE_MARKETDATA_V1,GOOD,False
8163,達方,TSE,COMMONSTOCK,2026-09-29T10:00:10+08:00,30.2,0.5,2023200.0,67.0,25,45.400498,557,FUGLE_MARKETDATA_V1,GOOD,False
5288,豐祥-KY,TSE,COMMONSTOCK,2026-09-29T10:00:10+08:00,188.5,0.53,1879000.0,10.0,05,45.385572,558,FUGLE_MARKETDATA_V1,GOOD,False
6689,伊雲谷,TSE,COMMONSTOCK,2026-09-29T10:00:10+08:00,64.3,0.63,1481100.0,23.0,36,45.348259,559,FUGLE_MARKETDATA_V1,GOOD,False
4934,太極,TSE,COMMONSTOCK,2026-09-29T10:00:10+08:00,14.25,0.71,1206900.0,85.0,26,45.276119,560,FUGLE_MARKETDATA_V1,GOOD,False
9910,豐泰,TSE,COMMONSTOCK,2026-09-29T10:00:10+08:00,69.3,-0.14,14175900.0,203.0,37,45.261194,561,FUGLE_MARKETDATA_V1,GOOD,False
9907,統一實,TSE,COMMONSTOCK,2026-09-29T10:00:10+08:00,14.7,-1.01,13784400.0,933.0,20,45.094527,562,FUGLE_MARKETDATA_V1,GOOD,False
2897,王道銀行,TSE,COMMONSTOCK,2026-09-29T10:00:10+08:00,11.05,0.0,11919250.0,1079.0,17,45.062189,563,FUGLE_MARKETDATA_V1,GOOD,False
6668,中揚光,TSE,COMMONSTOCK,2026-09-29T10:00:10+08:00,47.2,-0.74,14181600.0,301.0,26,45.062189,564,FUGLE_MARKETDATA_V1,GOOD,False
1210,大成,TSE,COMMONSTOCK,2026-09-29T10:00:10+08:00,51.7,-0.39,14447400.0,279.0,02,45.047264,565,FUGLE_MARKETDATA_V1,GOOD,False
5608,四維航,TSE,COMMONSTOCK,2026-09-29T10:00:10+08:00,16.7,-1.76,12008450.0,715.0,15,44.992537,566,FUGLE_MARKETDATA_V1,GOOD,False
1533,車王電,TSE,COMMONSTOCK,2026-09-29T10:00:10+08:00,30.55,0.83,881900.0,29.0,12,44.987562,567,FUGLE_MARKETDATA_V1,GOOD,False
9934,成霖,TSE,COMMONSTOCK,2026-09-29T10:00:10+08:00,9.9,0.61,1450270.0,147.0,38,44.930348,568,FUGLE_MARKETDATA_V1,GOOD,False
9942,茂順,TSE,COMMONSTOCK,2026-09-29T10:00:10+08:00,114.5,0.44,2290000.0,20.0,20,44.893035,569,FUGLE_MARKETDATA_V1,GOOD,False
3694,海華,TSE,COMMONSTOCK,2026-09-29T10:00:10+08:00,50.5,0.4,2627500.0,52.0,27,44.865672,570,FUGLE_MARKETDATA_V1,GOOD,False
2929,淘帝-KY,TSE,COMMONSTOCK,2026-09-29T10:00:10+08:00,5.92,1.37,354140.0,60.0,18,44.679104,571,FUGLE_MARKETDATA_V1,GOOD,False
1529,樂事綠能,TSE,COMMONSTOCK,2026-09-29T10:00:10+08:00,15.55,0.65,1213900.0,78.0,05,44.594527,572,FUGLE_MARKETDATA_V1,GOOD,False
6782,視陽,TSE,COMMONSTOCK,2026-09-29T10:00:10+08:00,233.0,-0.21,12887500.0,55.0,22,44.589552,573,FUGLE_MARKETDATA_V1,GOOD,False
2013,中鋼構,TSE,COMMONSTOCK,2026-09-29T10:00:10+08:00,41.45,0.85,781950.0,19.0,10,44.547264,574,FUGLE_MARKETDATA_V1,GOOD,False
2012,春雨,TSE,COMMONSTOCK,2026-09-29T10:00:10+08:00,14.4,1.41,331700.0,23.0,10,44.467662,575,FUGLE_MARKETDATA_V1,GOOD,False
1527,鑽全,TSE,COMMONSTOCK,2026-09-29T10:00:10+08:00,32.7,0.15,6428300.0,196.0,05,44.40796,576,FUGLE_MARKETDATA_V1,GOOD,False
1786,科妍,TSE,COMMONSTOCK,2026-09-29T10:00:10+08:00,42.95,0.7,1068250.0,25.0,22,44.353234,577,FUGLE_MARKETDATA_V1,GOOD,False
6606,建德工業,TSE,COMMONSTOCK,2026-09-29T10:00:10+08:00,25.3,0.8,859800.0,34.0,05,44.30597,578,FUGLE_MARKETDATA_V1,GOOD,False
6698,旭暉應材,TSE,COMMONSTOCK,2026-09-29T10:00:10+08:00,31.8,0.32,3293750.0,103.0,31,44.208955,579,FUGLE_MARKETDATA_V1,GOOD,False
2520,冠德,TSE,COMMONSTOCK,2026-09-29T10:00:10+08:00,37.1,-0.54,12881600.0,346.0,14,44.206468,580,FUGLE_MARKETDATA_V1,GOOD,False
2476,鉅祥,TSE,COMMONSTOCK,2026-09-29T10:00:10+08:00,122.5,0.0,10672000.0,87.0,28,44.077114,581,FUGLE_MARKETDATA_V1,GOOD,False
2331,精英,TSE,COMMONSTOCK,2026-09-29T10:00:10+08:00,18.95,0.53,1492550.0,79.0,25,43.90796,582,FUGLE_MARKETDATA_V1,GOOD,False
2442,新美齊,TSE,COMMONSTOCK,2026-09-29T10:00:10+08:00,14.35,0.35,2738100.0,191.0,14,43.828358,583,FUGLE_MARKETDATA_V1,GOOD,False
1517,利奇,TSE,COMMONSTOCK,2026-09-29T10:00:10+08:00,10.4,0.97,508300.0,49.0,05,43.743781,584,FUGLE_MARKETDATA_V1,GOOD,False
6416,瑞祺電通,TSE,COMMONSTOCK,2026-09-29T10:00:10+08:00,116.0,-0.43,11794500.0,101.0,27,43.716418,585,FUGLE_MARKETDATA_V1,GOOD,False
5244,弘凱,TSE,COMMONSTOCK,2026-09-29T10:00:10+08:00,36.0,0.7,929400.0,26.0,26,43.696517,586,FUGLE_MARKETDATA_V1,GOOD,False
3047,訊舟,TSE,COMMONSTOCK,2026-09-29T10:00:10+08:00,14.6,0.34,2804450.0,192.0,27,43.609453,587,FUGLE_MARKETDATA_V1,GOOD,False
8454,富邦媒,TSE,COMMONSTOCK,2026-09-29T10:00:10+08:00,238.0,-0.42,11686000.0,49.0,36,43.606965,588,FUGLE_MARKETDATA_V1,GOOD,False
3338,泰碩,TSE,COMMONSTOCK,2026-09-29T10:00:10+08:00,67.7,0.15,5296300.0,78.0,28,43.477612,589,FUGLE_MARKETDATA_V1,GOOD,False
7855,和運租車,TSE,COMMONSTOCK,2026-09-29T10:00:10+08:00,41.55,-0.72,11255200.0,270.0,20,43.41791,590,FUGLE_MARKETDATA_V1,GOOD,False
6177,達麗,TSE,COMMONSTOCK,2026-09-29T10:00:10+08:00,46.25,0.11,6238150.0,135.0,14,43.393035,591,FUGLE_MARKETDATA_V1,GOOD,False
1313,聯成,TSE,COMMONSTOCK,2026-09-29T10:00:10+08:00,12.15,0.0,9568100.0,779.0,03,43.365672,592,FUGLE_MARKETDATA_V1,GOOD,False
6108,競國,TSE,COMMONSTOCK,2026-09-29T10:00:10+08:00,24.25,-0.61,11215450.0,461.0,28,43.243781,593,FUGLE_MARKETDATA_V1,GOOD,False
2323,中環,TSE,COMMONSTOCK,2026-09-29T10:00:10+08:00,10.8,0.0,9341350.0,863.0,26,43.201493,594,FUGLE_MARKETDATA_V1,GOOD,False
6552,易華電,TSE,COMMONSTOCK,2026-09-29T10:00:10+08:00,25.05,1.62,223700.0,9.0,24,43.169154,595,FUGLE_MARKETDATA_V1,GOOD,False
9941,裕融,TSE,COMMONSTOCK,2026-09-29T10:00:10+08:00,79.1,-0.13,10619100.0,134.0,20,43.164179,596,FUGLE_MARKETDATA_V1,GOOD,False
2515,中工,TSE,COMMONSTOCK,2026-09-29T10:00:10+08:00,11.85,-0.84,11051500.0,927.0,14,43.144279,597,FUGLE_MARKETDATA_V1,GOOD,False
2923,鼎固-KY,TSE,COMMONSTOCK,2026-09-29T10:00:10+08:00,24.8,2.06,123800.0,5.0,14,42.91791,598,FUGLE_MARKETDATA_V1,GOOD,False
1410,南染,TSE,COMMONSTOCK,2026-09-29T10:00:10+08:00,24.2,0.83,650550.0,27.0,04,42.90796,599,FUGLE_MARKETDATA_V1,GOOD,False
8249,菱光,TSE,COMMONSTOCK,2026-09-29T10:00:10+08:00,39.55,0.51,1383500.0,35.0,28,42.90796,600,FUGLE_MARKETDATA_V1,GOOD,False
1459,聯發,TSE,COMMONSTOCK,2026-09-29T10:00:10+08:00,16.1,0.94,466550.0,29.0,04,42.89801,601,FUGLE_MARKETDATA_V1,GOOD,False
7721,微程式,TSE,COMMONSTOCK,2026-09-29T10:00:10+08:00,62.2,0.81,681300.0,11.0,36,42.885572,602,FUGLE_MARKETDATA_V1,GOOD,False
6592,和潤企業,TSE,COMMONSTOCK,2026-09-29T10:00:10+08:00,57.2,-0.69,10047800.0,175.0,20,42.58209,603,FUGLE_MARKETDATA_V1,GOOD,False
2612,中航,TSE,COMMONSTOCK,2026-09-29T10:00:10+08:00,61.3,-1.45,8967600.0,146.0,15,42.579602,604,FUGLE_MARKETDATA_V1,GOOD,False
1455,集盛,TSE,COMMONSTOCK,2026-09-29T10:00:10+08:00,9.71,0.31,2689920.0,277.0,04,42.465174,605,FUGLE_MARKETDATA_V1,GOOD,False
6873,泓德能源,TSE,COMMONSTOCK,2026-09-29T10:00:10+08:00,68.0,0.15,4190300.0,62.0,35,42.383085,606,FUGLE_MARKETDATA_V1,GOOD,False
2534,宏盛,TSE,COMMONSTOCK,2026-09-29T10:00:10+08:00,16.85,0.9,472600.0,28.0,14,42.236318,607,FUGLE_MARKETDATA_V1,GOOD,False
2820,華票,TSE,COMMONSTOCK,2026-09-29T10:00:10+08:00,16.9,-0.59,9342900.0,552.0,17,42.002488,608,FUGLE_MARKETDATA_V1,GOOD,False
3024,憶聲,TSE,COMMONSTOCK,2026-09-29T10:00:10+08:00,14.2,-2.74,7331900.0,514.0,26,41.99005,609,FUGLE_MARKETDATA_V1,GOOD,False
1582,信錦,TSE,COMMONSTOCK,2026-09-29T10:00:10+08:00,69.8,-0.29,9221800.0,132.0,28,41.878109,610,FUGLE_MARKETDATA_V1,GOOD,False
3209,全科,TSE,COMMONSTOCK,2026-09-29T10:00:10+08:00,45.75,-0.11,8807750.0,192.0,29,41.825871,611,FUGLE_MARKETDATA_V1,GOOD,False
5534,長虹,TSE,COMMONSTOCK,2026-09-29T10:00:10+08:00,73.7,-0.27,8927700.0,121.0,14,41.748756,612,FUGLE_MARKETDATA_V1,GOOD,False
2905,三商,TSE,COMMONSTOCK,2026-09-29T10:00:10+08:00,18.3,0.0,7585000.0,413.0,18,41.723881,613,FUGLE_MARKETDATA_V1,GOOD,False
4912,聯德控股-KY,TSE,COMMONSTOCK,2026-09-29T10:00:10+08:00,96.5,-0.31,9145100.0,95.0,28,41.723881,614,FUGLE_MARKETDATA_V1,GOOD,False
3419,譁裕,TSE,COMMONSTOCK,2026-09-29T10:00:10+08:00,10.95,1.86,98300.0,9.0,27,41.624378,615,FUGLE_MARKETDATA_V1,GOOD,False
9110,越南控-DR,TSE,COMMONSTOCK,2026-09-29T10:00:10+08:00,2.91,3.19,2910.0,1.0,91,41.567164,616,FUGLE_MARKETDATA_V1,GOOD,False
4536,拓凱,TSE,COMMONSTOCK,2026-09-29T10:00:10+08:00,162.5,-1.52,7189500.0,44.0,37,41.243781,617,FUGLE_MARKETDATA_V1,GOOD,False
3447,展達,TSE,COMMONSTOCK,2026-09-29T10:00:10+08:00,27.6,1.1,302700.0,11.0,27,41.18408,618,FUGLE_MARKETDATA_V1,GOOD,False
3032,偉訓,TSE,COMMONSTOCK,2026-09-29T10:00:10+08:00,78.0,-1.27,7119200.0,91.0,28,41.099502,619,FUGLE_MARKETDATA_V1,GOOD,False
9927,泰銘,TSE,COMMONSTOCK,2026-09-29T10:00:10+08:00,69.8,-0.57,8516500.0,122.0,20,41.087065,620,FUGLE_MARKETDATA_V1,GOOD,False
1904,正隆,TSE,COMMONSTOCK,2026-09-29T10:00:10+08:00,24.75,-0.6,8423600.0,340.0,09,40.992537,621,FUGLE_MARKETDATA_V1,GOOD,False
2480,敦陽科,TSE,COMMONSTOCK,2026-09-29T10:00:10+08:00,160.5,-0.31,7859000.0,49.0,30,40.957711,622,FUGLE_MARKETDATA_V1,GOOD,False
6796,晉弘,TSE,COMMONSTOCK,2026-09-29T10:00:10+08:00,52.0,1.17,260000.0,5.0,22,40.932836,623,FUGLE_MARKETDATA_V1,GOOD,False
3038,全台,TSE,COMMONSTOCK,2026-09-29T10:00:10+08:00,20.4,0.49,1081350.0,53.0,26,40.925373,624,FUGLE_MARKETDATA_V1,GOOD,False
1308,亞聚,TSE,COMMONSTOCK,2026-09-29T10:00:10+08:00,14.2,-0.7,7851700.0,543.0,03,40.870647,625,FUGLE_MARKETDATA_V1,GOOD,False
9103,美德醫療-DR,TSE,COMMONSTOCK,2026-09-29T10:00:10+08:00,5.0,0.6,733370.0,147.0,91,40.788557,626,FUGLE_MARKETDATA_V1,GOOD,False
6164,華興,TSE,COMMONSTOCK,2026-09-29T10:00:10+08:00,12.35,0.82,443100.0,36.0,26,40.681592,627,FUGLE_MARKETDATA_V1,GOOD,False
3703,欣陸,TSE,COMMONSTOCK,2026-09-29T10:00:10+08:00,19.6,-0.76,7698300.0,390.0,14,40.654229,628,FUGLE_MARKETDATA_V1,GOOD,False
2023,燁輝,TSE,COMMONSTOCK,2026-09-29T10:00:10+08:00,13.65,0.0,6069100.0,443.0,10,40.629353,629,FUGLE_MARKETDATA_V1,GOOD,False
2348,海悅,TSE,COMMONSTOCK,2026-09-29T10:00:10+08:00,71.0,-1.39,6472000.0,91.0,20,40.58209,630,FUGLE_MARKETDATA_V1,GOOD,False
3027,盛達,TSE,COMMONSTOCK,2026-09-29T10:00:10+08:00,18.65,0.54,837600.0,45.0,27,40.534826,631,FUGLE_MARKETDATA_V1,GOOD,False
3708,上緯投控,TSE,COMMONSTOCK,2026-09-29T10:00:10+08:00,98.7,-1.0,7014900.0,71.0,35,40.497512,632,FUGLE_MARKETDATA_V1,GOOD,False
1536,和大,TSE,COMMONSTOCK,2026-09-29T10:00:10+08:00,46.85,-0.32,7248000.0,155.0,12,40.41791,633,FUGLE_MARKETDATA_V1,GOOD,False
2417,圓剛,TSE,COMMONSTOCK,2026-09-29T10:00:10+08:00,39.05,0.0,5663750.0,145.0,25,40.300995,634,FUGLE_MARKETDATA_V1,GOOD,False
9925,新保,TSE,COMMONSTOCK,2026-09-29T10:00:10+08:00,39.55,-0.25,6543750.0,165.0,20,40.119403,635,FUGLE_MARKETDATA_V1,GOOD,False
4766,南寶,TSE,COMMONSTOCK,2026-09-29T10:00:10+08:00,343.0,-0.15,6510500.0,19.0,21,40.109453,636,FUGLE_MARKETDATA_V1,GOOD,False
4306,炎洲,TSE,COMMONSTOCK,2026-09-29T10:00:10+08:00,14.5,0.0,5506150.0,381.0,03,40.027363,637,FUGLE_MARKETDATA_V1,GOOD,False
1616,億泰,TSE,COMMONSTOCK,2026-09-29T10:00:10+08:00,18.45,0.82,404800.0,22.0,06,39.970149,638,FUGLE_MARKETDATA_V1,GOOD,False
6136,富爾特,TSE,COMMONSTOCK,2026-09-29T10:00:10+08:00,25.0,0.4,1299650.0,52.0,27,39.912935,639,FUGLE_MARKETDATA_V1,GOOD,False
6757,台灣虎航,TSE,COMMONSTOCK,2026-09-29T10:00:10+08:00,53.1,-0.56,6588500.0,124.0,15,39.905473,640,FUGLE_MARKETDATA_V1,GOOD,False
3130,一零四,TSE,COMMONSTOCK,2026-09-29T10:00:10+08:00,209.0,0.24,2297000.0,11.0,36,39.880597,641,FUGLE_MARKETDATA_V1,GOOD,False
4942,嘉彰,TSE,COMMONSTOCK,2026-09-29T10:00:10+08:00,32.0,1.11,223850.0,7.0,26,39.738806,642,FUGLE_MARKETDATA_V1,GOOD,False
2816,旺旺保,TSE,COMMONSTOCK,2026-09-29T10:00:10+08:00,40.1,-0.12,5816750.0,144.0,17,39.691542,643,FUGLE_MARKETDATA_V1,GOOD,False
2547,日勝生,TSE,COMMONSTOCK,2026-09-29T10:00:10+08:00,9.85,0.31,1798580.0,183.0,14,39.674129,644,FUGLE_MARKETDATA_V1,GOOD,False
3003,健和興,TSE,COMMONSTOCK,2026-09-29T10:00:10+08:00,59.9,-0.33,6243400.0,104.0,28,39.589552,645,FUGLE_MARKETDATA_V1,GOOD,False
7780,大研生醫*,TSE,COMMONSTOCK,2026-09-29T10:00:10+08:00,16.1,0.31,1753100.0,109.0,02,39.50995,646,FUGLE_MARKETDATA_V1,GOOD,False
5607,遠雄港,TSE,COMMONSTOCK,2026-09-29T10:00:10+08:00,52.1,-0.19,5691800.0,109.0,15,39.504975,647,FUGLE_MARKETDATA_V1,GOOD,False
2444,兆勁,TSE,COMMONSTOCK,2026-09-29T10:00:10+08:00,14.7,-0.68,5908300.0,402.0,27,39.470149,648,FUGLE_MARKETDATA_V1,GOOD,False
2414,精技,TSE,COMMONSTOCK,2026-09-29T10:00:10+08:00,53.1,0.38,1219200.0,23.0,29,39.11194,649,FUGLE_MARKETDATA_V1,GOOD,False
1521,大億,TSE,COMMONSTOCK,2026-09-29T10:00:10+08:00,26.1,1.16,184200.0,7.0,12,39.069652,650,FUGLE_MARKETDATA_V1,GOOD,False
2731,雄獅,TSE,COMMONSTOCK,2026-09-29T10:00:10+08:00,143.5,-0.35,5633500.0,39.0,16,39.042289,651,FUGLE_MARKETDATA_V1,GOOD,False
1623,大東電,TSE,COMMONSTOCK,2026-09-29T10:00:10+08:00,199.0,0.76,398000.0,2.0,06,38.992537,652,FUGLE_MARKETDATA_V1,GOOD,False
9955,佳龍,TSE,COMMONSTOCK,2026-09-29T10:00:10+08:00,22.6,-1.74,4327750.0,192.0,35,38.9801,653,FUGLE_MARKETDATA_V1,GOOD,False
2204,中華,TSE,COMMONSTOCK,2026-09-29T10:00:10+08:00,52.5,0.0,4198900.0,80.0,12,38.878109,654,FUGLE_MARKETDATA_V1,GOOD,False
2753,八方雲集,TSE,COMMONSTOCK,2026-09-29T10:00:10+08:00,179.0,-0.56,5561500.0,31.0,16,38.865672,655,FUGLE_MARKETDATA_V1,GOOD,False
1323,永裕,TSE,COMMONSTOCK,2026-09-29T10:00:10+08:00,21.6,0.93,279500.0,13.0,03,38.853234,656,FUGLE_MARKETDATA_V1,GOOD,False
1905,華紙,TSE,COMMONSTOCK,2026-09-29T10:00:10+08:00,13.05,-0.38,5614800.0,429.0,09,38.823383,657,FUGLE_MARKETDATA_V1,GOOD,False
2607,榮運,TSE,COMMONSTOCK,2026-09-29T10:00:10+08:00,53.2,-0.93,4983900.0,93.0,15,38.768657,658,FUGLE_MARKETDATA_V1,GOOD,False
1783,和康生,TSE,COMMONSTOCK,2026-09-29T10:00:10+08:00,37.0,0.82,331700.0,9.0,22,38.68408,659,FUGLE_MARKETDATA_V1,GOOD,False
6605,帝寶,TSE,COMMONSTOCK,2026-09-29T10:00:10+08:00,138.0,-0.36,5125500.0,37.0,12,38.654229,660,FUGLE_MARKETDATA_V1,GOOD,False
4562,穎漢,TSE,COMMONSTOCK,2026-09-29T10:00:10+08:00,30.15,0.5,690750.0,23.0,05,38.504975,661,FUGLE_MARKETDATA_V1,GOOD,False
2106,建大,TSE,COMMONSTOCK,2026-09-29T10:00:10+08:00,16.55,-0.6,4826700.0,290.0,11,38.420398,662,FUGLE_MARKETDATA_V1,GOOD,False
2636,台驊控股,TSE,COMMONSTOCK,2026-09-29T10:00:10+08:00,70.9,-1.39,4055900.0,57.0,15,38.393035,663,FUGLE_MARKETDATA_V1,GOOD,False
1231,聯華食,TSE,COMMONSTOCK,2026-09-29T10:00:10+08:00,79.8,0.25,1756200.0,22.0,02,38.318408,664,FUGLE_MARKETDATA_V1,GOOD,False
6994,富威電力,TSE,COMMONSTOCK,2026-09-29T10:00:10+08:00,26.4,-1.49,3976150.0,151.0,35,38.303483,665,FUGLE_MARKETDATA_V1,GOOD,False
1515,力山,TSE,COMMONSTOCK,2026-09-29T10:00:10+08:00,29.5,0.17,2147900.0,73.0,05,38.28607,666,FUGLE_MARKETDATA_V1,GOOD,False
6152,百一,TSE,COMMONSTOCK,2026-09-29T10:00:10+08:00,14.9,-0.67,4361200.0,293.0,27,38.149254,667,FUGLE_MARKETDATA_V1,GOOD,False
2903,遠百,TSE,COMMONSTOCK,2026-09-29T10:00:10+08:00,22.1,0.0,3757800.0,170.0,18,38.11194,668,FUGLE_MARKETDATA_V1,GOOD,False
1438,三地開發,TSE,COMMONSTOCK,2026-09-29T10:00:10+08:00,21.6,0.47,712250.0,33.0,14,38.074627,669,FUGLE_MARKETDATA_V1,GOOD,False
1563,巧新,TSE,COMMONSTOCK,2026-09-29T10:00:10+08:00,75.0,-0.27,4235500.0,56.0,12,37.91791,670,FUGLE_MARKETDATA_V1,GOOD,False
5515,建國,TSE,COMMONSTOCK,2026-09-29T10:00:10+08:00,52.5,-0.38,4314200.0,82.0,14,37.756219,671,FUGLE_MARKETDATA_V1,GOOD,False
2904,匯僑,TSE,COMMONSTOCK,2026-09-29T10:00:10+08:00,12.75,1.59,25500.0,2.0,20,37.741294,672,FUGLE_MARKETDATA_V1,GOOD,False
2540,愛山林,TSE,COMMONSTOCK,2026-09-29T10:00:10+08:00,48.75,-0.51,4245900.0,87.0,14,37.733831,673,FUGLE_MARKETDATA_V1,GOOD,False
1776,展宇,TSE,COMMONSTOCK,2026-09-29T10:00:10+08:00,18.4,1.66,18400.0,1.0,21,37.679104,674,FUGLE_MARKETDATA_V1,GOOD,False
2206,三陽工業,TSE,COMMONSTOCK,2026-09-29T10:00:10+08:00,62.9,0.0,3523500.0,56.0,12,37.619403,675,FUGLE_MARKETDATA_V1,GOOD,False
2471,資通,TSE,COMMONSTOCK,2026-09-29T10:00:10+08:00,51.5,0.19,1905800.0,37.0,30,37.584577,676,FUGLE_MARKETDATA_V1,GOOD,False
9940,信義,TSE,COMMONSTOCK,2026-09-29T10:00:10+08:00,20.0,-0.25,3970100.0,198.0,20,37.547264,677,FUGLE_MARKETDATA_V1,GOOD,False
1618,合機,TSE,COMMONSTOCK,2026-09-29T10:00:10+08:00,38.7,0.13,2128700.0,55.0,06,37.412935,678,FUGLE_MARKETDATA_V1,GOOD,False
2762,世界健身-KY,TSE,COMMONSTOCK,2026-09-29T10:00:10+08:00,79.6,0.76,317500.0,4.0,37,37.405473,679,FUGLE_MARKETDATA_V1,GOOD,False
9938,百和,TSE,COMMONSTOCK,2026-09-29T10:00:10+08:00,37.95,-0.26,3880550.0,102.0,20,37.368159,680,FUGLE_MARKETDATA_V1,GOOD,False
4746,台耀,TSE,COMMONSTOCK,2026-09-29T10:00:10+08:00,47.65,-0.83,3823100.0,80.0,22,37.116915,681,FUGLE_MARKETDATA_V1,GOOD,False
1460,宏遠,TSE,COMMONSTOCK,2026-09-29T10:00:10+08:00,6.29,0.64,367620.0,58.0,04,37.074627,682,FUGLE_MARKETDATA_V1,GOOD,False
5258,虹堡,TSE,COMMONSTOCK,2026-09-29T10:00:10+08:00,41.45,0.12,2033100.0,49.0,25,36.930348,683,FUGLE_MARKETDATA_V1,GOOD,False
2390,云辰,TSE,COMMONSTOCK,2026-09-29T10:00:10+08:00,10.2,0.99,142050.0,14.0,31,36.800995,684,FUGLE_MARKETDATA_V1,GOOD,False
2362,藍天,TSE,COMMONSTOCK,2026-09-29T10:00:10+08:00,47.6,0.0,3145000.0,66.0,25,36.743781,685,FUGLE_MARKETDATA_V1,GOOD,False
1907,永豐餘,TSE,COMMONSTOCK,2026-09-29T10:00:10+08:00,28.05,-0.71,3630950.0,129.0,09,36.733831,686,FUGLE_MARKETDATA_V1,GOOD,False
4532,瑞智,TSE,COMMONSTOCK,2026-09-29T10:00:10+08:00,25.2,0.0,3126150.0,124.0,05,36.689055,687,FUGLE_MARKETDATA_V1,GOOD,False
1201,味全,TSE,COMMONSTOCK,2026-09-29T10:00:10+08:00,11.55,-0.43,3571150.0,309.0,02,36.492537,688,FUGLE_MARKETDATA_V1,GOOD,False
2608,嘉里大榮,TSE,COMMONSTOCK,2026-09-29T10:00:10+08:00,28.75,0.17,1690050.0,59.0,15,36.4801,689,FUGLE_MARKETDATA_V1,GOOD,False
1227,佳格,TSE,COMMONSTOCK,2026-09-29T10:00:10+08:00,28.05,-0.36,3539850.0,126.0,02,36.465174,690,FUGLE_MARKETDATA_V1,GOOD,False
6585,鼎基,TSE,COMMONSTOCK,2026-09-29T10:00:10+08:00,104.5,-0.95,3329500.0,32.0,20,36.241294,691,FUGLE_MARKETDATA_V1,GOOD,False
2707,晶華,TSE,COMMONSTOCK,2026-09-29T10:00:10+08:00,176.0,-0.28,3351500.0,19.0,16,36.231343,692,FUGLE_MARKETDATA_V1,GOOD,False
2007,燁興,TSE,COMMONSTOCK,2026-09-29T10:00:10+08:00,6.91,0.29,1154210.0,165.0,10,36.226368,693,FUGLE_MARKETDATA_V1,GOOD,False
1558,伸興,TSE,COMMONSTOCK,2026-09-29T10:00:10+08:00,111.5,-0.45,3469000.0,31.0,05,36.189055,694,FUGLE_MARKETDATA_V1,GOOD,False
5306,桂盟,TSE,COMMONSTOCK,2026-09-29T10:00:10+08:00,89.1,0.45,534500.0,6.0,37,36.169154,695,FUGLE_MARKETDATA_V1,GOOD,False
7821,神數,TSE,COMMONSTOCK,2026-09-29T10:00:10+08:00,36.1,-1.77,2940150.0,81.0,12,36.064677,696,FUGLE_MARKETDATA_V1,GOOD,False
2017,官田鋼,TSE,COMMONSTOCK,2026-09-29T10:00:10+08:00,9.0,0.11,1909740.0,211.0,10,36.004975,697,FUGLE_MARKETDATA_V1,GOOD,False
6794,向榮生技,TSE,COMMONSTOCK,2026-09-29T10:00:10+08:00,73.7,1.1,73700.0,1.0,22,35.985075,698,FUGLE_MARKETDATA_V1,GOOD,False
2723,美食-KY,TSE,COMMONSTOCK,2026-09-29T10:00:10+08:00,78.0,-0.64,3280600.0,42.0,16,35.845771,699,FUGLE_MARKETDATA_V1,GOOD,False
1906,寶隆,TSE,COMMONSTOCK,2026-09-29T10:00:10+08:00,10.8,0.93,140300.0,13.0,09,35.843284,700,FUGLE_MARKETDATA_V1,GOOD,False
6504,南六,TSE,COMMONSTOCK,2026-09-29T10:00:10+08:00,37.5,1.21,37500.0,1.0,20,35.718905,701,FUGLE_MARKETDATA_V1,GOOD,False
2511,太子,TSE,COMMONSTOCK,2026-09-29T10:00:10+08:00,8.39,0.0,2668340.0,320.0,14,35.649254,702,FUGLE_MARKETDATA_V1,GOOD,False
6230,尼得科超眾,TSE,COMMONSTOCK,2026-09-29T10:00:10+08:00,113.0,0.0,2627500.0,23.0,25,35.567164,703,FUGLE_MARKETDATA_V1,GOOD,False
1808,潤隆,TSE,COMMONSTOCK,2026-09-29T10:00:10+08:00,31.75,-0.47,3173750.0,100.0,14,35.512438,704,FUGLE_MARKETDATA_V1,GOOD,False
2109,華豐,TSE,COMMONSTOCK,2026-09-29T10:00:10+08:00,14.5,0.0,2623900.0,180.0,11,35.485075,705,FUGLE_MARKETDATA_V1,GOOD,False
2901,欣欣,TSE,COMMONSTOCK,2026-09-29T10:00:10+08:00,23.6,1.07,70800.0,3.0,18,35.450249,706,FUGLE_MARKETDATA_V1,GOOD,False
2488,漢平,TSE,COMMONSTOCK,2026-09-29T10:00:10+08:00,49.2,0.72,245550.0,5.0,31,35.40796,707,FUGLE_MARKETDATA_V1,GOOD,False
1467,南緯,TSE,COMMONSTOCK,2026-09-29T10:00:10+08:00,8.12,0.87,153050.0,19.0,04,35.358209,708,FUGLE_MARKETDATA_V1,GOOD,False
1103,嘉泥,TSE,COMMONSTOCK,2026-09-29T10:00:10+08:00,13.1,0.38,678550.0,52.0,01,35.335821,709,FUGLE_MARKETDATA_V1,GOOD,False
1232,大統益,TSE,COMMONSTOCK,2026-09-29T10:00:10+08:00,154.0,-0.32,3086000.0,20.0,02,35.273632,710,FUGLE_MARKETDATA_V1,GOOD,False
1720,生達,TSE,COMMONSTOCK,2026-09-29T10:00:10+08:00,56.0,-0.36,3089900.0,55.0,22,35.261194,711,FUGLE_MARKETDATA_V1,GOOD,False
2597,潤弘,TSE,COMMONSTOCK,2026-09-29T10:00:10+08:00,167.5,0.0,2514500.0,15.0,14,35.10199,712,FUGLE_MARKETDATA_V1,GOOD,False
5522,遠雄,TSE,COMMONSTOCK,2026-09-29T10:00:10+08:00,60.7,0.0,2493000.0,41.0,14,35.047264,713,FUGLE_MARKETDATA_V1,GOOD,False
4807,日成-KY,TSE,COMMONSTOCK,2026-09-29T10:00:10+08:00,29.4,0.34,703650.0,24.0,18,34.743781,714,FUGLE_MARKETDATA_V1,GOOD,False
2913,農林,TSE,COMMONSTOCK,2026-09-29T10:00:10+08:00,11.0,-0.45,2823600.0,256.0,18,34.711443,715,FUGLE_MARKETDATA_V1,GOOD,False
1104,環泥,TSE,COMMONSTOCK,2026-09-29T10:00:10+08:00,26.55,-0.38,2769100.0,104.0,01,34.554726,716,FUGLE_MARKETDATA_V1,GOOD,False
1789,神隆,TSE,COMMONSTOCK,2026-09-29T10:00:10+08:00,18.65,0.27,900000.0,48.0,22,34.554726,717,FUGLE_MARKETDATA_V1,GOOD,False
3092,鴻碩,TSE,COMMONSTOCK,2026-09-29T10:00:10+08:00,22.95,0.88,114350.0,5.0,28,34.485075,718,FUGLE_MARKETDATA_V1,GOOD,False
1442,名軒,TSE,COMMONSTOCK,2026-09-29T10:00:10+08:00,27.4,-1.08,2536900.0,92.0,14,34.455224,719,FUGLE_MARKETDATA_V1,GOOD,False
6115,鎰勝,TSE,COMMONSTOCK,2026-09-29T10:00:10+08:00,44.15,0.23,1015650.0,23.0,28,34.308458,720,FUGLE_MARKETDATA_V1,GOOD,False
1713,國化,TSE,COMMONSTOCK,2026-09-29T10:00:10+08:00,41.6,0.24,996750.0,24.0,21,34.298507,721,FUGLE_MARKETDATA_V1,GOOD,False
6283,淳安,TSE,COMMONSTOCK,2026-09-29T10:00:10+08:00,19.0,0.8,151100.0,8.0,31,34.291045,722,FUGLE_MARKETDATA_V1,GOOD,False
3050,鈺德,TSE,COMMONSTOCK,2026-09-29T10:00:10+08:00,11.55,0.43,437500.0,38.0,26,34.278607,723,FUGLE_MARKETDATA_V1,GOOD,False
9928,中視,TSE,COMMONSTOCK,2026-09-29T10:00:10+08:00,17.6,0.28,854300.0,48.0,20,34.226368,724,FUGLE_MARKETDATA_V1,GOOD,False
2836,高雄銀,TSE,COMMONSTOCK,2026-09-29T10:00:10+08:00,12.15,0.0,2127500.0,175.0,17,34.171642,725,FUGLE_MARKETDATA_V1,GOOD,False
2530,華建,TSE,COMMONSTOCK,2026-09-29T10:00:10+08:00,20.0,-0.74,2552350.0,128.0,14,34.116915,726,FUGLE_MARKETDATA_V1,GOOD,False
6671,三能-KY,TSE,COMMONSTOCK,2026-09-29T10:00:10+08:00,23.1,1.09,23100.0,1.0,38,34.09204,727,FUGLE_MARKETDATA_V1,GOOD,False
2537,聯上發,TSE,COMMONSTOCK,2026-09-29T10:00:10+08:00,11.25,-1.32,2140350.0,190.0,14,34.029851,728,FUGLE_MARKETDATA_V1,GOOD,False
1526,日馳,TSE,COMMONSTOCK,2026-09-29T10:00:10+08:00,14.8,0.68,207650.0,14.0,05,33.91791,729,FUGLE_MARKETDATA_V1,GOOD,False
1522,堤維西,TSE,COMMONSTOCK,2026-09-29T10:00:10+08:00,26.65,0.0,2022900.0,76.0,12,33.733831,730,FUGLE_MARKETDATA_V1,GOOD,False
2108,南帝,TSE,COMMONSTOCK,2026-09-29T10:00:10+08:00,28.6,-0.35,2361050.0,82.0,11,33.733831,731,FUGLE_MARKETDATA_V1,GOOD,False
8478,東哥遊艇,TSE,COMMONSTOCK,2026-09-29T10:00:10+08:00,139.0,-0.36,2370500.0,17.0,37,33.728856,732,FUGLE_MARKETDATA_V1,GOOD,False
8462,柏文,TSE,COMMONSTOCK,2026-09-29T10:00:10+08:00,157.0,-0.63,2355000.0,15.0,37,33.626866,733,FUGLE_MARKETDATA_V1,GOOD,False
2852,第一保,TSE,COMMONSTOCK,2026-09-29T10:00:10+08:00,27.8,-0.54,2339950.0,84.0,17,33.534826,734,FUGLE_MARKETDATA_V1,GOOD,False
4588,玖鼎電力,TSE,COMMONSTOCK,2026-09-29T10:00:10+08:00,55.0,0.36,493700.0,9.0,31,33.425373,735,FUGLE_MARKETDATA_V1,GOOD,False
9919,康那香,TSE,COMMONSTOCK,2026-09-29T10:00:10+08:00,13.75,-0.72,2225650.0,162.0,20,33.402985,736,FUGLE_MARKETDATA_V1,GOOD,False
6192,巨路,TSE,COMMONSTOCK,2026-09-29T10:00:10+08:00,110.0,-0.45,2313000.0,21.0,31,33.39801,737,FUGLE_MARKETDATA_V1,GOOD,False
1472,三洋實業,TSE,COMMONSTOCK,2026-09-29T10:00:10+08:00,88.3,0.34,530500.0,6.0,14,33.348259,738,FUGLE_MARKETDATA_V1,GOOD,False
1712,興農,TSE,COMMONSTOCK,2026-09-29T10:00:10+08:00,39.85,0.0,1877650.0,47.0,21,33.077114,739,FUGLE_MARKETDATA_V1,GOOD,False
1416,廣豐,TSE,COMMONSTOCK,2026-09-29T10:00:10+08:00,11.35,-0.87,2069450.0,181.0,20,32.995025,740,FUGLE_MARKETDATA_V1,GOOD,False
1464,得力,TSE,COMMONSTOCK,2026-09-29T10:00:10+08:00,9.93,-0.4,2132870.0,214.0,04,32.952736,741,FUGLE_MARKETDATA_V1,GOOD,False
6142,友勁,TSE,COMMONSTOCK,2026-09-29T10:00:10+08:00,9.08,0.22,849570.0,93.0,27,32.947761,742,FUGLE_MARKETDATA_V1,GOOD,False
2482,連宇,TSE,COMMONSTOCK,2026-09-29T10:00:10+08:00,16.3,0.31,558250.0,34.0,31,32.778607,743,FUGLE_MARKETDATA_V1,GOOD,False
6768,志強-KY,TSE,COMMONSTOCK,2026-09-29T10:00:10+08:00,62.7,-0.16,2015800.0,32.0,37,32.753731,744,FUGLE_MARKETDATA_V1,GOOD,False
6657,華安,TSE,COMMONSTOCK,2026-09-29T10:00:10+08:00,32.9,0.3,625300.0,19.0,22,32.721393,745,FUGLE_MARKETDATA_V1,GOOD,False
6272,驊陞,TSE,COMMONSTOCK,2026-09-29T10:00:10+08:00,25.3,0.0,1711350.0,68.0,28,32.69403,746,FUGLE_MARKETDATA_V1,GOOD,False
6666,羅麗芬-KY,TSE,COMMONSTOCK,2026-09-29T10:00:10+08:00,45.25,0.89,45250.0,1.0,22,32.689055,747,FUGLE_MARKETDATA_V1,GOOD,False
7786,東方風能,TSE,COMMONSTOCK,2026-09-29T10:00:10+08:00,116.5,-1.27,1872500.0,16.0,35,32.671642,748,FUGLE_MARKETDATA_V1,GOOD,False
2739,寒舍,TSE,COMMONSTOCK,2026-09-29T10:00:10+08:00,36.7,0.82,73800.0,2.0,16,32.636816,749,FUGLE_MARKETDATA_V1,GOOD,False
2453,凌群,TSE,COMMONSTOCK,2026-09-29T10:00:10+08:00,53.4,-0.19,1928000.0,36.0,30,32.554726,750,FUGLE_MARKETDATA_V1,GOOD,False
1903,士紙,TSE,COMMONSTOCK,2026-09-29T10:00:10+08:00,47.2,0.21,804200.0,17.0,09,32.549751,751,FUGLE_MARKETDATA_V1,GOOD,False
6862,三集瑞-KY,TSE,COMMONSTOCK,2026-09-29T10:00:10+08:00,139.0,0.0,1666500.0,12.0,28,32.529851,752,FUGLE_MARKETDATA_V1,GOOD,False
1444,力麗,TSE,COMMONSTOCK,2026-09-29T10:00:10+08:00,6.88,0.29,613280.0,89.0,04,32.450249,753,FUGLE_MARKETDATA_V1,GOOD,False
8213,志超,TSE,COMMONSTOCK,2026-09-29T10:00:10+08:00,32.8,-0.91,1910000.0,58.0,28,32.343284,754,FUGLE_MARKETDATA_V1,GOOD,False
1516,川飛,TSE,COMMONSTOCK,2026-09-29T10:00:10+08:00,13.25,0.76,79050.0,6.0,20,32.206468,755,FUGLE_MARKETDATA_V1,GOOD,False
7818,溢泰實業,TSE,COMMONSTOCK,2026-09-29T10:00:10+08:00,59.9,0.0,1608900.0,27.0,35,32.201493,756,FUGLE_MARKETDATA_V1,GOOD,False
5521,工信,TSE,COMMONSTOCK,2026-09-29T10:00:10+08:00,10.45,-0.48,1977450.0,189.0,14,32.149254,757,FUGLE_MARKETDATA_V1,GOOD,False
2427,三商電,TSE,COMMONSTOCK,2026-09-29T10:00:10+08:00,23.4,0.0,1594600.0,68.0,30,32.146766,758,FUGLE_MARKETDATA_V1,GOOD,False
8341,日友,TSE,COMMONSTOCK,2026-09-29T10:00:10+08:00,74.4,-0.13,1787700.0,24.0,35,32.0,759,FUGLE_MARKETDATA_V1,GOOD,False
9929,秋雨,TSE,COMMONSTOCK,2026-09-29T10:00:10+08:00,11.0,0.92,22000.0,2.0,20,31.952736,760,FUGLE_MARKETDATA_V1,GOOD,False
5225,東科-KY,TSE,COMMONSTOCK,2026-09-29T10:00:10+08:00,55.3,-1.6,1560600.0,28.0,31,31.883085,761,FUGLE_MARKETDATA_V1,GOOD,False
5007,三星,TSE,COMMONSTOCK,2026-09-29T10:00:10+08:00,55.7,0.18,779600.0,14.0,10,31.865672,762,FUGLE_MARKETDATA_V1,GOOD,False
6931,青松健康,TSE,COMMONSTOCK,2026-09-29T10:00:10+08:00,39.0,0.65,117850.0,3.0,22,31.788557,763,FUGLE_MARKETDATA_V1,GOOD,False
2509,全坤建,TSE,COMMONSTOCK,2026-09-29T10:00:10+08:00,14.1,-1.74,1522600.0,108.0,14,31.756219,764,FUGLE_MARKETDATA_V1,GOOD,False
7722,LINEPAY,TSE,COMMONSTOCK,2026-09-29T10:00:10+08:00,258.5,-0.58,1813500.0,7.0,36,31.706468,765,FUGLE_MARKETDATA_V1,GOOD,False
1537,廣隆,TSE,COMMONSTOCK,2026-09-29T10:00:10+08:00,115.0,0.0,1489000.0,13.0,05,31.599502,766,FUGLE_MARKETDATA_V1,GOOD,False
1436,華友聯,TSE,COMMONSTOCK,2026-09-29T10:00:10+08:00,35.9,-0.69,1695450.0,47.0,14,31.527363,767,FUGLE_MARKETDATA_V1,GOOD,False
6792,詠業,TSE,COMMONSTOCK,2026-09-29T10:00:10+08:00,59.0,0.34,413000.0,7.0,27,31.514925,768,FUGLE_MARKETDATA_V1,GOOD,False
2536,宏普,TSE,COMMONSTOCK,2026-09-29T10:00:10+08:00,19.15,-0.26,1666350.0,87.0,14,31.512438,769,FUGLE_MARKETDATA_V1,GOOD,False
6934,心誠鎂,TSE,COMMONSTOCK,2026-09-29T10:00:10+08:00,75.4,-0.13,1612500.0,22.0,22,31.452736,770,FUGLE_MARKETDATA_V1,GOOD,False
1218,泰山,TSE,COMMONSTOCK,2026-09-29T10:00:10+08:00,14.35,-0.35,1611400.0,112.0,02,31.106965,771,FUGLE_MARKETDATA_V1,GOOD,False
1611,中電,TSE,COMMONSTOCK,2026-09-29T10:00:10+08:00,11.35,-0.44,1612750.0,142.0,06,31.067164,772,FUGLE_MARKETDATA_V1,GOOD,False
1762,中化生,TSE,COMMONSTOCK,2026-09-29T10:00:10+08:00,33.9,0.59,134900.0,4.0,22,30.972637,773,FUGLE_MARKETDATA_V1,GOOD,False
3716,中化控股,TSE,COMMONSTOCK,2026-09-29T10:00:10+08:00,33.85,-0.29,1523000.0,45.0,22,30.878109,774,FUGLE_MARKETDATA_V1,GOOD,False
1752,南光,TSE,COMMONSTOCK,2026-09-29T10:00:10+08:00,31.5,0.48,219750.0,7.0,22,30.766169,775,FUGLE_MARKETDATA_V1,GOOD,False
2102,泰豐,TSE,COMMONSTOCK,2026-09-29T10:00:10+08:00,16.3,-0.31,1517700.0,93.0,11,30.723881,776,FUGLE_MARKETDATA_V1,GOOD,False
2228,劍麟,TSE,COMMONSTOCK,2026-09-29T10:00:10+08:00,75.3,0.4,300100.0,4.0,12,30.718905,777,FUGLE_MARKETDATA_V1,GOOD,False
2535,達欣工,TSE,COMMONSTOCK,2026-09-29T10:00:10+08:00,89.4,-0.45,1523200.0,17.0,14,30.716418,778,FUGLE_MARKETDATA_V1,GOOD,False
1707,葡萄王,TSE,COMMONSTOCK,2026-09-29T10:00:10+08:00,86.9,-0.11,1479200.0,17.0,22,30.606965,779,FUGLE_MARKETDATA_V1,GOOD,False
6923,中台,TSE,COMMONSTOCK,2026-09-29T10:00:10+08:00,76.1,0.26,458600.0,6.0,35,30.38806,780,FUGLE_MARKETDATA_V1,GOOD,False
9930,中聯資源,TSE,COMMONSTOCK,2026-09-29T10:00:10+08:00,60.3,-0.17,1448600.0,24.0,35,30.330846,781,FUGLE_MARKETDATA_V1,GOOD,False
1325,恆大,TSE,COMMONSTOCK,2026-09-29T10:00:10+08:00,25.75,0.19,541200.0,21.0,03,30.30597,782,FUGLE_MARKETDATA_V1,GOOD,False
6184,大豐電,TSE,COMMONSTOCK,2026-09-29T10:00:10+08:00,40.1,-0.5,1486000.0,37.0,20,30.261194,783,FUGLE_MARKETDATA_V1,GOOD,False
1532,勤美,TSE,COMMONSTOCK,2026-09-29T10:00:10+08:00,22.25,-0.22,1405900.0,63.0,05,30.11194,784,FUGLE_MARKETDATA_V1,GOOD,False
2364,倫飛,TSE,COMMONSTOCK,2026-09-29T10:00:10+08:00,65.5,-0.3,1447400.0,22.0,25,30.074627,785,FUGLE_MARKETDATA_V1,GOOD,False
6776,展碁國際,TSE,COMMONSTOCK,2026-09-29T10:00:10+08:00,52.0,-0.38,1453000.0,28.0,29,30.067164,786,FUGLE_MARKETDATA_V1,GOOD,False
8072,陞泰,TSE,COMMONSTOCK,2026-09-29T10:00:10+08:00,27.85,-1.76,1206450.0,43.0,29,29.997512,787,FUGLE_MARKETDATA_V1,GOOD,False
1603,華電,TSE,COMMONSTOCK,2026-09-29T10:00:10+08:00,30.15,-0.33,1436700.0,48.0,06,29.957711,788,FUGLE_MARKETDATA_V1,GOOD,False
5519,隆大,TSE,COMMONSTOCK,2026-09-29T10:00:10+08:00,25.0,-0.2,1303450.0,52.0,14,29.873134,789,FUGLE_MARKETDATA_V1,GOOD,False
1731,美吾華,TSE,COMMONSTOCK,2026-09-29T10:00:10+08:00,20.7,-0.96,1309500.0,63.0,22,29.845771,790,FUGLE_MARKETDATA_V1,GOOD,False
4441,振大環球,TSE,COMMONSTOCK,2026-09-29T10:00:10+08:00,170.5,-0.29,1364000.0,8.0,04,29.838308,791,FUGLE_MARKETDATA_V1,GOOD,False
2460,建通,TSE,COMMONSTOCK,2026-09-29T10:00:10+08:00,29.75,-1.49,1188250.0,40.0,28,29.820896,792,FUGLE_MARKETDATA_V1,GOOD,False
3056,富華新,TSE,COMMONSTOCK,2026-09-29T10:00:10+08:00,13.95,-0.71,1356150.0,97.0,14,29.783582,793,FUGLE_MARKETDATA_V1,GOOD,False
5292,華懋,TSE,COMMONSTOCK,2026-09-29T10:00:10+08:00,217.0,-0.23,1302000.0,6.0,35,29.721393,794,FUGLE_MARKETDATA_V1,GOOD,False
2461,光群雷,TSE,COMMONSTOCK,2026-09-29T10:00:10+08:00,17.7,-0.56,1327850.0,75.0,31,29.616915,795,FUGLE_MARKETDATA_V1,GOOD,False
8411,福貞-KY,TSE,COMMONSTOCK,2026-09-29T10:00:10+08:00,11.8,-2.48,1039950.0,88.0,20,29.61194,796,FUGLE_MARKETDATA_V1,GOOD,False
1524,耿鼎,TSE,COMMONSTOCK,2026-09-29T10:00:10+08:00,26.1,0.38,260650.0,10.0,12,29.4801,797,FUGLE_MARKETDATA_V1,GOOD,False
4572,駐龍,TSE,COMMONSTOCK,2026-09-29T10:00:10+08:00,140.0,0.36,280000.0,2.0,05,29.457711,798,FUGLE_MARKETDATA_V1,GOOD,False
1474,弘裕,TSE,COMMONSTOCK,2026-09-29T10:00:10+08:00,10.05,0.5,120100.0,12.0,04,29.256219,799,FUGLE_MARKETDATA_V1,GOOD,False
2832,台產,TSE,COMMONSTOCK,2026-09-29T10:00:10+08:00,57.2,-0.52,1259700.0,22.0,17,29.236318,800,FUGLE_MARKETDATA_V1,GOOD,False
1342,八貫,TSE,COMMONSTOCK,2026-09-29T10:00:10+08:00,101.0,0.0,1007500.0,10.0,20,29.136816,801,FUGLE_MARKETDATA_V1,GOOD,False
2528,皇普,TSE,COMMONSTOCK,2026-09-29T10:00:10+08:00,19.45,-0.51,1208300.0,62.0,14,29.032338,802,FUGLE_MARKETDATA_V1,GOOD,False
9943,好樂迪,TSE,COMMONSTOCK,2026-09-29T10:00:10+08:00,50.2,-0.59,1204300.0,24.0,16,28.868159,803,FUGLE_MARKETDATA_V1,GOOD,False
9905,大華,TSE,COMMONSTOCK,2026-09-29T10:00:10+08:00,21.25,0.24,403450.0,19.0,20,28.825871,804,FUGLE_MARKETDATA_V1,GOOD,False
1324,地球,TSE,COMMONSTOCK,2026-09-29T10:00:10+08:00,10.1,0.5,101100.0,10.0,03,28.818408,805,FUGLE_MARKETDATA_V1,GOOD,False
2314,台揚,TSE,COMMONSTOCK,2026-09-29T10:00:10+08:00,11.0,0.46,142700.0,13.0,27,28.781095,806,FUGLE_MARKETDATA_V1,GOOD,False
5706,鳳凰,TSE,COMMONSTOCK,2026-09-29T10:00:10+08:00,43.75,-0.34,1139250.0,26.0,16,28.753731,807,FUGLE_MARKETDATA_V1,GOOD,False
4560,強信-KY,TSE,COMMONSTOCK,2026-09-29T10:00:10+08:00,29.5,-0.17,1091350.0,37.0,05,28.743781,808,FUGLE_MARKETDATA_V1,GOOD,False
5538,東明-KY,TSE,COMMONSTOCK,2026-09-29T10:00:10+08:00,35.45,0.42,177800.0,5.0,10,28.676617,809,FUGLE_MARKETDATA_V1,GOOD,False
1615,大山,TSE,COMMONSTOCK,2026-09-29T10:00:10+08:00,42.85,0.35,258100.0,6.0,06,28.559701,810,FUGLE_MARKETDATA_V1,GOOD,False
2107,厚生,TSE,COMMONSTOCK,2026-09-29T10:00:10+08:00,26.85,-0.37,1103450.0,41.0,11,28.470149,811,FUGLE_MARKETDATA_V1,GOOD,False
1471,首利,TSE,COMMONSTOCK,2026-09-29T10:00:10+08:00,9.26,-1.49,911040.0,98.0,28,28.452736,812,FUGLE_MARKETDATA_V1,GOOD,False
2611,志信,TSE,COMMONSTOCK,2026-09-29T10:00:10+08:00,14.05,0.0,871200.0,62.0,15,28.370647,813,FUGLE_MARKETDATA_V1,GOOD,False
6201,亞弘電,TSE,COMMONSTOCK,2026-09-29T10:00:10+08:00,44.8,0.22,402800.0,9.0,31,28.350746,814,FUGLE_MARKETDATA_V1,GOOD,False
9935,慶豐富,TSE,COMMONSTOCK,2026-09-29T10:00:10+08:00,18.2,-0.27,1020150.0,56.0,38,28.340796,815,FUGLE_MARKETDATA_V1,GOOD,False
2613,中櫃,TSE,COMMONSTOCK,2026-09-29T10:00:10+08:00,22.0,-0.9,1014100.0,46.0,15,28.231343,816,FUGLE_MARKETDATA_V1,GOOD,False
6914,阜爾運通,TSE,COMMONSTOCK,2026-09-29T10:00:10+08:00,120.0,-0.41,1080500.0,9.0,20,28.206468,817,FUGLE_MARKETDATA_V1,GOOD,False
1437,勤益控,TSE,COMMONSTOCK,2026-09-29T10:00:10+08:00,32.1,-1.23,858400.0,27.0,20,27.833333,818,FUGLE_MARKETDATA_V1,GOOD,False
6024,群益期,TSE,COMMONSTOCK,2026-09-29T10:00:10+08:00,60.7,-0.16,912800.0,15.0,17,27.828358,819,FUGLE_MARKETDATA_V1,GOOD,False
7736,虎山,TSE,COMMONSTOCK,2026-09-29T10:00:10+08:00,68.5,-0.29,955900.0,14.0,12,27.813433,820,FUGLE_MARKETDATA_V1,GOOD,False
1604,聲寶,TSE,COMMONSTOCK,2026-09-29T10:00:10+08:00,23.35,-0.43,982650.0,42.0,06,27.736318,821,FUGLE_MARKETDATA_V1,GOOD,False
2506,太設,TSE,COMMONSTOCK,2026-09-29T10:00:10+08:00,8.38,-0.36,954270.0,114.0,14,27.654229,822,FUGLE_MARKETDATA_V1,GOOD,False
6674,鋐寶科技,TSE,COMMONSTOCK,2026-09-29T10:00:10+08:00,18.3,-0.27,878450.0,48.0,27,27.410448,823,FUGLE_MARKETDATA_V1,GOOD,False
3607,谷崧,TSE,COMMONSTOCK,2026-09-29T10:00:10+08:00,13.8,0.36,192100.0,14.0,28,27.405473,824,FUGLE_MARKETDATA_V1,GOOD,False
6863,永道-KY,TSE,COMMONSTOCK,2026-09-29T10:00:10+08:00,97.1,-0.21,868400.0,9.0,27,27.405473,825,FUGLE_MARKETDATA_V1,GOOD,False
4108,懷特,TSE,COMMONSTOCK,2026-09-29T10:00:10+08:00,11.45,0.0,727900.0,63.0,22,27.330846,826,FUGLE_MARKETDATA_V1,GOOD,False
2514,龍邦,TSE,COMMONSTOCK,2026-09-29T10:00:10+08:00,11.5,0.44,91950.0,8.0,20,27.161692,827,FUGLE_MARKETDATA_V1,GOOD,False
6835,圓裕,TSE,COMMONSTOCK,2026-09-29T10:00:10+08:00,31.45,0.48,63050.0,2.0,28,27.044776,828,FUGLE_MARKETDATA_V1,GOOD,False
2545,皇翔,TSE,COMMONSTOCK,2026-09-29T10:00:10+08:00,34.1,-0.29,820600.0,24.0,14,26.883085,829,FUGLE_MARKETDATA_V1,GOOD,False
1614,三洋電,TSE,COMMONSTOCK,2026-09-29T10:00:10+08:00,31.1,-0.16,778650.0,25.0,06,26.788557,830,FUGLE_MARKETDATA_V1,GOOD,False
1466,聚隆,TSE,COMMONSTOCK,2026-09-29T10:00:10+08:00,14.75,0.0,686950.0,47.0,04,26.783582,831,FUGLE_MARKETDATA_V1,GOOD,False
2704,國賓,TSE,COMMONSTOCK,2026-09-29T10:00:10+08:00,45.0,-0.11,765050.0,17.0,16,26.776119,832,FUGLE_MARKETDATA_V1,GOOD,False
2849,安泰銀,TSE,COMMONSTOCK,2026-09-29T10:00:10+08:00,15.7,0.32,219500.0,14.0,17,26.696517,833,FUGLE_MARKETDATA_V1,GOOD,False
6790,永豐實,TSE,COMMONSTOCK,2026-09-29T10:00:10+08:00,37.7,0.0,678650.0,18.0,09,26.674129,834,FUGLE_MARKETDATA_V1,GOOD,False
2497,怡利電,TSE,COMMONSTOCK,2026-09-29T10:00:10+08:00,43.7,-0.23,744750.0,17.0,12,26.60199,835,FUGLE_MARKETDATA_V1,GOOD,False
1234,黑松,TSE,COMMONSTOCK,2026-09-29T10:00:10+08:00,33.05,0.0,660500.0,20.0,02,26.455224,836,FUGLE_MARKETDATA_V1,GOOD,False
3002,歐格,TSE,COMMONSTOCK,2026-09-29T10:00:10+08:00,18.8,-0.53,771050.0,41.0,25,26.390547,837,FUGLE_MARKETDATA_V1,GOOD,False
5484,慧友,TSE,COMMONSTOCK,2026-09-29T10:00:10+08:00,39.4,-0.13,710450.0,18.0,26,26.363184,838,FUGLE_MARKETDATA_V1,GOOD,False
4119,旭富,TSE,COMMONSTOCK,2026-09-29T10:00:10+08:00,56.5,-0.35,737800.0,13.0,22,26.291045,839,FUGLE_MARKETDATA_V1,GOOD,False
2462,良得電,TSE,COMMONSTOCK,2026-09-29T10:00:10+08:00,20.0,-1.72,644250.0,32.0,28,26.196517,840,FUGLE_MARKETDATA_V1,GOOD,False
1737,臺鹽,TSE,COMMONSTOCK,2026-09-29T10:00:10+08:00,30.1,0.17,331100.0,11.0,02,26.191542,841,FUGLE_MARKETDATA_V1,GOOD,False
2538,基泰,TSE,COMMONSTOCK,2026-09-29T10:00:10+08:00,8.67,-0.46,742750.0,86.0,14,26.129353,842,FUGLE_MARKETDATA_V1,GOOD,False
1702,南僑,TSE,COMMONSTOCK,2026-09-29T10:00:10+08:00,33.0,0.0,594000.0,18.0,02,26.126866,843,FUGLE_MARKETDATA_V1,GOOD,False
3058,立德,TSE,COMMONSTOCK,2026-09-29T10:00:10+08:00,8.19,-0.36,705370.0,86.0,28,25.902985,844,FUGLE_MARKETDATA_V1,GOOD,False
9946,三發地產,TSE,COMMONSTOCK,2026-09-29T10:00:10+08:00,16.95,-0.88,693800.0,41.0,14,25.88806,845,FUGLE_MARKETDATA_V1,GOOD,False
2706,第一店,TSE,COMMONSTOCK,2026-09-29T10:00:10+08:00,12.15,0.41,73150.0,6.0,16,25.833333,846,FUGLE_MARKETDATA_V1,GOOD,False
9908,大台北,TSE,COMMONSTOCK,2026-09-29T10:00:10+08:00,29.0,0.17,318550.0,11.0,23,25.808458,847,FUGLE_MARKETDATA_V1,GOOD,False
8429,金麗-KY,TSE,COMMONSTOCK,2026-09-29T10:00:10+08:00,5.86,-0.51,690450.0,118.0,18,25.584577,848,FUGLE_MARKETDATA_V1,GOOD,False
6906,現觀科,TSE,COMMONSTOCK,2026-09-29T10:00:10+08:00,82.8,-0.24,667800.0,8.0,36,25.562189,849,FUGLE_MARKETDATA_V1,GOOD,False
8466,美吉吉-KY,TSE,COMMONSTOCK,2026-09-29T10:00:10+08:00,15.65,0.32,158300.0,10.0,20,25.547264,850,FUGLE_MARKETDATA_V1,GOOD,False
3052,夆典,TSE,COMMONSTOCK,2026-09-29T10:00:10+08:00,10.4,0.0,520200.0,50.0,14,25.470149,851,FUGLE_MARKETDATA_V1,GOOD,False
1734,杏輝,TSE,COMMONSTOCK,2026-09-29T10:00:10+08:00,31.9,-0.62,670900.0,21.0,22,25.348259,852,FUGLE_MARKETDATA_V1,GOOD,False
3040,遠見,TSE,COMMONSTOCK,2026-09-29T10:00:10+08:00,34.5,-1.71,519450.0,15.0,20,25.273632,853,FUGLE_MARKETDATA_V1,GOOD,False
4557,永新-KY,TSE,COMMONSTOCK,2026-09-29T10:00:10+08:00,49.85,0.1,348300.0,7.0,12,25.179104,854,FUGLE_MARKETDATA_V1,GOOD,False
3011,今皓,TSE,COMMONSTOCK,2026-09-29T10:00:10+08:00,9.97,-0.3,628920.0,63.0,28,25.149254,855,FUGLE_MARKETDATA_V1,GOOD,False
1457,宜進,TSE,COMMONSTOCK,2026-09-29T10:00:10+08:00,14.4,0.35,100700.0,7.0,04,25.11194,856,FUGLE_MARKETDATA_V1,GOOD,False
1220,台榮,TSE,COMMONSTOCK,2026-09-29T10:00:10+08:00,10.8,0.47,21600.0,2.0,02,25.104478,857,FUGLE_MARKETDATA_V1,GOOD,False
6598,ABC-KY,TSE,COMMONSTOCK,2026-09-29T10:00:10+08:00,27.3,0.0,493050.0,18.0,22,25.087065,858,FUGLE_MARKETDATA_V1,GOOD,False
3501,維熹,TSE,COMMONSTOCK,2026-09-29T10:00:10+08:00,37.85,-0.13,530500.0,14.0,28,24.803483,859,FUGLE_MARKETDATA_V1,GOOD,False
4569,六方科-KY,TSE,COMMONSTOCK,2026-09-29T10:00:10+08:00,155.0,0.0,465000.0,3.0,12,24.758706,860,FUGLE_MARKETDATA_V1,GOOD,False
5215,科嘉-KY,TSE,COMMONSTOCK,2026-09-29T10:00:10+08:00,37.8,-0.4,569850.0,15.0,25,24.743781,861,FUGLE_MARKETDATA_V1,GOOD,False
1108,幸福,TSE,COMMONSTOCK,2026-09-29T10:00:10+08:00,11.05,0.0,464200.0,42.0,01,24.70398,862,FUGLE_MARKETDATA_V1,GOOD,False
1506,正道,TSE,COMMONSTOCK,2026-09-29T10:00:10+08:00,9.61,-0.31,538300.0,56.0,05,24.70398,863,FUGLE_MARKETDATA_V1,GOOD,False
3043,科風,TSE,COMMONSTOCK,2026-09-29T10:00:10+08:00,20.25,-1.7,466000.0,23.0,31,24.671642,864,FUGLE_MARKETDATA_V1,GOOD,False
6165,浪凡,TSE,COMMONSTOCK,2026-09-29T10:00:10+08:00,48.8,-0.31,537500.0,11.0,36,24.649254,865,FUGLE_MARKETDATA_V1,GOOD,False
6928,攸泰科技,TSE,COMMONSTOCK,2026-09-29T10:00:10+08:00,45.45,0.11,318250.0,7.0,25,24.567164,866,FUGLE_MARKETDATA_V1,GOOD,False
6581,鋼聯,TSE,COMMONSTOCK,2026-09-29T10:00:10+08:00,108.0,-0.46,540000.0,5.0,35,24.542289,867,FUGLE_MARKETDATA_V1,GOOD,False
2387,精元,TSE,COMMONSTOCK,2026-09-29T10:00:10+08:00,36.6,-0.14,512550.0,14.0,25,24.465174,868,FUGLE_MARKETDATA_V1,GOOD,False
1419,新紡,TSE,COMMONSTOCK,2026-09-29T10:00:10+08:00,65.6,-0.61,527300.0,8.0,04,24.308458,869,FUGLE_MARKETDATA_V1,GOOD,False
2008,高興昌,TSE,COMMONSTOCK,2026-09-29T10:00:10+08:00,30.6,0.33,91800.0,3.0,10,24.181592,870,FUGLE_MARKETDATA_V1,GOOD,False
1446,宏和,TSE,COMMONSTOCK,2026-09-29T10:00:10+08:00,13.5,-0.74,511950.0,38.0,04,24.156716,871,FUGLE_MARKETDATA_V1,GOOD,False
4133,亞諾法,TSE,COMMONSTOCK,2026-09-29T10:00:10+08:00,20.4,0.25,163050.0,8.0,22,24.089552,872,FUGLE_MARKETDATA_V1,GOOD,False
1235,興泰,TSE,COMMONSTOCK,2026-09-29T10:00:10+08:00,35.5,0.0,424750.0,12.0,02,23.992537,873,FUGLE_MARKETDATA_V1,GOOD,False
2524,京城,TSE,COMMONSTOCK,2026-09-29T10:00:10+08:00,34.6,-0.72,485650.0,14.0,14,23.935323,874,FUGLE_MARKETDATA_V1,GOOD,False
2505,國揚,TSE,COMMONSTOCK,2026-09-29T10:00:10+08:00,17.0,-0.87,476900.0,28.0,14,23.910448,875,FUGLE_MARKETDATA_V1,GOOD,False
1732,毛寶,TSE,COMMONSTOCK,2026-09-29T10:00:10+08:00,26.0,-0.38,494450.0,19.0,21,23.883085,876,FUGLE_MARKETDATA_V1,GOOD,False
6614,資拓宏宇,TSE,COMMONSTOCK,2026-09-29T10:00:10+08:00,35.15,-1.26,423400.0,12.0,36,23.609453,877,FUGLE_MARKETDATA_V1,GOOD,False
1236,宏亞,TSE,COMMONSTOCK,2026-09-29T10:00:10+08:00,25.5,0.39,25500.0,1.0,02,23.606965,878,FUGLE_MARKETDATA_V1,GOOD,False
1110,東泥,TSE,COMMONSTOCK,2026-09-29T10:00:10+08:00,14.75,0.0,400150.0,27.0,01,23.390547,879,FUGLE_MARKETDATA_V1,GOOD,False
4552,力達-KY,TSE,COMMONSTOCK,2026-09-29T10:00:10+08:00,15.5,-0.64,448600.0,29.0,05,23.368159,880,FUGLE_MARKETDATA_V1,GOOD,False
2516,新建,TSE,COMMONSTOCK,2026-09-29T10:00:10+08:00,15.35,-0.65,447200.0,29.0,14,23.335821,881,FUGLE_MARKETDATA_V1,GOOD,False
2477,美隆電,TSE,COMMONSTOCK,2026-09-29T10:00:10+08:00,23.0,-0.22,438350.0,19.0,31,23.325871,882,FUGLE_MARKETDATA_V1,GOOD,False
6281,全國電,TSE,COMMONSTOCK,2026-09-29T10:00:10+08:00,50.8,-0.39,458100.0,9.0,29,23.266169,883,FUGLE_MARKETDATA_V1,GOOD,False
3652,精聯,TSE,COMMONSTOCK,2026-09-29T10:00:10+08:00,34.0,-0.29,440100.0,13.0,25,23.216418,884,FUGLE_MARKETDATA_V1,GOOD,False
1217,愛之味,TSE,COMMONSTOCK,2026-09-29T10:00:10+08:00,9.93,-0.2,427070.0,43.0,02,23.196517,885,FUGLE_MARKETDATA_V1,GOOD,False
1726,永記,TSE,COMMONSTOCK,2026-09-29T10:00:10+08:00,76.4,0.13,229200.0,3.0,21,23.18408,886,FUGLE_MARKETDATA_V1,GOOD,False
1449,佳和,TSE,COMMONSTOCK,2026-09-29T10:00:10+08:00,12.4,-0.4,446250.0,36.0,04,23.10199,887,FUGLE_MARKETDATA_V1,GOOD,False
6625,必應,TSE,COMMONSTOCK,2026-09-29T10:00:10+08:00,74.0,0.0,369900.0,5.0,20,23.062189,888,FUGLE_MARKETDATA_V1,GOOD,False
2062,橋椿,TSE,COMMONSTOCK,2026-09-29T10:00:10+08:00,18.05,-0.28,432200.0,24.0,38,23.042289,889,FUGLE_MARKETDATA_V1,GOOD,False
1432,大魯閣,TSE,COMMONSTOCK,2026-09-29T10:00:10+08:00,15.0,-0.33,435400.0,29.0,37,23.007463,890,FUGLE_MARKETDATA_V1,GOOD,False
2423,固緯,TSE,COMMONSTOCK,2026-09-29T10:00:10+08:00,72.3,0.0,361500.0,5.0,31,22.952736,891,FUGLE_MARKETDATA_V1,GOOD,False
1417,嘉裕,TSE,COMMONSTOCK,2026-09-29T10:00:10+08:00,8.09,-0.12,404990.0,50.0,04,22.890547,892,FUGLE_MARKETDATA_V1,GOOD,False
1414,東和,TSE,COMMONSTOCK,2026-09-29T10:00:10+08:00,17.4,-0.29,416700.0,24.0,04,22.778607,893,FUGLE_MARKETDATA_V1,GOOD,False
9136,巨騰-DR,TSE,COMMONSTOCK,2026-09-29T10:00:10+08:00,9.19,0.0,350950.0,38.0,91,22.733831,894,FUGLE_MARKETDATA_V1,GOOD,False
5546,永固-KY,TSE,COMMONSTOCK,2026-09-29T10:00:10+08:00,14.2,-1.39,354750.0,25.0,14,22.577114,895,FUGLE_MARKETDATA_V1,GOOD,False
1339,昭輝,TSE,COMMONSTOCK,2026-09-29T10:00:10+08:00,42.4,0.0,339700.0,8.0,12,22.514925,896,FUGLE_MARKETDATA_V1,GOOD,False
2906,高林,TSE,COMMONSTOCK,2026-09-29T10:00:10+08:00,13.45,-0.37,403300.0,30.0,18,22.28607,897,FUGLE_MARKETDATA_V1,GOOD,False
7760,享溫馨,TSE,COMMONSTOCK,2026-09-29T10:00:10+08:00,33.0,0.0,329600.0,10.0,16,22.241294,898,FUGLE_MARKETDATA_V1,GOOD,False
1817,凱撒衛,TSE,COMMONSTOCK,2026-09-29T10:00:10+08:00,40.0,-0.37,400500.0,10.0,08,22.176617,899,FUGLE_MARKETDATA_V1,GOOD,False
1456,怡華,TSE,COMMONSTOCK,2026-09-29T10:00:10+08:00,14.65,-0.34,396700.0,27.0,14,22.131841,900,FUGLE_MARKETDATA_V1,GOOD,False
6918,愛派司,TSE,COMMONSTOCK,2026-09-29T10:00:10+08:00,74.0,-0.27,370100.0,5.0,22,22.10199,901,FUGLE_MARKETDATA_V1,GOOD,False
1805,寶徠,TSE,COMMONSTOCK,2026-09-29T10:00:10+08:00,10.1,0.0,324700.0,32.0,14,22.022388,902,FUGLE_MARKETDATA_V1,GOOD,False
2431,聯昌,TSE,COMMONSTOCK,2026-09-29T10:00:10+08:00,10.05,0.0,320500.0,32.0,28,21.967662,903,FUGLE_MARKETDATA_V1,GOOD,False
7705,三商餐飲,TSE,COMMONSTOCK,2026-09-29T10:00:10+08:00,29.75,-0.5,387200.0,13.0,16,21.942786,904,FUGLE_MARKETDATA_V1,GOOD,False
2430,燦坤,TSE,COMMONSTOCK,2026-09-29T10:00:10+08:00,18.0,-1.37,325200.0,18.0,29,21.818408,905,FUGLE_MARKETDATA_V1,GOOD,False
2015,豐興,TSE,COMMONSTOCK,2026-09-29T10:00:10+08:00,64.2,-0.47,385700.0,6.0,10,21.776119,906,FUGLE_MARKETDATA_V1,GOOD,False
6591,動力-KY,TSE,COMMONSTOCK,2026-09-29T10:00:10+08:00,44.2,0.0,308800.0,7.0,25,21.584577,907,FUGLE_MARKETDATA_V1,GOOD,False
1315,達新,TSE,COMMONSTOCK,2026-09-29T10:00:10+08:00,68.4,0.15,136600.0,2.0,03,21.532338,908,FUGLE_MARKETDATA_V1,GOOD,False
5907,大洋-KY,TSE,COMMONSTOCK,2026-09-29T10:00:10+08:00,4.83,0.0,305090.0,63.0,18,21.529851,909,FUGLE_MARKETDATA_V1,GOOD,False
8404,百和興業-KY,TSE,COMMONSTOCK,2026-09-29T10:00:10+08:00,13.5,-0.37,351950.0,26.0,20,21.5199,910,FUGLE_MARKETDATA_V1,GOOD,False
1219,福壽,TSE,COMMONSTOCK,2026-09-29T10:00:10+08:00,11.4,-0.44,343100.0,30.0,02,21.325871,911,FUGLE_MARKETDATA_V1,GOOD,False
8011,台通,TSE,COMMONSTOCK,2026-09-29T10:00:10+08:00,15.9,0.0,286300.0,18.0,27,21.256219,912,FUGLE_MARKETDATA_V1,GOOD,False
4737,華廣,TSE,COMMONSTOCK,2026-09-29T10:00:10+08:00,56.0,-0.53,338200.0,6.0,22,21.191542,913,FUGLE_MARKETDATA_V1,GOOD,False
3705,永信,TSE,COMMONSTOCK,2026-09-29T10:00:10+08:00,56.0,0.0,280000.0,5.0,22,21.174129,914,FUGLE_MARKETDATA_V1,GOOD,False
2438,翔耀,TSE,COMMONSTOCK,2026-09-29T10:00:10+08:00,19.2,-1.54,289750.0,15.0,26,21.049751,915,FUGLE_MARKETDATA_V1,GOOD,False
1540,喬福,TSE,COMMONSTOCK,2026-09-29T10:00:10+08:00,19.5,0.0,272850.0,14.0,05,20.982587,916,FUGLE_MARKETDATA_V1,GOOD,False
4994,傳奇,TSE,COMMONSTOCK,2026-09-29T10:00:10+08:00,82.2,-0.36,327400.0,4.0,30,20.977612,917,FUGLE_MARKETDATA_V1,GOOD,False
4155,訊映,TSE,COMMONSTOCK,2026-09-29T10:00:10+08:00,14.75,-0.67,324850.0,22.0,22,20.965174,918,FUGLE_MARKETDATA_V1,GOOD,False
1109,信大,TSE,COMMONSTOCK,2026-09-29T10:00:10+08:00,13.3,0.0,266000.0,20.0,01,20.927861,919,FUGLE_MARKETDATA_V1,GOOD,False
1473,台南,TSE,COMMONSTOCK,2026-09-29T10:00:10+08:00,19.55,0.26,39050.0,2.0,04,20.920398,920,FUGLE_MARKETDATA_V1,GOOD,False
1340,勝悅-KY,TSE,COMMONSTOCK,2026-09-29T10:00:10+08:00,5.22,0.19,78390.0,15.0,03,20.838308,921,FUGLE_MARKETDATA_V1,GOOD,False
2459,敦吉,TSE,COMMONSTOCK,2026-09-29T10:00:10+08:00,65.2,0.0,261000.0,4.0,31,20.818408,922,FUGLE_MARKETDATA_V1,GOOD,False
8442,威宏-KY,TSE,COMMONSTOCK,2026-09-29T10:00:10+08:00,44.4,-0.11,311400.0,7.0,20,20.810945,923,FUGLE_MARKETDATA_V1,GOOD,False
9944,新麗,TSE,COMMONSTOCK,2026-09-29T10:00:10+08:00,17.25,0.0,258750.0,15.0,20,20.599502,924,FUGLE_MARKETDATA_V1,GOOD,False
2380,虹光,TSE,COMMONSTOCK,2026-09-29T10:00:10+08:00,16.7,-0.6,318100.0,19.0,25,20.579602,925,FUGLE_MARKETDATA_V1,GOOD,False
2373,震旦行,TSE,COMMONSTOCK,2026-09-29T10:00:10+08:00,52.5,-0.57,315000.0,6.0,31,20.455224,926,FUGLE_MARKETDATA_V1,GOOD,False
6216,居易,TSE,COMMONSTOCK,2026-09-29T10:00:10+08:00,19.5,-0.26,292100.0,15.0,27,20.402985,927,FUGLE_MARKETDATA_V1,GOOD,False
2450,神腦,TSE,COMMONSTOCK,2026-09-29T10:00:10+08:00,28.25,0.0,253950.0,9.0,27,20.380597,928,FUGLE_MARKETDATA_V1,GOOD,False
9902,台火,TSE,COMMONSTOCK,2026-09-29T10:00:10+08:00,13.2,0.0,224500.0,17.0,20,19.942786,929,FUGLE_MARKETDATA_V1,GOOD,False
2945,三商家購,TSE,COMMONSTOCK,2026-09-29T10:00:10+08:00,39.6,-0.75,277200.0,7.0,18,19.865672,930,FUGLE_MARKETDATA_V1,GOOD,False
2908,特力,TSE,COMMONSTOCK,2026-09-29T10:00:10+08:00,21.95,-0.9,263900.0,12.0,18,19.858209,931,FUGLE_MARKETDATA_V1,GOOD,False
1321,大洋,TSE,COMMONSTOCK,2026-09-29T10:00:10+08:00,32.4,-0.15,259200.0,8.0,03,19.751244,932,FUGLE_MARKETDATA_V1,GOOD,False
4106,雃博,TSE,COMMONSTOCK,2026-09-29T10:00:10+08:00,24.2,0.0,217500.0,9.0,22,19.559701,933,FUGLE_MARKETDATA_V1,GOOD,False
9937,全國,TSE,COMMONSTOCK,2026-09-29T10:00:10+08:00,54.2,0.0,216800.0,4.0,23,19.504975,934,FUGLE_MARKETDATA_V1,GOOD,False
2440,太空梭,TSE,COMMONSTOCK,2026-09-29T10:00:10+08:00,14.3,-0.35,256850.0,18.0,28,19.340796,935,FUGLE_MARKETDATA_V1,GOOD,False
6573,虹揚-KY,TSE,COMMONSTOCK,2026-09-29T10:00:10+08:00,15.85,-0.31,254200.0,16.0,24,19.28607,936,FUGLE_MARKETDATA_V1,GOOD,False
4999,鑫禾,TSE,COMMONSTOCK,2026-09-29T10:00:10+08:00,17.9,-0.28,250950.0,14.0,28,19.266169,937,FUGLE_MARKETDATA_V1,GOOD,False
4935,茂林-KY,TSE,COMMONSTOCK,2026-09-29T10:00:10+08:00,32.9,-0.15,230050.0,7.0,26,19.149254,938,FUGLE_MARKETDATA_V1,GOOD,False
6582,申豐,TSE,COMMONSTOCK,2026-09-29T10:00:10+08:00,30.8,-0.65,247350.0,8.0,11,19.121891,939,FUGLE_MARKETDATA_V1,GOOD,False
1539,巨庭,TSE,COMMONSTOCK,2026-09-29T10:00:10+08:00,15.45,-0.32,247250.0,16.0,05,19.074627,940,FUGLE_MARKETDATA_V1,GOOD,False
3686,達能,TSE,COMMONSTOCK,2026-09-29T10:00:10+08:00,14.8,0.0,190650.0,13.0,24,19.012438,941,FUGLE_MARKETDATA_V1,GOOD,False
1468,昶和,TSE,COMMONSTOCK,2026-09-29T10:00:10+08:00,13.1,-0.76,234050.0,18.0,04,18.927861,942,FUGLE_MARKETDATA_V1,GOOD,False
6183,關貿,TSE,COMMONSTOCK,2026-09-29T10:00:10+08:00,91.3,0.0,182600.0,2.0,30,18.902985,943,FUGLE_MARKETDATA_V1,GOOD,False
4414,如興,TSE,COMMONSTOCK,2026-09-29T10:00:10+08:00,8.19,-0.24,221420.0,27.0,04,18.830846,944,FUGLE_MARKETDATA_V1,GOOD,False
2911,麗嬰房,TSE,COMMONSTOCK,2026-09-29T10:00:10+08:00,6.1,0.0,176910.0,29.0,18,18.793532,945,FUGLE_MARKETDATA_V1,GOOD,False
1225,福懋油,TSE,COMMONSTOCK,2026-09-29T10:00:10+08:00,24.45,0.0,171150.0,7.0,02,18.738806,946,FUGLE_MARKETDATA_V1,GOOD,False
7791,皇家可口,TSE,COMMONSTOCK,2026-09-29T10:00:10+08:00,55.3,-0.9,220500.0,4.0,02,18.708955,947,FUGLE_MARKETDATA_V1,GOOD,False
3679,新至陞,TSE,COMMONSTOCK,2026-09-29T10:00:10+08:00,108.0,-0.92,216500.0,2.0,28,18.450249,948,FUGLE_MARKETDATA_V1,GOOD,False
1452,宏益,TSE,COMMONSTOCK,2026-09-29T10:00:10+08:00,10.7,-0.93,214400.0,20.0,04,18.410448,949,FUGLE_MARKETDATA_V1,GOOD,False
9924,福興,TSE,COMMONSTOCK,2026-09-29T10:00:10+08:00,37.85,0.13,37850.0,1.0,38,18.258706,950,FUGLE_MARKETDATA_V1,GOOD,False
1733,五鼎,TSE,COMMONSTOCK,2026-09-29T10:00:10+08:00,30.1,-0.66,209850.0,7.0,22,18.21393,951,FUGLE_MARKETDATA_V1,GOOD,False
1525,江申,TSE,COMMONSTOCK,2026-09-29T10:00:10+08:00,63.8,-0.93,191500.0,3.0,12,18.08209,952,FUGLE_MARKETDATA_V1,GOOD,False
5531,鄉林,TSE,COMMONSTOCK,2026-09-29T10:00:10+08:00,6.95,-0.43,209100.0,30.0,14,17.995025,953,FUGLE_MARKETDATA_V1,GOOD,False
1475,業旺,TSE,COMMONSTOCK,2026-09-29T10:00:10+08:00,26.2,-0.57,207550.0,8.0,04,17.937811,954,FUGLE_MARKETDATA_V1,GOOD,False
2227,裕日車,TSE,COMMONSTOCK,2026-09-29T10:00:10+08:00,45.0,0.0,135000.0,3.0,12,17.863184,955,FUGLE_MARKETDATA_V1,GOOD,False
6431,光麗-KY,TSE,COMMONSTOCK,2026-09-29T10:00:10+08:00,17.15,0.0,120200.0,7.0,22,17.699005,956,FUGLE_MARKETDATA_V1,GOOD,False
3494,誠研,TSE,COMMONSTOCK,2026-09-29T10:00:10+08:00,7.11,0.0,118760.0,17.0,25,17.589552,957,FUGLE_MARKETDATA_V1,GOOD,False
4438,廣越,TSE,COMMONSTOCK,2026-09-29T10:00:10+08:00,56.8,-0.35,170900.0,3.0,04,17.534826,958,FUGLE_MARKETDATA_V1,GOOD,False
3321,同泰,TSE,COMMONSTOCK,2026-09-29T10:00:10+08:00,18.05,-0.82,163300.0,9.0,28,17.517413,959,FUGLE_MARKETDATA_V1,GOOD,False
2748,雲品,TSE,COMMONSTOCK,2026-09-29T10:00:10+08:00,38.8,0.0,116400.0,3.0,16,17.4801,960,FUGLE_MARKETDATA_V1,GOOD,False
8481,政伸,TSE,COMMONSTOCK,2026-09-29T10:00:10+08:00,40.65,-0.73,162800.0,4.0,20,17.400498,961,FUGLE_MARKETDATA_V1,GOOD,False
1337,再生-KY,TSE,COMMONSTOCK,2026-09-29T10:00:10+08:00,4.44,-0.22,151130.0,34.0,03,17.360697,962,FUGLE_MARKETDATA_V1,GOOD,False
4440,宜新實業,TSE,COMMONSTOCK,2026-09-29T10:00:10+08:00,17.45,0.0,104700.0,6.0,04,17.31592,963,FUGLE_MARKETDATA_V1,GOOD,False
4943,康控-KY,TSE,COMMONSTOCK,2026-09-29T10:00:10+08:00,7.11,0.14,7110.0,1.0,28,17.29602,964,FUGLE_MARKETDATA_V1,GOOD,False
1535,中宇,TSE,COMMONSTOCK,2026-09-29T10:00:10+08:00,45.1,-1.1,135450.0,3.0,05,17.283582,965,FUGLE_MARKETDATA_V1,GOOD,False
9931,欣高,TSE,COMMONSTOCK,2026-09-29T10:00:10+08:00,33.8,0.0,101400.0,3.0,23,17.261194,966,FUGLE_MARKETDATA_V1,GOOD,False
1441,大東,TSE,COMMONSTOCK,2026-09-29T10:00:10+08:00,9.62,-5.22,76820.0,8.0,04,17.179104,967,FUGLE_MARKETDATA_V1,GOOD,False
1413,宏洲,TSE,COMMONSTOCK,2026-09-29T10:00:10+08:00,9.19,0.0,101090.0,11.0,04,17.151741,968,FUGLE_MARKETDATA_V1,GOOD,False
1531,高林股,TSE,COMMONSTOCK,2026-09-29T10:00:10+08:00,11.6,-0.43,151150.0,13.0,05,17.064677,969,FUGLE_MARKETDATA_V1,GOOD,False
1233,天仁,TSE,COMMONSTOCK,2026-09-29T10:00:10+08:00,28.0,-0.36,140200.0,5.0,02,16.818408,970,FUGLE_MARKETDATA_V1,GOOD,False
5525,順天,TSE,COMMONSTOCK,2026-09-29T10:00:10+08:00,22.0,0.0,88000.0,4.0,14,16.768657,971,FUGLE_MARKETDATA_V1,GOOD,False
2616,山隆,TSE,COMMONSTOCK,2026-09-29T10:00:10+08:00,13.2,0.0,79250.0,6.0,23,16.604478,972,FUGLE_MARKETDATA_V1,GOOD,False
1423,利華,TSE,COMMONSTOCK,2026-09-29T10:00:10+08:00,34.55,0.0,69100.0,2.0,04,16.11194,973,FUGLE_MARKETDATA_V1,GOOD,False
1806,冠軍,TSE,COMMONSTOCK,2026-09-29T10:00:10+08:00,7.95,-0.38,111690.0,14.0,08,16.057214,974,FUGLE_MARKETDATA_V1,GOOD,False
7732,金興精密,TSE,COMMONSTOCK,2026-09-29T10:00:10+08:00,33.5,0.0,67000.0,2.0,12,16.002488,975,FUGLE_MARKETDATA_V1,GOOD,False
3432,台端,TSE,COMMONSTOCK,2026-09-29T10:00:10+08:00,14.6,0.0,58400.0,4.0,28,15.893035,976,FUGLE_MARKETDATA_V1,GOOD,False
2239,英利-KY,TSE,COMMONSTOCK,2026-09-29T10:00:10+08:00,18.95,0.0,57000.0,3.0,12,15.838308,977,FUGLE_MARKETDATA_V1,GOOD,False
1213,大飲,TSE,COMMONSTOCK,2026-09-29T10:00:10+08:00,7.11,0.0,56950.0,8.0,02,15.783582,978,FUGLE_MARKETDATA_V1,GOOD,False
1435,中福,TSE,COMMONSTOCK,2026-09-29T10:00:10+08:00,21.55,-3.15,43850.0,2.0,20,15.771144,979,FUGLE_MARKETDATA_V1,GOOD,False
2642,宅配通,TSE,COMMONSTOCK,2026-09-29T10:00:10+08:00,20.35,-0.25,81400.0,4.0,15,15.766169,980,FUGLE_MARKETDATA_V1,GOOD,False
1454,台富,TSE,COMMONSTOCK,2026-09-29T10:00:10+08:00,12.25,-0.41,98000.0,8.0,04,15.674129,981,FUGLE_MARKETDATA_V1,GOOD,False
4930,燦星網,TSE,COMMONSTOCK,2026-09-29T10:00:10+08:00,15.9,-0.93,79550.0,5.0,06,15.674129,982,FUGLE_MARKETDATA_V1,GOOD,False
1730,花仙子,TSE,COMMONSTOCK,2026-09-29T10:00:10+08:00,51.2,0.0,51200.0,1.0,21,15.619403,983,FUGLE_MARKETDATA_V1,GOOD,False
6722,輝創,TSE,COMMONSTOCK,2026-09-29T10:00:10+08:00,32.3,-0.46,97100.0,3.0,31,15.567164,984,FUGLE_MARKETDATA_V1,GOOD,False
1583,程泰,TSE,COMMONSTOCK,2026-09-29T10:00:10+08:00,46.95,0.0,46950.0,1.0,05,15.564677,985,FUGLE_MARKETDATA_V1,GOOD,False
8940,新天地,TSE,COMMONSTOCK,2026-09-29T10:00:10+08:00,15.0,0.0,45100.0,3.0,16,15.455224,986,FUGLE_MARKETDATA_V1,GOOD,False
6754,匯僑設計,TSE,COMMONSTOCK,2026-09-29T10:00:10+08:00,41.5,0.0,41500.0,1.0,38,15.291045,987,FUGLE_MARKETDATA_V1,GOOD,False
2424,隴華,TSE,COMMONSTOCK,2026-09-29T10:00:10+08:00,8.2,0.0,40030.0,5.0,27,15.236318,988,FUGLE_MARKETDATA_V1,GOOD,False
6958,日盛台駿,TSE,COMMONSTOCK,2026-09-29T10:00:10+08:00,17.3,0.0,34750.0,2.0,20,14.962687,989,FUGLE_MARKETDATA_V1,GOOD,False
3669,圓展,TSE,COMMONSTOCK,2026-09-29T10:00:10+08:00,32.25,0.0,32250.0,1.0,27,14.90796,990,FUGLE_MARKETDATA_V1,GOOD,False
1451,年興,TSE,COMMONSTOCK,2026-09-29T10:00:10+08:00,17.0,-0.58,68150.0,4.0,04,14.79602,991,FUGLE_MARKETDATA_V1,GOOD,False
3266,昇陽,TSE,COMMONSTOCK,2026-09-29T10:00:10+08:00,14.0,0.0,28000.0,2.0,14,14.743781,992,FUGLE_MARKETDATA_V1,GOOD,False
2712,遠雄來,TSE,COMMONSTOCK,2026-09-29T10:00:10+08:00,13.35,0.0,26750.0,2.0,16,14.689055,993,FUGLE_MARKETDATA_V1,GOOD,False
1443,立益物流,TSE,COMMONSTOCK,2026-09-29T10:00:10+08:00,23.05,0.0,23050.0,1.0,20,14.470149,994,FUGLE_MARKETDATA_V1,GOOD,False
8101,華冠,TSE,COMMONSTOCK,2026-09-29T10:00:10+08:00,10.95,0.0,21900.0,2.0,27,14.360697,995,FUGLE_MARKETDATA_V1,GOOD,False
9912,偉聯,TSE,COMMONSTOCK,2026-09-29T10:00:10+08:00,12.85,-0.39,51250.0,4.0,25,14.345771,996,FUGLE_MARKETDATA_V1,GOOD,False
1338,廣華-KY,TSE,COMMONSTOCK,2026-09-29T10:00:10+08:00,14.7,-0.34,44100.0,3.0,12,14.251244,997,FUGLE_MARKETDATA_V1,GOOD,False
2701,萬企,TSE,COMMONSTOCK,2026-09-29T10:00:10+08:00,10.25,0.0,20500.0,2.0,16,14.251244,998,FUGLE_MARKETDATA_V1,GOOD,False
2024,志聯,TSE,COMMONSTOCK,2026-09-29T10:00:10+08:00,12.9,0.0,12900.0,1.0,10,14.032338,999,FUGLE_MARKETDATA_V1,GOOD,False
4426,利勤,TSE,COMMONSTOCK,2026-09-29T10:00:10+08:00,7.68,-1.03,30760.0,4.0,04,13.985075,1000,FUGLE_MARKETDATA_V1,GOOD,False
6128,上福,TSE,COMMONSTOCK,2026-09-29T10:00:10+08:00,19.1,-0.78,38200.0,2.0,25,13.955224,1001,FUGLE_MARKETDATA_V1,GOOD,False
1512,瑞利,TSE,COMMONSTOCK,2026-09-29T10:00:10+08:00,6.18,0.0,6180.0,1.0,12,13.868159,1002,FUGLE_MARKETDATA_V1,GOOD,False
4148,全宇生技-KY,TSE,COMMONSTOCK,2026-09-29T10:00:10+08:00,32.1,-0.93,32100.0,1.0,22,13.868159,1003,FUGLE_MARKETDATA_V1,GOOD,False
3018,隆銘綠能,TSE,COMMONSTOCK,2026-09-29T10:00:10+08:00,11.8,-1.67,11800.0,1.0,31,13.820896,1004,FUGLE_MARKETDATA_V1,GOOD,False
1735,日勝化,TSE,COMMONSTOCK,2026-09-29T10:00:10+08:00,20.25,-0.25,20250.0,1.0,21,13.248756,1005,FUGLE_MARKETDATA_V1,GOOD,False
1463,強盛新,TSE,COMMONSTOCK,2026-09-29T10:00:10+08:00,17.6,-0.85,17600.0,1.0,04,13.004975,1006,FUGLE_MARKETDATA_V1,GOOD,False
